repeat,borrowers,sessions,lease,wait_ns
0,1,1,0,10859
0,1,1,1,4383
0,1,1,2,2522
0,1,1,3,31981
0,1,1,4,1689
0,1,1,5,1240
0,1,1,6,1036
0,1,1,7,1043
0,1,1,8,978
0,1,1,9,890
0,1,1,10,863
0,1,1,11,1008
0,1,1,12,1540
0,1,1,13,993
0,1,1,14,1583
0,1,1,15,1253
0,1,1,16,1100
0,1,1,17,874
0,1,1,18,867
0,1,1,19,1247
0,1,1,20,952
0,1,1,21,942
0,1,1,22,1055
0,1,1,23,1009
0,1,1,24,881
0,1,1,25,922
0,1,1,26,1368
0,1,1,27,1665
0,1,1,28,1010
0,1,1,29,902
0,1,1,30,1609
0,1,1,31,1216
0,1,1,32,909
0,1,1,33,941
0,1,1,34,1512
0,1,1,35,1095
0,1,1,36,967
0,1,1,37,907
0,1,1,38,1499
0,1,1,39,1023
0,1,1,40,1048
0,1,1,41,1009
0,1,1,42,1459
0,1,1,43,1231
0,1,1,44,948
0,1,1,45,849
0,1,1,46,974
0,1,1,47,889
0,1,1,48,1552
0,1,1,49,985
0,1,1,50,893
0,1,1,51,917
0,1,1,52,922
0,1,1,53,1133
0,1,1,54,1008
0,1,1,55,1463
0,1,1,56,1127
0,1,1,57,1264
0,1,1,58,1010
0,1,1,59,920
0,1,1,60,1036
0,1,1,61,983
0,1,1,62,881
0,1,1,63,1115
0,1,1,64,1317
0,1,1,65,1217
0,1,1,66,1008
0,1,1,67,984
0,1,1,68,1012
0,1,1,69,909
0,1,1,70,1054
0,1,1,71,917
0,1,1,72,1355
0,1,1,73,981
0,1,1,74,1568
0,1,1,75,1071
0,1,1,76,1051
0,1,1,77,933
0,1,1,78,2115
0,1,1,79,1087
0,1,1,80,1180
0,1,1,81,947
0,1,1,82,918
0,1,1,83,889
0,1,1,84,899
0,1,1,85,1695
0,1,1,86,1355
0,1,1,87,937
0,1,1,88,882
0,1,1,89,979
0,1,1,90,932
0,1,1,91,891
0,1,1,92,906
0,1,1,93,960
0,1,1,94,1403
0,1,1,95,1066
0,1,1,96,996
0,1,1,97,920
0,1,1,98,1044
0,1,1,99,920
0,1,1,100,936
0,1,1,101,945
0,1,1,102,1479
0,1,1,103,1063
0,1,1,104,1562
0,1,1,105,1077
0,1,1,106,1096
0,1,1,107,1020
0,1,1,108,954
0,1,1,109,874
0,1,1,110,1437
0,1,1,111,1004
0,1,1,112,1144
0,1,1,113,1174
0,1,1,114,925
0,1,1,115,917
0,1,1,116,1254
0,1,1,117,2136
0,1,1,118,1101
0,1,1,119,1013
0,1,1,120,1200
0,1,1,121,916
0,1,1,122,962
0,1,1,123,926
0,1,1,124,1275
0,1,1,125,1045
0,1,1,126,948
0,1,1,127,1022
0,1,1,128,931
0,1,1,129,1623
0,1,1,130,1049
0,1,1,131,1536
0,1,1,132,2155
0,1,1,133,1120
0,1,1,134,1035
0,1,1,135,950
0,1,1,136,937
0,1,1,137,1008
0,1,1,138,1491
0,1,1,139,1055
0,1,1,140,958
0,1,1,141,995
0,1,1,142,1188
0,1,1,143,881
0,1,1,144,931
0,1,1,145,933
0,1,1,146,1321
0,1,1,147,988
0,1,1,148,1236
0,1,1,149,955
0,1,1,150,970
0,1,1,151,975
0,1,1,152,965
0,1,1,153,897
0,1,1,154,1352
0,1,1,155,1223
0,1,1,156,954
0,1,1,157,1057
0,1,1,158,950
0,1,1,159,1091
0,1,1,160,1171
0,1,1,161,946
0,1,1,162,1181
0,1,1,163,941
0,1,1,164,1359
0,1,1,165,1007
0,1,1,166,1009
0,1,1,167,1054
0,1,1,168,977
0,1,1,169,1494
0,1,1,170,1093
0,1,1,171,875
0,1,1,172,924
0,1,1,173,894
0,1,1,174,1306
0,1,1,175,965
0,1,1,176,897
0,1,1,177,1354
0,1,1,178,1003
0,1,1,179,1007
0,1,1,180,891
0,1,1,181,905
0,1,1,182,2583
0,1,1,183,1475
0,1,1,184,1672
0,1,1,185,960
0,1,1,186,1107
0,1,1,187,887
0,1,1,188,1555
0,1,1,189,1000
0,1,1,190,1426
0,1,1,191,2031
0,1,1,192,1706
0,1,1,193,1088
0,1,1,194,980
0,1,1,195,1105
0,1,1,196,1097
0,1,1,197,986
0,1,1,198,949
0,1,1,199,991
0,1,1,200,1359
0,1,1,201,1184
0,1,1,202,984
0,1,1,203,933
0,1,1,204,943
0,1,1,205,828
0,1,1,206,888
0,1,1,207,905
0,1,1,208,897
0,1,1,209,2068
0,1,1,210,1275
0,1,1,211,1206
0,1,1,212,1033
0,1,1,213,928
0,1,1,214,925
0,1,1,215,903
0,1,1,216,1198
0,1,1,217,1060
0,1,1,218,918
0,1,1,219,881
0,1,1,220,903
0,1,1,221,962
0,1,1,222,905
0,1,1,223,1643
0,1,1,224,1093
0,1,1,225,920
0,1,1,226,1183
0,1,1,227,943
0,1,1,228,951
0,1,1,229,1633
0,1,1,230,1066
0,1,1,231,1754
0,1,1,232,1174
0,1,1,233,940
0,1,1,234,930
0,1,1,235,1554
0,1,1,236,1002
0,1,1,237,1493
0,1,1,238,935
0,1,1,239,933
0,1,1,240,831
0,1,1,241,1979
0,1,1,242,1639
0,1,1,243,1252
0,1,1,244,1345
0,1,1,245,899
0,1,1,246,877
0,1,1,247,1470
0,1,1,248,1133
0,1,1,249,893
0,4,2,0,8246
0,4,2,1,9788
0,4,2,2,4448
0,4,2,3,2228
0,4,2,4,1801
0,4,2,5,1994
0,4,2,6,2027
0,4,2,7,1756
0,4,2,8,5736
0,4,2,9,2883
0,4,2,10,2907
0,4,2,11,2374
0,4,2,12,2988
0,4,2,13,1943
0,4,2,14,2691
0,4,2,15,1639
0,4,2,16,2384
0,4,2,17,1581
0,4,2,18,2180
0,4,2,19,1934
0,4,2,20,2515
0,4,2,21,1754
0,4,2,22,2310
0,4,2,23,1545
0,4,2,24,2176
0,4,2,25,1858
0,4,2,26,4585
0,4,2,27,1945
0,4,2,28,2800
0,4,2,29,2117
0,4,2,30,2610
0,4,2,31,2188
0,4,2,32,2906
0,4,2,33,2502
0,4,2,34,3034
0,4,2,35,2229
0,4,2,36,3075
0,4,2,37,2214
0,4,2,38,2430
0,4,2,39,1607
0,4,2,40,2592
0,4,2,41,1742
0,4,2,42,2378
0,4,2,43,1640
0,4,2,44,2267
0,4,2,45,1523
0,4,2,46,2300
0,4,2,47,1823
0,4,2,48,3035
0,4,2,49,2462
0,4,2,50,2552
0,4,2,51,2110
0,4,2,52,2439
0,4,2,53,1896
0,4,2,54,2372
0,4,2,55,1664
0,4,2,56,2234
0,4,2,57,1584
0,4,2,58,4536
0,4,2,59,2240
0,4,2,60,3579
0,4,2,61,2642
0,4,2,62,3225
0,4,2,63,3018
0,4,2,64,3160
0,4,2,65,1711
0,4,2,66,2386
0,4,2,67,1751
0,4,2,68,2306
0,4,2,69,1539
0,4,2,70,2182
0,4,2,71,1523
0,4,2,72,2070
0,4,2,73,2533
0,4,2,74,3216
0,4,2,75,2038
0,4,2,76,4493
0,4,2,77,2542
0,4,2,78,3343
0,4,2,79,2488
0,4,2,80,3033
0,4,2,81,2759
0,4,2,82,1741
0,4,2,83,3363
0,4,2,84,2855
0,4,2,85,3157
0,4,2,86,2408
0,4,2,87,3372
0,4,2,88,2722
0,4,2,89,3050
0,4,2,90,2475
0,4,2,91,1764
0,4,2,92,3135
0,4,2,93,2351
0,4,2,94,3052
0,4,2,95,2720
0,4,2,96,2928
0,4,2,97,2206
0,4,2,98,2958
0,4,2,99,3080
0,4,2,100,2911
0,4,2,101,2287
0,4,2,102,2876
0,4,2,103,2252
0,4,2,104,2788
0,4,2,105,3542
0,4,2,106,4850
0,4,2,107,3537
0,4,2,108,2864
0,4,2,109,2141
0,4,2,110,3077
0,4,2,111,2868
0,4,2,112,3396
0,4,2,113,2466
0,4,2,114,3094
0,4,2,115,3050
0,4,2,116,2966
0,4,2,117,2871
0,4,2,118,2646
0,4,2,119,3334
0,4,2,120,2477
0,4,2,121,1671
0,4,2,122,3182
0,4,2,123,2256
0,4,2,124,2801
0,4,2,125,2320
0,4,2,126,1681
0,4,2,127,3295
0,4,2,128,2533
0,4,2,129,3108
0,4,2,130,2588
0,4,2,131,3257
0,4,2,132,2662
0,4,2,133,3064
0,4,2,134,2454
0,4,2,135,1858
0,4,2,136,3289
0,4,2,137,2487
0,4,2,138,3064
0,4,2,139,2228
0,4,2,140,2566
0,4,2,141,2946
0,4,2,142,2475
0,4,2,143,2864
0,4,2,144,2276
0,4,2,145,3340
0,4,2,146,2334
0,4,2,147,3020
0,4,2,148,2436
0,4,2,149,2928
0,4,2,150,2419
0,4,2,151,2992
0,4,2,152,2309
0,4,2,153,1821
0,4,2,154,1714
0,4,2,155,4262
0,4,2,156,2273
0,4,2,157,1702
0,4,2,158,3206
0,4,2,159,2554
0,4,2,160,1710
0,4,2,161,1404
0,4,2,162,1610
0,4,2,163,3886
0,4,2,164,2252
0,4,2,165,3568
0,4,2,166,2264
0,4,2,167,3243
0,4,2,168,3140
0,4,2,169,2387
0,4,2,170,2635
0,4,2,171,2551
0,4,2,172,3083
0,4,2,173,3903
0,4,2,174,2661
0,4,2,175,1808
0,4,2,176,3457
0,4,2,177,2270
0,4,2,178,1737
0,4,2,179,2800
0,4,2,180,2066
0,4,2,181,2396
0,4,2,182,2501
0,4,2,183,2671
0,4,2,184,2336
0,4,2,185,16370
0,4,2,186,2200
0,4,2,187,1567
0,4,2,188,3247
0,4,2,189,2352
0,4,2,190,3035
0,4,2,191,2281
0,4,2,192,3089
0,4,2,193,2393
0,4,2,194,3113
0,4,2,195,2155
0,4,2,196,3049
0,4,2,197,2395
0,4,2,198,2890
0,4,2,199,2192
0,4,2,200,3085
0,4,2,201,3533
0,4,2,202,3111
0,4,2,203,2324
0,4,2,204,2915
0,4,2,205,2412
0,4,2,206,3220
0,4,2,207,2485
0,4,2,208,2944
0,4,2,209,2098
0,4,2,210,2722
0,4,2,211,2281
0,4,2,212,1557
0,4,2,213,3036
0,4,2,214,2421
0,4,2,215,3004
0,4,2,216,2289
0,4,2,217,1676
0,4,2,218,3087
0,4,2,219,2378
0,4,2,220,3043
0,4,2,221,2278
0,4,2,222,2780
0,4,2,223,2419
0,4,2,224,2993
0,4,2,225,1936
0,4,2,226,3163
0,4,2,227,2135
0,4,2,228,1803
0,4,2,229,3125
0,4,2,230,2348
0,4,2,231,2125
0,4,2,232,2374
0,4,2,233,1646
0,4,2,234,2988
0,4,2,235,2460
0,4,2,236,2671
0,4,2,237,2307
0,4,2,238,1734
0,4,2,239,3210
0,4,2,240,2313
0,4,2,241,2869
0,4,2,242,2210
0,4,2,243,2997
0,4,2,244,2360
0,4,2,245,3210
0,4,2,246,2341
0,4,2,247,2948
0,4,2,248,2486
0,4,2,249,3088
0,4,2,250,2550
0,4,2,251,2842
0,4,2,252,2357
0,4,2,253,2836
0,4,2,254,2299
0,4,2,255,2989
0,4,2,256,2638
0,4,2,257,3175
0,4,2,258,2458
0,4,2,259,1878
0,4,2,260,3040
0,4,2,261,2221
0,4,2,262,1608
0,4,2,263,2644
0,4,2,264,2238
0,4,2,265,2738
0,4,2,266,2220
0,4,2,267,2779
0,4,2,268,2423
0,4,2,269,3107
0,4,2,270,2358
0,4,2,271,2821
0,4,2,272,2160
0,4,2,273,2707
0,4,2,274,2027
0,4,2,275,2717
0,4,2,276,3277
0,4,2,277,2770
0,4,2,278,2790
0,4,2,279,1839
0,4,2,280,3999
0,4,2,281,2832
0,4,2,282,1820
0,4,2,283,4881
0,4,2,284,2894
0,4,2,285,1694
0,4,2,286,3579
0,4,2,287,2377
0,4,2,288,3892
0,4,2,289,2447
0,4,2,290,1756
0,4,2,291,3474
0,4,2,292,2502
0,4,2,293,3158
0,4,2,294,2355
0,4,2,295,3315
0,4,2,296,2978
0,4,2,297,4762
0,4,2,298,2238
0,4,2,299,3099
0,4,2,300,2468
0,4,2,301,1785
0,4,2,302,3322
0,4,2,303,2165
0,4,2,304,3837
0,4,2,305,2415
0,4,2,306,3404
0,4,2,307,2324
0,4,2,308,3297
0,4,2,309,2344
0,4,2,310,3293
0,4,2,311,2015
0,4,2,312,1539
0,4,2,313,3126
0,4,2,314,3859
0,4,2,315,2239
0,4,2,316,5321
0,4,2,317,2433
0,4,2,318,3516
0,4,2,319,2637
0,4,2,320,2028
0,4,2,321,4103
0,4,2,322,2351
0,4,2,323,4135
0,4,2,324,2462
0,4,2,325,3516
0,4,2,326,2276
0,4,2,327,3473
0,4,2,328,2393
0,4,2,329,3161
0,4,2,330,2475
0,4,2,331,3264
0,4,2,332,2442
0,4,2,333,3133
0,4,2,334,2260
0,4,2,335,2600
0,4,2,336,3368
0,4,2,337,2939
0,4,2,338,2656
0,4,2,339,2869
0,4,2,340,3110
0,4,2,341,2854
0,4,2,342,3003
0,4,2,343,2270
0,4,2,344,2057
0,4,2,345,2111
0,4,2,346,2127
0,4,2,347,2278
0,4,2,348,2005
0,4,2,349,2239
0,4,2,350,1553
0,4,2,351,2435
0,4,2,352,2251
0,4,2,353,2591
0,4,2,354,3299
0,4,2,355,2849
0,4,2,356,2633
0,4,2,357,3158
0,4,2,358,2675
0,4,2,359,3103
0,4,2,360,2538
0,4,2,361,3018
0,4,2,362,2352
0,4,2,363,2668
0,4,2,364,1905
0,4,2,365,2345
0,4,2,366,2077
0,4,2,367,2760
0,4,2,368,1674
0,4,2,369,2362
0,4,2,370,1530
0,4,2,371,2153
0,4,2,372,1487
0,4,2,373,2260
0,4,2,374,1567
0,4,2,375,2467
0,4,2,376,1743
0,4,2,377,3994
0,4,2,378,2526
0,4,2,379,2747
0,4,2,380,2312
0,4,2,381,2453
0,4,2,382,2275
0,4,2,383,2733
0,4,2,384,1619
0,4,2,385,2111
0,4,2,386,1497
0,4,2,387,3294
0,4,2,388,2724
0,4,2,389,2581
0,4,2,390,2136
0,4,2,391,2705
0,4,2,392,2689
0,4,2,393,2439
0,4,2,394,2881
0,4,2,395,2125
0,4,2,396,1414
0,4,2,397,3563
0,4,2,398,2670
0,4,2,399,2488
0,4,2,400,2587
0,4,2,401,2502
0,4,2,402,2774
0,4,2,403,2351
0,4,2,404,2586
0,4,2,405,2295
0,4,2,406,2902
0,4,2,407,2708
0,4,2,408,2401
0,4,2,409,2960
0,4,2,410,2340
0,4,2,411,2839
0,4,2,412,2896
0,4,2,413,2848
0,4,2,414,2678
0,4,2,415,2971
0,4,2,416,2951
0,4,2,417,2851
0,4,2,418,2395
0,4,2,419,2877
0,4,2,420,2372
0,4,2,421,1884
0,4,2,422,3255
0,4,2,423,2552
0,4,2,424,1576
0,4,2,425,4132
0,4,2,426,2861
0,4,2,427,3074
0,4,2,428,2772
0,4,2,429,2644
0,4,2,430,2836
0,4,2,431,2641
0,4,2,432,1843
0,4,2,433,2490
0,4,2,434,3097
0,4,2,435,26099
0,4,2,436,3240
0,4,2,437,3087
0,4,2,438,1949
0,4,2,439,4054
0,4,2,440,2339
0,4,2,441,3083
0,4,2,442,2354
0,4,2,443,1628
0,4,2,444,2752
0,4,2,445,2261
0,4,2,446,3159
0,4,2,447,2902
0,4,2,448,3288
0,4,2,449,2777
0,4,2,450,1863
0,4,2,451,3402
0,4,2,452,2374
0,4,2,453,55555213
0,4,2,454,2286
0,4,2,455,3319
0,4,2,456,2680
0,4,2,457,2699
0,4,2,458,2428
0,4,2,459,2889
0,4,2,460,2491
0,4,2,461,1823
0,4,2,462,2911
0,4,2,463,2235
0,4,2,464,2640
0,4,2,465,2492
0,4,2,466,2323
0,4,2,467,25449
0,4,2,468,2549
0,4,2,469,2420
0,4,2,470,2309
0,4,2,471,2391
0,4,2,472,2367
0,4,2,473,1767
0,4,2,474,1716
0,4,2,475,1750
0,4,2,476,1710
0,4,2,477,4171
0,4,2,478,2697
0,4,2,479,3197
0,4,2,480,2262
0,4,2,481,2710
0,4,2,482,2460
0,4,2,483,2398
0,4,2,484,2397
0,4,2,485,2365
0,4,2,486,2335
0,4,2,487,2550
0,4,2,488,2460
0,4,2,489,1763
0,4,2,490,1728
0,4,2,491,1532
0,4,2,492,4293
0,4,2,493,2391
0,4,2,494,1110
0,4,2,495,1863
0,4,2,496,1874
0,4,2,497,1910
0,4,2,498,3393
0,4,2,499,2453
0,4,2,500,4018
0,4,2,501,4909
0,4,2,502,2877
0,4,2,503,2978
0,4,2,504,2195
0,4,2,505,2044
0,4,2,506,1741
0,4,2,507,1740
0,4,2,508,5203
0,4,2,509,3725
0,4,2,510,2556
0,4,2,511,2864
0,4,2,512,2254
0,4,2,513,2660
0,4,2,514,2437
0,4,2,515,1977
0,4,2,516,2125
0,4,2,517,3378
0,4,2,518,2311
0,4,2,519,2395
0,4,2,520,2385
0,4,2,521,2631
0,4,2,522,2283
0,4,2,523,2334
0,4,2,524,2294
0,4,2,525,1800
0,4,2,526,1696
0,4,2,527,3518
0,4,2,528,67595111
0,4,2,529,3131
0,4,2,530,1594
0,4,2,531,3571
0,4,2,532,2088
0,4,2,533,1275
0,4,2,534,2945
0,4,2,535,2352
0,4,2,536,1142
0,4,2,537,2982
0,4,2,538,2164
0,4,2,539,2436
0,4,2,540,2378
0,4,2,541,2688
0,4,2,542,2245
0,4,2,543,2252
0,4,2,544,2097
0,4,2,545,1059
0,4,2,546,2388
0,4,2,547,2415
0,4,2,548,2291
0,4,2,549,2161
0,4,2,550,2292
0,4,2,551,1649
0,4,2,552,2444
0,4,2,553,2247
0,4,2,554,2200
0,4,2,555,999
0,4,2,556,2810
0,4,2,557,2199
0,4,2,558,1223
0,4,2,559,1971
0,4,2,560,4231
0,4,2,561,2375
0,4,2,562,1691
0,4,2,563,1455
0,4,2,564,1026
0,4,2,565,912
0,4,2,566,1509
0,4,2,567,3372
0,4,2,568,2427
0,4,2,569,2443
0,4,2,570,2298
0,4,2,571,2425
0,4,2,572,2063
0,4,2,573,2198
0,4,2,574,2126
0,4,2,575,2140
0,4,2,576,2171
0,4,2,577,2111
0,4,2,578,2075
0,4,2,579,1020
0,4,2,580,999
0,4,2,581,1230
0,4,2,582,984
0,4,2,583,1778
0,4,2,584,2020
0,4,2,585,1362
0,4,2,586,960
0,4,2,587,913
0,4,2,588,4905
0,4,2,589,3026
0,4,2,590,2793
0,4,2,591,2377
0,4,2,592,2210
0,4,2,593,2102
0,4,2,594,1949
0,4,2,595,2250
0,4,2,596,2143
0,4,2,597,2073
0,4,2,598,2070
0,4,2,599,2027
0,4,2,600,2069
0,4,2,601,2966
0,4,2,602,2816
0,4,2,603,2446
0,4,2,604,2453
0,4,2,605,2165
0,4,2,606,2797
0,4,2,607,2479
0,4,2,608,2184
0,4,2,609,2092
0,4,2,610,2122
0,4,2,611,2169
0,4,2,612,2206
0,4,2,613,2049
0,4,2,614,1026
0,4,2,615,2436
0,4,2,616,2759
0,4,2,617,2275
0,4,2,618,1590
0,4,2,619,2952
0,4,2,620,2221
0,4,2,621,1045
0,4,2,622,964
0,4,2,623,2841
0,4,2,624,1998
0,4,2,625,911
0,4,2,626,2600
0,4,2,627,2608
0,4,2,628,2620
0,4,2,629,2076
0,4,2,630,2153
0,4,2,631,1312
0,4,2,632,2461
0,4,2,633,2154
0,4,2,634,2111
0,4,2,635,2386
0,4,2,636,2189
0,4,2,637,2165
0,4,2,638,2110
0,4,2,639,2224
0,4,2,640,2181
0,4,2,641,2301
0,4,2,642,2213
0,4,2,643,1103
0,4,2,644,2638
0,4,2,645,2109
0,4,2,646,2083
0,4,2,647,1595
0,4,2,648,1007
0,4,2,649,982
0,4,2,650,1013
0,4,2,651,4285
0,4,2,652,2332
0,4,2,653,2584
0,4,2,654,2022
0,4,2,655,2376
0,4,2,656,2093
0,4,2,657,2107
0,4,2,658,2920
0,4,2,659,1332
0,4,2,660,1889
0,4,2,661,3905
0,4,2,662,1926
0,4,2,663,1208
0,4,2,664,1695
0,4,2,665,4563
0,4,2,666,2229
0,4,2,667,2502
0,4,2,668,2197
0,4,2,669,2207
0,4,2,670,2251
0,4,2,671,2708
0,4,2,672,2187
0,4,2,673,2379
0,4,2,674,1352
0,4,2,675,2547
0,4,2,676,2126
0,4,2,677,2305
0,4,2,678,2447
0,4,2,679,2218
0,4,2,680,2100
0,4,2,681,2164
0,4,2,682,1806
0,4,2,683,27664
0,4,2,684,2555
0,4,2,685,2307
0,4,2,686,2055
0,4,2,687,2480
0,4,2,688,2215
0,4,2,689,2156
0,4,2,690,2433
0,4,2,691,2420
0,4,2,692,2211
0,4,2,693,2216
0,4,2,694,2076
0,4,2,695,2111
0,4,2,696,2117
0,4,2,697,2090
0,4,2,698,2442
0,4,2,699,2401
0,4,2,700,1055
0,4,2,701,2336
0,4,2,702,2264
0,4,2,703,1098
0,4,2,704,2236
0,4,2,705,2102
0,4,2,706,2057
0,4,2,707,2120
0,4,2,708,2329
0,4,2,709,1032
0,4,2,710,2508
0,4,2,711,2487
0,4,2,712,1845
0,4,2,713,2383
0,4,2,714,2444
0,4,2,715,2817
0,4,2,716,2215
0,4,2,717,2122
0,4,2,718,2158
0,4,2,719,2075
0,4,2,720,2068
0,4,2,721,2203
0,4,2,722,2088
0,4,2,723,2112
0,4,2,724,1646
0,4,2,725,2682
0,4,2,726,2101
0,4,2,727,2112
0,4,2,728,2040
0,4,2,729,2226
0,4,2,730,1976
0,4,2,731,2024
0,4,2,732,2131
0,4,2,733,2375
0,4,2,734,1901
0,4,2,735,2717
0,4,2,736,1608
0,4,2,737,2627
0,4,2,738,2246
0,4,2,739,1731
0,4,2,740,2692
0,4,2,741,2347
0,4,2,742,2269
0,4,2,743,2035
0,4,2,744,991
0,4,2,745,948
0,4,2,746,3435
0,4,2,747,2551
0,4,2,748,2266
0,4,2,749,2367
0,4,2,750,2351
0,4,2,751,2286
0,4,2,752,2254
0,4,2,753,2249
0,4,2,754,2175
0,4,2,755,2196
0,4,2,756,2088
0,4,2,757,2033
0,4,2,758,2226
0,4,2,759,2393
0,4,2,760,2040
0,4,2,761,2459
0,4,2,762,2540
0,4,2,763,2658
0,4,2,764,2777
0,4,2,765,2524
0,4,2,766,2283
0,4,2,767,2283
0,4,2,768,2119
0,4,2,769,2169
0,4,2,770,2353
0,4,2,771,2386
0,4,2,772,2223
0,4,2,773,2222
0,4,2,774,2325
0,4,2,775,2446
0,4,2,776,2104
0,4,2,777,2499
0,4,2,778,2553
0,4,2,779,2402
0,4,2,780,1310
0,4,2,781,2505
0,4,2,782,2147
0,4,2,783,5749
0,4,2,784,1427
0,4,2,785,2455
0,4,2,786,1897
0,4,2,787,2773
0,4,2,788,2811
0,4,2,789,2248
0,4,2,790,2290
0,4,2,791,2361
0,4,2,792,2075
0,4,2,793,1135
0,4,2,794,2666
0,4,2,795,2146
0,4,2,796,2068
0,4,2,797,2243
0,4,2,798,2250
0,4,2,799,2241
0,4,2,800,2054
0,4,2,801,2132
0,4,2,802,2319
0,4,2,803,994
0,4,2,804,2590
0,4,2,805,2283
0,4,2,806,2210
0,4,2,807,1990
0,4,2,808,906
0,4,2,809,2668
0,4,2,810,2312
0,4,2,811,2362
0,4,2,812,2185
0,4,2,813,2147
0,4,2,814,2169
0,4,2,815,2401
0,4,2,816,2441
0,4,2,817,2182
0,4,2,818,2072
0,4,2,819,2160
0,4,2,820,2002
0,4,2,821,2162
0,4,2,822,2381
0,4,2,823,2105
0,4,2,824,2246
0,4,2,825,1393
0,4,2,826,2596
0,4,2,827,2058
0,4,2,828,961
0,4,2,829,2725
0,4,2,830,2126
0,4,2,831,2178
0,4,2,832,2340
0,4,2,833,2290
0,4,2,834,2345
0,4,2,835,2618
0,4,2,836,1264
0,4,2,837,2410
0,4,2,838,2249
0,4,2,839,2174
0,4,2,840,2517
0,4,2,841,2419
0,4,2,842,2180
0,4,2,843,2366
0,4,2,844,2104
0,4,2,845,1062
0,4,2,846,2196
0,4,2,847,2099
0,4,2,848,2080
0,4,2,849,2670
0,4,2,850,2250
0,4,2,851,2275
0,4,2,852,2043
0,4,2,853,2459
0,4,2,854,2760
0,4,2,855,2389
0,4,2,856,2220
0,4,2,857,2196
0,4,2,858,2215
0,4,2,859,2085
0,4,2,860,2086
0,4,2,861,2251
0,4,2,862,2495
0,4,2,863,2236
0,4,2,864,1923
0,4,2,865,2169
0,4,2,866,2369
0,4,2,867,2258
0,4,2,868,951
0,4,2,869,2224
0,4,2,870,2181
0,4,2,871,2280
0,4,2,872,2055
0,4,2,873,1960
0,4,2,874,2401
0,4,2,875,2288
0,4,2,876,2466
0,4,2,877,2486
0,4,2,878,2151
0,4,2,879,2134
0,4,2,880,2017
0,4,2,881,2312
0,4,2,882,2027
0,4,2,883,2342
0,4,2,884,2087
0,4,2,885,2177
0,4,2,886,2238
0,4,2,887,1921
0,4,2,888,2932
0,4,2,889,2664
0,4,2,890,2093
0,4,2,891,2220
0,4,2,892,2455
0,4,2,893,2480
0,4,2,894,2300
0,4,2,895,2245
0,4,2,896,1025
0,4,2,897,2478
0,4,2,898,2126
0,4,2,899,2225
0,4,2,900,2242
0,4,2,901,2136
0,4,2,902,2539
0,4,2,903,2473
0,4,2,904,2257
0,4,2,905,2216
0,4,2,906,2026
0,4,2,907,2115
0,4,2,908,1256
0,4,2,909,1556
0,4,2,910,2420
0,4,2,911,2352
0,4,2,912,2110
0,4,2,913,2195
0,4,2,914,2129
0,4,2,915,2399
0,4,2,916,2610
0,4,2,917,2252
0,4,2,918,2250
0,4,2,919,2157
0,4,2,920,2302
0,4,2,921,2109
0,4,2,922,2126
0,4,2,923,2154
0,4,2,924,2227
0,4,2,925,2131
0,4,2,926,1996
0,4,2,927,2187
0,4,2,928,2192
0,4,2,929,2232
0,4,2,930,2324
0,4,2,931,2090
0,4,2,932,2061
0,4,2,933,2430
0,4,2,934,2051
0,4,2,935,1023
0,4,2,936,1869
0,4,2,937,3099
0,4,2,938,2842
0,4,2,939,2189
0,4,2,940,2190
0,4,2,941,2637
0,4,2,942,2192
0,4,2,943,2191
0,4,2,944,2634
0,4,2,945,2648
0,4,2,946,3008
0,4,2,947,2483
0,4,2,948,2341
0,4,2,949,2070
0,4,2,950,2207
0,4,2,951,2641
0,4,2,952,2268
0,4,2,953,2205
0,4,2,954,2093
0,4,2,955,2196
0,4,2,956,2311
0,4,2,957,2390
0,4,2,958,2157
0,4,2,959,2124
0,4,2,960,2158
0,4,2,961,2118
0,4,2,962,1979
0,4,2,963,1140
0,4,2,964,1619
0,4,2,965,1108
0,4,2,966,1375
0,4,2,967,1058
0,4,2,968,1142
0,4,2,969,1105
0,4,2,970,1042
0,4,2,971,1059
0,4,2,972,1910
0,4,2,973,1175
0,4,2,974,1519
0,4,2,975,1606
0,4,2,976,1023
0,4,2,977,1583
0,4,2,978,1226
0,4,2,979,1054
0,4,2,980,978
0,4,2,981,909
0,4,2,982,1148
0,4,2,983,921
0,4,2,984,968
0,4,2,985,1263
0,4,2,986,1364
0,4,2,987,1144
0,4,2,988,1054
0,4,2,989,1062
0,4,2,990,1032
0,4,2,991,1061
0,4,2,992,962
0,4,2,993,1000
0,4,2,994,908
0,4,2,995,1493
0,4,2,996,1062
0,4,2,997,1278
0,4,2,998,1045
0,4,2,999,1024
0,8,2,0,6397
0,8,2,1,6784
0,8,2,2,3430
0,8,2,3,4269
0,8,2,4,2672
0,8,2,5,3874
0,8,2,6,2821
0,8,2,7,4025
0,8,2,8,2842
0,8,2,9,2056
0,8,2,10,3104
0,8,2,11,2453
0,8,2,12,1987
0,8,2,13,1945
0,8,2,14,3340
0,8,2,15,2383
0,8,2,16,2778
0,8,2,17,2220
0,8,2,18,2445
0,8,2,19,3694
0,8,2,20,3198
0,8,2,21,3532
0,8,2,22,2284
0,8,2,23,2896
0,8,2,24,2463
0,8,2,25,3310
0,8,2,26,2671
0,8,2,27,3409
0,8,2,28,1735
0,8,2,29,2863
0,8,2,30,2568
0,8,2,31,3146
0,8,2,32,2329
0,8,2,33,3094
0,8,2,34,2732
0,8,2,35,2994
0,8,2,36,1914
0,8,2,37,3411
0,8,2,38,3428
0,8,2,39,2701
0,8,2,40,2512
0,8,2,41,2713
0,8,2,42,2215
0,8,2,43,2498
0,8,2,44,1734
0,8,2,45,3995
0,8,2,46,2310
0,8,2,47,2901
0,8,2,48,3069
0,8,2,49,2645
0,8,2,50,2501
0,8,2,51,357724
0,8,2,52,2070
0,8,2,53,1671
0,8,2,54,1884
0,8,2,55,1704
0,8,2,56,1678
0,8,2,57,1461
0,8,2,58,1501
0,8,2,59,1742
0,8,2,60,1713
0,8,2,61,1546
0,8,2,62,1634
0,8,2,63,4174
0,8,2,64,2571
0,8,2,65,8968
0,8,2,66,2800
0,8,2,67,1770
0,8,2,68,1471
0,8,2,69,1488
0,8,2,70,1631
0,8,2,71,1636
0,8,2,72,1826
0,8,2,73,1608
0,8,2,74,4343
0,8,2,75,2601
0,8,2,76,4484
0,8,2,77,2775
0,8,2,78,1974
0,8,2,79,3974
0,8,2,80,2387
0,8,2,81,3339
0,8,2,82,2586
0,8,2,83,1852
0,8,2,84,1918
0,8,2,85,4071
0,8,2,86,2240
0,8,2,87,1906
0,8,2,88,1806
0,8,2,89,1699
0,8,2,90,4183
0,8,2,91,3135
0,8,2,92,3329
0,8,2,93,2793
0,8,2,94,3956
0,8,2,95,2763
0,8,2,96,3658
0,8,2,97,2548
0,8,2,98,3734
0,8,2,99,2680
0,8,2,100,1293
0,8,2,101,1494
0,8,2,102,1703
0,8,2,103,3646
0,8,2,104,2402
0,8,2,105,2676
0,8,2,106,2270
0,8,2,107,1635
0,8,2,108,2936
0,8,2,109,2343
0,8,2,110,64463
0,8,2,111,2361
0,8,2,112,3433
0,8,2,113,2352
0,8,2,114,1704
0,8,2,115,3066
0,8,2,116,2379
0,8,2,117,2438
0,8,2,118,2382
0,8,2,119,3207
0,8,2,120,2129
0,8,2,121,2483
0,8,2,122,2705
0,8,2,123,3297
0,8,2,124,2334
0,8,2,125,1615
0,8,2,126,1067
0,8,2,127,2005
0,8,2,128,3749
0,8,2,129,2670
0,8,2,130,3204
0,8,2,131,2145
0,8,2,132,2864
0,8,2,133,2553
0,8,2,134,2426
0,8,2,135,2942
0,8,2,136,2654
0,8,2,137,2483
0,8,2,138,2659
0,8,2,139,2605
0,8,2,140,3223
0,8,2,141,2728
0,8,2,142,1622
0,8,2,143,2263
0,8,2,144,3178
0,8,2,145,2686
0,8,2,146,1849
0,8,2,147,3165
0,8,2,148,2403
0,8,2,149,1862
0,8,2,150,4371
0,8,2,151,3646
0,8,2,152,2992
0,8,2,153,2830
0,8,2,154,2678
0,8,2,155,3048
0,8,2,156,2651
0,8,2,157,3073
0,8,2,158,2641
0,8,2,159,1629
0,8,2,160,1589
0,8,2,161,4213
0,8,2,162,2374
0,8,2,163,2359
0,8,2,164,2635
0,8,2,165,2971
0,8,2,166,2259
0,8,2,167,3355
0,8,2,168,2081
0,8,2,169,1769
0,8,2,170,1456
0,8,2,171,4978
0,8,2,172,2624
0,8,2,173,3587
0,8,2,174,2153
0,8,2,175,2255
0,8,2,176,1762
0,8,2,177,2226
0,8,2,178,3671
0,8,2,179,2239
0,8,2,180,3299
0,8,2,181,2950
0,8,2,182,3298
0,8,2,183,2471
0,8,2,184,3163
0,8,2,185,2633
0,8,2,186,2949
0,8,2,187,2621
0,8,2,188,3397
0,8,2,189,2385
0,8,2,190,2232
0,8,2,191,1426
0,8,2,192,1558
0,8,2,193,1692
0,8,2,194,3884
0,8,2,195,3118
0,8,2,196,1596
0,8,2,197,3995
0,8,2,198,2464
0,8,2,199,1470
0,8,2,200,1584
0,8,2,201,1511
0,8,2,202,1501
0,8,2,203,1353
0,8,2,204,1877
0,8,2,205,4420
0,8,2,206,2406
0,8,2,207,1758
0,8,2,208,1541
0,8,2,209,1261
0,8,2,210,2027
0,8,2,211,4525
0,8,2,212,2330
0,8,2,213,2957
0,8,2,214,4723
0,8,2,215,3850
0,8,2,216,2086
0,8,2,217,1595
0,8,2,218,1998
0,8,2,219,2030
0,8,2,220,2997
0,8,2,221,4435
0,8,2,222,2438
0,8,2,223,3361
0,8,2,224,2627
0,8,2,225,1936
0,8,2,226,1572
0,8,2,227,1853
0,8,2,228,1804
0,8,2,229,1414
0,8,2,230,5924
0,8,2,231,2225
0,8,2,232,1936
0,8,2,233,4519
0,8,2,234,2364
0,8,2,235,3253
0,8,2,236,2516
0,8,2,237,3655
0,8,2,238,2610
0,8,2,239,2179
0,8,2,240,2973
0,8,2,241,2289
0,8,2,242,3453
0,8,2,243,2474
0,8,2,244,2854
0,8,2,245,2601
0,8,2,246,2666
0,8,2,247,2724
0,8,2,248,2671
0,8,2,249,1926
0,8,2,250,3842
0,8,2,251,2539
0,8,2,252,2892
0,8,2,253,2236
0,8,2,254,2622
0,8,2,255,2671
0,8,2,256,3732
0,8,2,257,2479
0,8,2,258,2717
0,8,2,259,2642
0,8,2,260,3104
0,8,2,261,2796
0,8,2,262,3222
0,8,2,263,2567
0,8,2,264,2008
0,8,2,265,3528
0,8,2,266,3033
0,8,2,267,2600
0,8,2,268,2001
0,8,2,269,2889
0,8,2,270,2793
0,8,2,271,2349
0,8,2,272,2011
0,8,2,273,2853
0,8,2,274,2173
0,8,2,275,3285
0,8,2,276,2823
0,8,2,277,3365
0,8,2,278,2399
0,8,2,279,3251
0,8,2,280,2126
0,8,2,281,2721
0,8,2,282,2553
0,8,2,283,3150
0,8,2,284,2593
0,8,2,285,2928
0,8,2,286,2186
0,8,2,287,3446
0,8,2,288,2444
0,8,2,289,2689
0,8,2,290,2630
0,8,2,291,3127
0,8,2,292,3084
0,8,2,293,3135
0,8,2,294,3473
0,8,2,295,2687
0,8,2,296,2604
0,8,2,297,1830
0,8,2,298,65825
0,8,2,299,2792
0,8,2,300,3217
0,8,2,301,2760
0,8,2,302,3280
0,8,2,303,3427
0,8,2,304,3181
0,8,2,305,2710
0,8,2,306,53309
0,8,2,307,3213
0,8,2,308,2152
0,8,2,309,3196
0,8,2,310,2616
0,8,2,311,3786
0,8,2,312,2396
0,8,2,313,2879
0,8,2,314,3362
0,8,2,315,1737
0,8,2,316,3127
0,8,2,317,2512
0,8,2,318,3276
0,8,2,319,3523
0,8,2,320,2742
0,8,2,321,3115
0,8,2,322,2673
0,8,2,323,3181
0,8,2,324,3358
0,8,2,325,3329
0,8,2,326,2637
0,8,2,327,3135
0,8,2,328,2570
0,8,2,329,3104
0,8,2,330,3468
0,8,2,331,2113
0,8,2,332,3926
0,8,2,333,2540
0,8,2,334,3069
0,8,2,335,2461
0,8,2,336,3039
0,8,2,337,2405
0,8,2,338,2978
0,8,2,339,2416
0,8,2,340,3261
0,8,2,341,2417
0,8,2,342,2725
0,8,2,343,2286
0,8,2,344,3801
0,8,2,345,3100
0,8,2,346,2907
0,8,2,347,2549
0,8,2,348,3193
0,8,2,349,3695
0,8,2,350,2364
0,8,2,351,2148
0,8,2,352,3541
0,8,2,353,2671
0,8,2,354,1782
0,8,2,355,3292
0,8,2,356,2340
0,8,2,357,2984
0,8,2,358,2548
0,8,2,359,3451
0,8,2,360,2475
0,8,2,361,3154
0,8,2,362,2697
0,8,2,363,3935
0,8,2,364,2691
0,8,2,365,4070
0,8,2,366,2736
0,8,2,367,2393
0,8,2,368,3393
0,8,2,369,2486
0,8,2,370,3293
0,8,2,371,2511
0,8,2,372,1883
0,8,2,373,2788
0,8,2,374,3008
0,8,2,375,3096
0,8,2,376,2443
0,8,2,377,3439
0,8,2,378,2643
0,8,2,379,3131
0,8,2,380,2961
0,8,2,381,3366
0,8,2,382,2746
0,8,2,383,3250
0,8,2,384,3097
0,8,2,385,3214
0,8,2,386,3110
0,8,2,387,1690
0,8,2,388,3319
0,8,2,389,2531
0,8,2,390,3055
0,8,2,391,2563
0,8,2,392,3431
0,8,2,393,3182
0,8,2,394,3409
0,8,2,395,2549
0,8,2,396,1642
0,8,2,397,3472
0,8,2,398,2756
0,8,2,399,2426
0,8,2,400,3014
0,8,2,401,2594
0,8,2,402,1693
0,8,2,403,3333
0,8,2,404,2784
0,8,2,405,3430
0,8,2,406,3185
0,8,2,407,3376
0,8,2,408,2616
0,8,2,409,3278
0,8,2,410,3094
0,8,2,411,3055
0,8,2,412,3315
0,8,2,413,3324
0,8,2,414,2696
0,8,2,415,3181
0,8,2,416,2924
0,8,2,417,3190
0,8,2,418,3272
0,8,2,419,3274
0,8,2,420,2946
0,8,2,421,3509
0,8,2,422,3194
0,8,2,423,1818
0,8,2,424,2887
0,8,2,425,2382
0,8,2,426,3120
0,8,2,427,2703
0,8,2,428,2918
0,8,2,429,2458
0,8,2,430,2601
0,8,2,431,2319
0,8,2,432,3696
0,8,2,433,3189
0,8,2,434,1859
0,8,2,435,3265
0,8,2,436,3714
0,8,2,437,2973
0,8,2,438,57182188
0,8,2,439,3270
0,8,2,440,3410
0,8,2,441,2895
0,8,2,442,3226
0,8,2,443,3478
0,8,2,444,3439
0,8,2,445,3273
0,8,2,446,3352
0,8,2,447,3276
0,8,2,448,3472
0,8,2,449,3043
0,8,2,450,3659
0,8,2,451,3398
0,8,2,452,3311
0,8,2,453,3340
0,8,2,454,3406
0,8,2,455,3086
0,8,2,456,3437
0,8,2,457,28332
0,8,2,458,3745
0,8,2,459,3507
0,8,2,460,3417
0,8,2,461,3412
0,8,2,462,3426
0,8,2,463,3199
0,8,2,464,3483
0,8,2,465,3286
0,8,2,466,3176
0,8,2,467,3466
0,8,2,468,3157
0,8,2,469,3302
0,8,2,470,3045
0,8,2,471,3051
0,8,2,472,3051
0,8,2,473,3207
0,8,2,474,3235
0,8,2,475,3027
0,8,2,476,3083
0,8,2,477,3395
0,8,2,478,3686
0,8,2,479,3225
0,8,2,480,3221
0,8,2,481,3450
0,8,2,482,3369
0,8,2,483,3110
0,8,2,484,3406
0,8,2,485,3084
0,8,2,486,3209
0,8,2,487,3913
0,8,2,488,3336
0,8,2,489,3027
0,8,2,490,3227
0,8,2,491,2858
0,8,2,492,26476
0,8,2,493,2903
0,8,2,494,3217
0,8,2,495,3229
0,8,2,496,3502
0,8,2,497,2964
0,8,2,498,3067
0,8,2,499,2712
0,8,2,500,3109
0,8,2,501,2857
0,8,2,502,3096
0,8,2,503,3484
0,8,2,504,3022
0,8,2,505,3200
0,8,2,506,2930
0,8,2,507,3254
0,8,2,508,2815
0,8,2,509,3104
0,8,2,510,2871
0,8,2,511,3279
0,8,2,512,3016
0,8,2,513,4209
0,8,2,514,4060
0,8,2,515,3587
0,8,2,516,3350
0,8,2,517,3357
0,8,2,518,3459
0,8,2,519,3642
0,8,2,520,3229
0,8,2,521,3315
0,8,2,522,3423
0,8,2,523,3269
0,8,2,524,3406
0,8,2,525,3609
0,8,2,526,3207
0,8,2,527,3168
0,8,2,528,3322
0,8,2,529,3474
0,8,2,530,2756
0,8,2,531,3140
0,8,2,532,3302
0,8,2,533,3148
0,8,2,534,3209
0,8,2,535,3268
0,8,2,536,3340
0,8,2,537,3106
0,8,2,538,3066
0,8,2,539,3507
0,8,2,540,3120
0,8,2,541,3489
0,8,2,542,3177
0,8,2,543,3427
0,8,2,544,3152
0,8,2,545,3306
0,8,2,546,2943
0,8,2,547,3341
0,8,2,548,3348
0,8,2,549,3000
0,8,2,550,3145
0,8,2,551,3270
0,8,2,552,3223
0,8,2,553,3357
0,8,2,554,3087
0,8,2,555,3263
0,8,2,556,3025
0,8,2,557,3328
0,8,2,558,3444
0,8,2,559,3028
0,8,2,560,3548
0,8,2,561,73958269
0,8,2,562,2955
0,8,2,563,3711
0,8,2,564,3239
0,8,2,565,2870
0,8,2,566,2985
0,8,2,567,2631
0,8,2,568,2634
0,8,2,569,3622
0,8,2,570,3004
0,8,2,571,2885
0,8,2,572,2896
0,8,2,573,3638
0,8,2,574,2668
0,8,2,575,3148
0,8,2,576,2642
0,8,2,577,3286
0,8,2,578,2488
0,8,2,579,3036
0,8,2,580,2802
0,8,2,581,2071
0,8,2,582,2652
0,8,2,583,2582
0,8,2,584,2399
0,8,2,585,2699
0,8,2,586,2394
0,8,2,587,2336
0,8,2,588,2250
0,8,2,589,2718
0,8,2,590,2521
0,8,2,591,1630
0,8,2,592,2659
0,8,2,593,2759
0,8,2,594,2554
0,8,2,595,2381
0,8,2,596,2322
0,8,2,597,1895
0,8,2,598,2830
0,8,2,599,2298
0,8,2,600,2276
0,8,2,601,3159
0,8,2,602,2748
0,8,2,603,2383
0,8,2,604,1832
0,8,2,605,3814
0,8,2,606,2642
0,8,2,607,2955
0,8,2,608,2617
0,8,2,609,1924
0,8,2,610,3330
0,8,2,611,1974
0,8,2,612,1616
0,8,2,613,3257
0,8,2,614,3246
0,8,2,615,3259
0,8,2,616,2328
0,8,2,617,2864
0,8,2,618,2508
0,8,2,619,2538
0,8,2,620,1853
0,8,2,621,2790
0,8,2,622,2585
0,8,2,623,1948
0,8,2,624,3748
0,8,2,625,2602
0,8,2,626,2908
0,8,2,627,2614
0,8,2,628,2946
0,8,2,629,2416
0,8,2,630,2280
0,8,2,631,2689
0,8,2,632,2433
0,8,2,633,2579
0,8,2,634,2280
0,8,2,635,2357
0,8,2,636,2454
0,8,2,637,2454
0,8,2,638,2348
0,8,2,639,2772
0,8,2,640,2388
0,8,2,641,2660
0,8,2,642,2447
0,8,2,643,3270
0,8,2,644,3112
0,8,2,645,2745
0,8,2,646,1909
0,8,2,647,2432
0,8,2,648,2517
0,8,2,649,2415
0,8,2,650,2413
0,8,2,651,2127
0,8,2,652,2525
0,8,2,653,1647
0,8,2,654,2911
0,8,2,655,2539
0,8,2,656,3674
0,8,2,657,2494
0,8,2,658,2636
0,8,2,659,2399
0,8,2,660,3132
0,8,2,661,2488
0,8,2,662,2832
0,8,2,663,2555
0,8,2,664,5042
0,8,2,665,2605
0,8,2,666,1971
0,8,2,667,2943
0,8,2,668,2477
0,8,2,669,1779
0,8,2,670,3367
0,8,2,671,2513
0,8,2,672,2626
0,8,2,673,2830
0,8,2,674,2671
0,8,2,675,2814
0,8,2,676,2597
0,8,2,677,2477
0,8,2,678,2584
0,8,2,679,2809
0,8,2,680,2877
0,8,2,681,2718
0,8,2,682,2960
0,8,2,683,2716
0,8,2,684,3140
0,8,2,685,2608
0,8,2,686,1840
0,8,2,687,2492
0,8,2,688,2269
0,8,2,689,2466
0,8,2,690,2735
0,8,2,691,2575
0,8,2,692,3003
0,8,2,693,2407
0,8,2,694,2354
0,8,2,695,2401
0,8,2,696,2716
0,8,2,697,3032
0,8,2,698,2739
0,8,2,699,1981
0,8,2,700,1680
0,8,2,701,1904
0,8,2,702,3134
0,8,2,703,2568
0,8,2,704,2545
0,8,2,705,2718
0,8,2,706,2599
0,8,2,707,25187
0,8,2,708,2525
0,8,2,709,1976
0,8,2,710,3153
0,8,2,711,2213
0,8,2,712,2836
0,8,2,713,2580
0,8,2,714,2663
0,8,2,715,2603
0,8,2,716,2645
0,8,2,717,2892
0,8,2,718,5483
0,8,2,719,3020
0,8,2,720,2664
0,8,2,721,2531
0,8,2,722,2521
0,8,2,723,2452
0,8,2,724,2494
0,8,2,725,2652
0,8,2,726,2932
0,8,2,727,2679
0,8,2,728,2499
0,8,2,729,2820
0,8,2,730,2760
0,8,2,731,3326
0,8,2,732,2619
0,8,2,733,2602
0,8,2,734,2945
0,8,2,735,2663
0,8,2,736,2789
0,8,2,737,1779
0,8,2,738,2686
0,8,2,739,3402
0,8,2,740,2595
0,8,2,741,2336
0,8,2,742,2811
0,8,2,743,3452
0,8,2,744,2606
0,8,2,745,2528
0,8,2,746,2777
0,8,2,747,3036
0,8,2,748,2786
0,8,2,749,2363
0,8,2,750,2537
0,8,2,751,2936
0,8,2,752,2506
0,8,2,753,3186
0,8,2,754,2702
0,8,2,755,2401
0,8,2,756,1980
0,8,2,757,2098
0,8,2,758,2935
0,8,2,759,2709
0,8,2,760,2494
0,8,2,761,2392
0,8,2,762,2492
0,8,2,763,2471
0,8,2,764,2505
0,8,2,765,2464
0,8,2,766,2776
0,8,2,767,3264
0,8,2,768,2649
0,8,2,769,2367
0,8,2,770,3456
0,8,2,771,3132
0,8,2,772,3334
0,8,2,773,2889
0,8,2,774,2650
0,8,2,775,3219
0,8,2,776,2606
0,8,2,777,2771
0,8,2,778,2353
0,8,2,779,3637
0,8,2,780,2457
0,8,2,781,2373
0,8,2,782,2431
0,8,2,783,3426
0,8,2,784,2657
0,8,2,785,3182
0,8,2,786,2685
0,8,2,787,2671
0,8,2,788,2436
0,8,2,789,3000
0,8,2,790,2696
0,8,2,791,2544
0,8,2,792,1965
0,8,2,793,2497
0,8,2,794,1677
0,8,2,795,2889
0,8,2,796,2394
0,8,2,797,2574
0,8,2,798,2517
0,8,2,799,2447
0,8,2,800,2633
0,8,2,801,2644
0,8,2,802,2684
0,8,2,803,1862
0,8,2,804,3699
0,8,2,805,2498
0,8,2,806,3612
0,8,2,807,2557
0,8,2,808,2511
0,8,2,809,2535
0,8,2,810,3040
0,8,2,811,2783
0,8,2,812,2561
0,8,2,813,2647
0,8,2,814,2920
0,8,2,815,1749
0,8,2,816,2860
0,8,2,817,2492
0,8,2,818,2537
0,8,2,819,2552
0,8,2,820,2429
0,8,2,821,2388
0,8,2,822,2228
0,8,2,823,2606
0,8,2,824,2460
0,8,2,825,2272
0,8,2,826,2548
0,8,2,827,2738
0,8,2,828,2533
0,8,2,829,2648
0,8,2,830,51504
0,8,2,831,2749
0,8,2,832,2553
0,8,2,833,2357
0,8,2,834,2538
0,8,2,835,1909
0,8,2,836,4118
0,8,2,837,2387
0,8,2,838,2828
0,8,2,839,2618
0,8,2,840,2388
0,8,2,841,2659
0,8,2,842,2820
0,8,2,843,3190
0,8,2,844,2550
0,8,2,845,2966
0,8,2,846,2995
0,8,2,847,1569
0,8,2,848,2066
0,8,2,849,1766
0,8,2,850,2307
0,8,2,851,1966
0,8,2,852,1710
0,8,2,853,1815
0,8,2,854,3912
0,8,2,855,2434
0,8,2,856,2639
0,8,2,857,2394
0,8,2,858,2245
0,8,2,859,1625
0,8,2,860,1757
0,8,2,861,2886
0,8,2,862,3117
0,8,2,863,2152
0,8,2,864,1708
0,8,2,865,3374
0,8,2,866,3350
0,8,2,867,2516
0,8,2,868,2922
0,8,2,869,2623
0,8,2,870,3469
0,8,2,871,2787
0,8,2,872,3079
0,8,2,873,2484
0,8,2,874,3037
0,8,2,875,2440
0,8,2,876,2698
0,8,2,877,2468
0,8,2,878,3200
0,8,2,879,2741
0,8,2,880,2715
0,8,2,881,2693
0,8,2,882,3159
0,8,2,883,3265
0,8,2,884,2826
0,8,2,885,2087
0,8,2,886,2721
0,8,2,887,2489
0,8,2,888,3389
0,8,2,889,1872
0,8,2,890,3261
0,8,2,891,2639
0,8,2,892,1898
0,8,2,893,2850
0,8,2,894,2340
0,8,2,895,3046
0,8,2,896,2489
0,8,2,897,2641
0,8,2,898,2423
0,8,2,899,3275
0,8,2,900,1663
0,8,2,901,3349
0,8,2,902,2584
0,8,2,903,3065
0,8,2,904,2546
0,8,2,905,1753
0,8,2,906,1300
0,8,2,907,3667
0,8,2,908,3146
0,8,2,909,2788
0,8,2,910,3027
0,8,2,911,2668
0,8,2,912,2182
0,8,2,913,2895
0,8,2,914,2623
0,8,2,915,2675
0,8,2,916,2559
0,8,2,917,2794
0,8,2,918,2290
0,8,2,919,3964
0,8,2,920,2586
0,8,2,921,2789
0,8,2,922,2920
0,8,2,923,3120
0,8,2,924,1892
0,8,2,925,1978
0,8,2,926,1613
0,8,2,927,3631
0,8,2,928,2500
0,8,2,929,3704
0,8,2,930,2877
0,8,2,931,2346
0,8,2,932,1732
0,8,2,933,1698
0,8,2,934,2641
0,8,2,935,2660
0,8,2,936,3535
0,8,2,937,2807
0,8,2,938,1750
0,8,2,939,1207
0,8,2,940,4475
0,8,2,941,112811860
0,8,2,942,3546
0,8,2,943,1814
0,8,2,944,1479
0,8,2,945,3494
0,8,2,946,3698
0,8,2,947,2386
0,8,2,948,3794
0,8,2,949,1943
0,8,2,950,2385
0,8,2,951,4460
0,8,2,952,3466
0,8,2,953,2162
0,8,2,954,2366
0,8,2,955,2165
0,8,2,956,7442
0,8,2,957,3013
0,8,2,958,2192
0,8,2,959,3745
0,8,2,960,1688
0,8,2,961,3633
0,8,2,962,2840
0,8,2,963,4127
0,8,2,964,3788
0,8,2,965,2005
0,8,2,966,1029601
0,8,2,967,3278
0,8,2,968,2056
0,8,2,969,1559
0,8,2,970,1860
0,8,2,971,1251
0,8,2,972,2284
0,8,2,973,3097
0,8,2,974,4797
0,8,2,975,3468
0,8,2,976,2363
0,8,2,977,1356
0,8,2,978,1990
0,8,2,979,6104
0,8,2,980,21440
0,8,2,981,3389
0,8,2,982,2865
0,8,2,983,3750
0,8,2,984,2687
0,8,2,985,1714
0,8,2,986,1721
0,8,2,987,1387
0,8,2,988,3688
0,8,2,989,2878
0,8,2,990,2934
0,8,2,991,2984
0,8,2,992,2664
0,8,2,993,3322
0,8,2,994,2774
0,8,2,995,3193
0,8,2,996,2616
0,8,2,997,3213
0,8,2,998,2436
0,8,2,999,2963
0,8,2,1000,2759
0,8,2,1001,2602
0,8,2,1002,2957
0,8,2,1003,2793
0,8,2,1004,2802
0,8,2,1005,2025
0,8,2,1006,1561
0,8,2,1007,5315
0,8,2,1008,2844
0,8,2,1009,2653
0,8,2,1010,4416
0,8,2,1011,3013
0,8,2,1012,3564
0,8,2,1013,5528
0,8,2,1014,3819
0,8,2,1015,2732
0,8,2,1016,23874
0,8,2,1017,2940
0,8,2,1018,2060
0,8,2,1019,3820
0,8,2,1020,2586
0,8,2,1021,1689
0,8,2,1022,4357
0,8,2,1023,2721
0,8,2,1024,3670
0,8,2,1025,3149
0,8,2,1026,3480
0,8,2,1027,2789
0,8,2,1028,3236
0,8,2,1029,6536
0,8,2,1030,4575
0,8,2,1031,3232
0,8,2,1032,3606
0,8,2,1033,3683
0,8,2,1034,1626
0,8,2,1035,1482
0,8,2,1036,1758
0,8,2,1037,2072
0,8,2,1038,1537
0,8,2,1039,2064
0,8,2,1040,2534
0,8,2,1041,1523
0,8,2,1042,2424
0,8,2,1043,6258
0,8,2,1044,18051
0,8,2,1045,4219
0,8,2,1046,2839
0,8,2,1047,3889
0,8,2,1048,2590
0,8,2,1049,2033
0,8,2,1050,4294
0,8,2,1051,2804
0,8,2,1052,1625
0,8,2,1053,4132
0,8,2,1054,2817
0,8,2,1055,2704
0,8,2,1056,3212
0,8,2,1057,2637
0,8,2,1058,3556
0,8,2,1059,24788
0,8,2,1060,2871
0,8,2,1061,3056
0,8,2,1062,3672
0,8,2,1063,3126
0,8,2,1064,2454
0,8,2,1065,2911
0,8,2,1066,2512
0,8,2,1067,3559
0,8,2,1068,3121
0,8,2,1069,3826
0,8,2,1070,2877
0,8,2,1071,3563
0,8,2,1072,2916
0,8,2,1073,3180
0,8,2,1074,2399
0,8,2,1075,27378
0,8,2,1076,2703
0,8,2,1077,143060730
0,8,2,1078,2401
0,8,2,1079,3333
0,8,2,1080,2390
0,8,2,1081,1411
0,8,2,1082,1866
0,8,2,1083,3992
0,8,2,1084,2689
0,8,2,1085,2911
0,8,2,1086,2236
0,8,2,1087,2862
0,8,2,1088,2641
0,8,2,1089,2372
0,8,2,1090,2137
0,8,2,1091,2878
0,8,2,1092,2583
0,8,2,1093,2641
0,8,2,1094,2219
0,8,2,1095,1745
0,8,2,1096,2945
0,8,2,1097,2324
0,8,2,1098,1466
0,8,2,1099,2873
0,8,2,1100,2340
0,8,2,1101,2684
0,8,2,1102,2820
0,8,2,1103,2268
0,8,2,1104,19433
0,8,2,1105,4162
0,8,2,1106,2732
0,8,2,1107,3152
0,8,2,1108,2362
0,8,2,1109,2384
0,8,2,1110,2183
0,8,2,1111,1889
0,8,2,1112,1854
0,8,2,1113,1579
0,8,2,1114,1119
0,8,2,1115,1734
0,8,2,1116,1337
0,8,2,1117,1132
0,8,2,1118,1179
0,8,2,1119,1878
0,8,2,1120,3923
0,8,2,1121,1820
0,8,2,1122,1590
0,8,2,1123,1484
0,8,2,1124,2855
0,8,2,1125,1915
0,8,2,1126,2397
0,8,2,1127,2202
0,8,2,1128,2425
0,8,2,1129,2494
0,8,2,1130,4606
0,8,2,1131,2441
0,8,2,1132,2597
0,8,2,1133,2253
0,8,2,1134,2163
0,8,2,1135,2014
0,8,2,1136,2005
0,8,2,1137,2008
0,8,2,1138,2097
0,8,2,1139,2269
0,8,2,1140,2043
0,8,2,1141,2902
0,8,2,1142,2563
0,8,2,1143,3067
0,8,2,1144,2453
0,8,2,1145,2680
0,8,2,1146,2107
0,8,2,1147,2698
0,8,2,1148,2080
0,8,2,1149,2689
0,8,2,1150,2450
0,8,2,1151,2596
0,8,2,1152,2452
0,8,2,1153,2838
0,8,2,1154,2456
0,8,2,1155,2121
0,8,2,1156,2124
0,8,2,1157,2492
0,8,2,1158,1967
0,8,2,1159,2296
0,8,2,1160,2085
0,8,2,1161,2292
0,8,2,1162,2312
0,8,2,1163,2693
0,8,2,1164,2407
0,8,2,1165,2397
0,8,2,1166,2053
0,8,2,1167,2652
0,8,2,1168,1725
0,8,2,1169,2739
0,8,2,1170,2236
0,8,2,1171,2315
0,8,2,1172,3023
0,8,2,1173,2582
0,8,2,1174,2783
0,8,2,1175,2580
0,8,2,1176,2101
0,8,2,1177,2993
0,8,2,1178,2596
0,8,2,1179,2722
0,8,2,1180,2203
0,8,2,1181,2419
0,8,2,1182,2168
0,8,2,1183,2458
0,8,2,1184,2221
0,8,2,1185,2343
0,8,2,1186,1651
0,8,2,1187,3234
0,8,2,1188,2383
0,8,2,1189,2882
0,8,2,1190,1858
0,8,2,1191,2779
0,8,2,1192,2410
0,8,2,1193,2643
0,8,2,1194,2282
0,8,2,1195,2751
0,8,2,1196,2526
0,8,2,1197,1616
0,8,2,1198,1882
0,8,2,1199,2626
0,8,2,1200,2242
0,8,2,1201,2401
0,8,2,1202,2151
0,8,2,1203,2301
0,8,2,1204,1988
0,8,2,1205,2060
0,8,2,1206,2042
0,8,2,1207,2744
0,8,2,1208,90015
0,8,2,1209,2587
0,8,2,1210,1753
0,8,2,1211,3056
0,8,2,1212,2548
0,8,2,1213,2588
0,8,2,1214,2214
0,8,2,1215,2245
0,8,2,1216,2923
0,8,2,1217,2148
0,8,2,1218,3025
0,8,2,1219,2219
0,8,2,1220,2274
0,8,2,1221,1379
0,8,2,1222,3029
0,8,2,1223,2245
0,8,2,1224,2288
0,8,2,1225,2508
0,8,2,1226,2392
0,8,2,1227,1680
0,8,2,1228,2609
0,8,2,1229,1753
0,8,2,1230,2408
0,8,2,1231,2259
0,8,2,1232,2067
0,8,2,1233,1894
0,8,2,1234,2111
0,8,2,1235,2058
0,8,2,1236,1987
0,8,2,1237,2409
0,8,2,1238,2258
0,8,2,1239,2313
0,8,2,1240,2382
0,8,2,1241,1291
0,8,2,1242,2177
0,8,2,1243,2129
0,8,2,1244,2320
0,8,2,1245,2072
0,8,2,1246,17653
0,8,2,1247,2625
0,8,2,1248,1180
0,8,2,1249,3151
0,8,2,1250,2328
0,8,2,1251,2589
0,8,2,1252,2364
0,8,2,1253,2583
0,8,2,1254,2852
0,8,2,1255,2364
0,8,2,1256,2762
0,8,2,1257,2585
0,8,2,1258,1174
0,8,2,1259,1246
0,8,2,1260,2019
0,8,2,1261,1443
0,8,2,1262,1516
0,8,2,1263,2010
0,8,2,1264,3274
0,8,2,1265,2263
0,8,2,1266,3011
0,8,2,1267,2524
0,8,2,1268,2623
0,8,2,1269,2373
0,8,2,1270,2801
0,8,2,1271,2374
0,8,2,1272,3117
0,8,2,1273,2465
0,8,2,1274,2974
0,8,2,1275,2397
0,8,2,1276,3164
0,8,2,1277,1994
0,8,2,1278,2789
0,8,2,1279,2425
0,8,2,1280,2856
0,8,2,1281,1959
0,8,2,1282,4649
0,8,2,1283,3238
0,8,2,1284,1850
0,8,2,1285,1325
0,8,2,1286,3811
0,8,2,1287,2150
0,8,2,1288,3403
0,8,2,1289,3011
0,8,2,1290,52596
0,8,2,1291,3080
0,8,2,1292,2673
0,8,2,1293,2818
0,8,2,1294,3122
0,8,2,1295,2295
0,8,2,1296,3022
0,8,2,1297,2840
0,8,2,1298,2628
0,8,2,1299,3349
0,8,2,1300,2542
0,8,2,1301,3083
0,8,2,1302,2301
0,8,2,1303,2719
0,8,2,1304,1774
0,8,2,1305,3036
0,8,2,1306,2327
0,8,2,1307,2790
0,8,2,1308,22592
0,8,2,1309,2599
0,8,2,1310,2958
0,8,2,1311,2602
0,8,2,1312,2306
0,8,2,1313,2700
0,8,2,1314,2631
0,8,2,1315,2452
0,8,2,1316,2714
0,8,2,1317,2195
0,8,2,1318,1671
0,8,2,1319,4291
0,8,2,1320,4258
0,8,2,1321,3456
0,8,2,1322,3419
0,8,2,1323,2870
0,8,2,1324,2654
0,8,2,1325,2469
0,8,2,1326,2477
0,8,2,1327,4104
0,8,2,1328,4453
0,8,2,1329,3479
0,8,2,1330,3337
0,8,2,1331,1682
0,8,2,1332,1699
0,8,2,1333,1213
0,8,2,1334,1455
0,8,2,1335,1523
0,8,2,1336,1608
0,8,2,1337,4745
0,8,2,1338,2440
0,8,2,1339,3546
0,8,2,1340,2206
0,8,2,1341,3620
0,8,2,1342,2134
0,8,2,1343,3883
0,8,2,1344,2671
0,8,2,1345,3570
0,8,2,1346,2498
0,8,2,1347,3295
0,8,2,1348,2669
0,8,2,1349,1705
0,8,2,1350,3581
0,8,2,1351,2492
0,8,2,1352,3254
0,8,2,1353,2398
0,8,2,1354,3090
0,8,2,1355,2412
0,8,2,1356,1575
0,8,2,1357,1636
0,8,2,1358,3418
0,8,2,1359,2109
0,8,2,1360,3476
0,8,2,1361,2445
0,8,2,1362,2575
0,8,2,1363,2977
0,8,2,1364,3347
0,8,2,1365,2403
0,8,2,1366,3271
0,8,2,1367,2397
0,8,2,1368,3215
0,8,2,1369,2429
0,8,2,1370,1765
0,8,2,1371,3385
0,8,2,1372,2532
0,8,2,1373,1589
0,8,2,1374,3432
0,8,2,1375,2354
0,8,2,1376,2894
0,8,2,1377,2348
0,8,2,1378,3021
0,8,2,1379,2287
0,8,2,1380,3387
0,8,2,1381,2261
0,8,2,1382,1317
0,8,2,1383,1282
0,8,2,1384,1125
0,8,2,1385,1631
0,8,2,1386,1794
0,8,2,1387,4697
0,8,2,1388,2288
0,8,2,1389,3697
0,8,2,1390,2474
0,8,2,1391,3477
0,8,2,1392,2451
0,8,2,1393,3264
0,8,2,1394,5465
0,8,2,1395,3021
0,8,2,1396,2556
0,8,2,1397,3749
0,8,2,1398,2652
0,8,2,1399,182300404
0,8,2,1400,5232
0,8,2,1401,2918
0,8,2,1402,4051
0,8,2,1403,2586
0,8,2,1404,3949
0,8,2,1405,3004
0,8,2,1406,3622
0,8,2,1407,2832
0,8,2,1408,1926
0,8,2,1409,3576
0,8,2,1410,2634
0,8,2,1411,2998
0,8,2,1412,3506
0,8,2,1413,2543
0,8,2,1414,3294
0,8,2,1415,2778
0,8,2,1416,3240
0,8,2,1417,2471
0,8,2,1418,3309
0,8,2,1419,2605
0,8,2,1420,3308
0,8,2,1421,2632
0,8,2,1422,1713
0,8,2,1423,1677
0,8,2,1424,3886
0,8,2,1425,2610
0,8,2,1426,3242
0,8,2,1427,2516
0,8,2,1428,3048
0,8,2,1429,2490
0,8,2,1430,3511
0,8,2,1431,2597
0,8,2,1432,1650
0,8,2,1433,3440
0,8,2,1434,2518
0,8,2,1435,3181
0,8,2,1436,2531
0,8,2,1437,1852
0,8,2,1438,3266
0,8,2,1439,2462
0,8,2,1440,3092
0,8,2,1441,2506
0,8,2,1442,3063
0,8,2,1443,2657
0,8,2,1444,3198
0,8,2,1445,2427
0,8,2,1446,1793
0,8,2,1447,3323
0,8,2,1448,2211
0,8,2,1449,3152
0,8,2,1450,2431
0,8,2,1451,2985
0,8,2,1452,2503
0,8,2,1453,2926
0,8,2,1454,2347
0,8,2,1455,3263
0,8,2,1456,2439
0,8,2,1457,2890
0,8,2,1458,2496
0,8,2,1459,3014
0,8,2,1460,2569
0,8,2,1461,3199
0,8,2,1462,2605
0,8,2,1463,3427
0,8,2,1464,2438
0,8,2,1465,3369
0,8,2,1466,2875
0,8,2,1467,3037
0,8,2,1468,2613
0,8,2,1469,2923
0,8,2,1470,2416
0,8,2,1471,3225
0,8,2,1472,2802
0,8,2,1473,3128
0,8,2,1474,2542
0,8,2,1475,2915
0,8,2,1476,2506
0,8,2,1477,2982
0,8,2,1478,2525
0,8,2,1479,3027
0,8,2,1480,2724
0,8,2,1481,2750
0,8,2,1482,2579
0,8,2,1483,2888
0,8,2,1484,2646
0,8,2,1485,2976
0,8,2,1486,2501
0,8,2,1487,2989
0,8,2,1488,2452
0,8,2,1489,2963
0,8,2,1490,2567
0,8,2,1491,2955
0,8,2,1492,2414
0,8,2,1493,2726
0,8,2,1494,2501
0,8,2,1495,3007
0,8,2,1496,2455
0,8,2,1497,2894
0,8,2,1498,2907
0,8,2,1499,2922
0,8,2,1500,2540
0,8,2,1501,2930
0,8,2,1502,2560
0,8,2,1503,1925
0,8,2,1504,3302
0,8,2,1505,2295
0,8,2,1506,2974
0,8,2,1507,2568
0,8,2,1508,3096
0,8,2,1509,2940
0,8,2,1510,3272
0,8,2,1511,2548
0,8,2,1512,3087
0,8,2,1513,2415
0,8,2,1514,2889
0,8,2,1515,3004
0,8,2,1516,2554
0,8,2,1517,3218
0,8,2,1518,2909
0,8,2,1519,2954
0,8,2,1520,2501
0,8,2,1521,2813
0,8,2,1522,2719
0,8,2,1523,2897
0,8,2,1524,2443
0,8,2,1525,2928
0,8,2,1526,2550
0,8,2,1527,3093
0,8,2,1528,2519
0,8,2,1529,3014
0,8,2,1530,2560
0,8,2,1531,2882
0,8,2,1532,2418
0,8,2,1533,2778
0,8,2,1534,2409
0,8,2,1535,2916
0,8,2,1536,2587
0,8,2,1537,2793
0,8,2,1538,2410
0,8,2,1539,3042
0,8,2,1540,2345
0,8,2,1541,2595
0,8,2,1542,2449
0,8,2,1543,2907
0,8,2,1544,2583
0,8,2,1545,2744
0,8,2,1546,2408
0,8,2,1547,2867
0,8,2,1548,2305
0,8,2,1549,4292
0,8,2,1550,2369
0,8,2,1551,1805
0,8,2,1552,3291
0,8,2,1553,2551
0,8,2,1554,3228
0,8,2,1555,2124
0,8,2,1556,2914
0,8,2,1557,2329
0,8,2,1558,2983
0,8,2,1559,2525
0,8,2,1560,2765
0,8,2,1561,2621
0,8,2,1562,3582
0,8,2,1563,2565
0,8,2,1564,3214
0,8,2,1565,2527
0,8,2,1566,3328
0,8,2,1567,2582
0,8,2,1568,3181
0,8,2,1569,2476
0,8,2,1570,1787
0,8,2,1571,3349
0,8,2,1572,2213
0,8,2,1573,3157
0,8,2,1574,2459
0,8,2,1575,3070
0,8,2,1576,2373
0,8,2,1577,2940
0,8,2,1578,2448
0,8,2,1579,3062
0,8,2,1580,2608
0,8,2,1581,2635
0,8,2,1582,2394
0,8,2,1583,1976
0,8,2,1584,3244
0,8,2,1585,2456
0,8,2,1586,2535
0,8,2,1587,2203
0,8,2,1588,3407
0,8,2,1589,2635
0,8,2,1590,2930
0,8,2,1591,2589
0,8,2,1592,3064
0,8,2,1593,2288
0,8,2,1594,2526
0,8,2,1595,2915
0,8,2,1596,2473
0,8,2,1597,2809
0,8,2,1598,2330
0,8,2,1599,1697
0,8,2,1600,3048
0,8,2,1601,2336
0,8,2,1602,1166
0,8,2,1603,3255
0,8,2,1604,2262
0,8,2,1605,2984
0,8,2,1606,2316
0,8,2,1607,3048
0,8,2,1608,2368
0,8,2,1609,2976
0,8,2,1610,2404
0,8,2,1611,205161980
0,8,2,1612,1733
0,8,2,1613,3016
0,8,2,1614,2082
0,8,2,1615,2126
0,8,2,1616,2118
0,8,2,1617,2053
0,8,2,1618,2394
0,8,2,1619,2136
0,8,2,1620,2043
0,8,2,1621,2568
0,8,2,1622,2077
0,8,2,1623,2173
0,8,2,1624,1975
0,8,2,1625,2624
0,8,2,1626,2391
0,8,2,1627,2139
0,8,2,1628,2092
0,8,2,1629,1888
0,8,2,1630,28188
0,8,2,1631,2197
0,8,2,1632,2579
0,8,2,1633,2529
0,8,2,1634,1943
0,8,2,1635,2276
0,8,2,1636,1825
0,8,2,1637,1991
0,8,2,1638,1983
0,8,2,1639,1077
0,8,2,1640,2469
0,8,2,1641,2187
0,8,2,1642,2148
0,8,2,1643,2104
0,8,2,1644,2236
0,8,2,1645,2192
0,8,2,1646,2206
0,8,2,1647,927
0,8,2,1648,2373
0,8,2,1649,2192
0,8,2,1650,2082
0,8,2,1651,2187
0,8,2,1652,2529
0,8,2,1653,2207
0,8,2,1654,1985
0,8,2,1655,1986
0,8,2,1656,1967
0,8,2,1657,2090
0,8,2,1658,2061
0,8,2,1659,1255
0,8,2,1660,2546
0,8,2,1661,1922
0,8,2,1662,2083
0,8,2,1663,2339
0,8,2,1664,1968
0,8,2,1665,2128
0,8,2,1666,1196
0,8,2,1667,2652
0,8,2,1668,2120
0,8,2,1669,2011
0,8,2,1670,1990
0,8,2,1671,2029
0,8,2,1672,1963
0,8,2,1673,1978
0,8,2,1674,387906
0,8,2,1675,2308
0,8,2,1676,2888
0,8,2,1677,2298
0,8,2,1678,2036
0,8,2,1679,2069
0,8,2,1680,2162
0,8,2,1681,2034
0,8,2,1682,1934
0,8,2,1683,1967
0,8,2,1684,2180
0,8,2,1685,2469
0,8,2,1686,2778
0,8,2,1687,1942
0,8,2,1688,1013
0,8,2,1689,929
0,8,2,1690,3029
0,8,2,1691,3289
0,8,2,1692,2616
0,8,2,1693,2754
0,8,2,1694,1644
0,8,2,1695,2639
0,8,2,1696,1527
0,8,2,1697,1867
0,8,2,1698,1703
0,8,2,1699,2606
0,8,2,1700,1494
0,8,2,1701,75329
0,8,2,1702,1498
0,8,2,1703,3682
0,8,2,1704,2120
0,8,2,1705,2184
0,8,2,1706,2672
0,8,2,1707,2474
0,8,2,1708,1186
0,8,2,1709,2658
0,8,2,1710,1290
0,8,2,1711,1117
0,8,2,1712,1157
0,8,2,1713,3085
0,8,2,1714,2504
0,8,2,1715,2876
0,8,2,1716,2376
0,8,2,1717,2385
0,8,2,1718,1482
0,8,2,1719,1221
0,8,2,1720,2712
0,8,2,1721,2223
0,8,2,1722,2252
0,8,2,1723,2164
0,8,2,1724,2063
0,8,2,1725,2157
0,8,2,1726,2120
0,8,2,1727,3030
0,8,2,1728,2495
0,8,2,1729,2144
0,8,2,1730,2334
0,8,2,1731,1153
0,8,2,1732,2740
0,8,2,1733,2227
0,8,2,1734,1116
0,8,2,1735,1328
0,8,2,1736,3049
0,8,2,1737,2121
0,8,2,1738,2804
0,8,2,1739,2102
0,8,2,1740,1242
0,8,2,1741,1158
0,8,2,1742,1042
0,8,2,1743,2902
0,8,2,1744,2189
0,8,2,1745,2129
0,8,2,1746,2200
0,8,2,1747,2158
0,8,2,1748,2136
0,8,2,1749,2380
0,8,2,1750,2276
0,8,2,1751,2051
0,8,2,1752,2285
0,8,2,1753,1457
0,8,2,1754,1066
0,8,2,1755,2781
0,8,2,1756,2051
0,8,2,1757,1952
0,8,2,1758,2200
0,8,2,1759,2055
0,8,2,1760,2104
0,8,2,1761,1514
0,8,2,1762,2227
0,8,2,1763,2224
0,8,2,1764,2206
0,8,2,1765,2180
0,8,2,1766,2146
0,8,2,1767,2652
0,8,2,1768,2051
0,8,2,1769,2348
0,8,2,1770,2055
0,8,2,1771,2198
0,8,2,1772,1081
0,8,2,1773,2814
0,8,2,1774,2103
0,8,2,1775,2645
0,8,2,1776,3020
0,8,2,1777,2425
0,8,2,1778,2160
0,8,2,1779,2226
0,8,2,1780,2748
0,8,2,1781,2332
0,8,2,1782,2522
0,8,2,1783,2301
0,8,2,1784,2449
0,8,2,1785,2148
0,8,2,1786,2351
0,8,2,1787,2367
0,8,2,1788,2116
0,8,2,1789,2114
0,8,2,1790,2259
0,8,2,1791,2085
0,8,2,1792,2091
0,8,2,1793,2099
0,8,2,1794,2086
0,8,2,1795,2006
0,8,2,1796,2068
0,8,2,1797,1880
0,8,2,1798,2078
0,8,2,1799,2057
0,8,2,1800,2219
0,8,2,1801,2183
0,8,2,1802,2075
0,8,2,1803,2147
0,8,2,1804,2305
0,8,2,1805,2131
0,8,2,1806,2178
0,8,2,1807,2673
0,8,2,1808,2324
0,8,2,1809,1181
0,8,2,1810,2632
0,8,2,1811,2269
0,8,2,1812,2038
0,8,2,1813,2247
0,8,2,1814,2112
0,8,2,1815,2083
0,8,2,1816,1262
0,8,2,1817,1561
0,8,2,1818,3386
0,8,2,1819,2373
0,8,2,1820,2283
0,8,2,1821,2207
0,8,2,1822,2168
0,8,2,1823,2145
0,8,2,1824,2225
0,8,2,1825,1402
0,8,2,1826,2797
0,8,2,1827,2432
0,8,2,1828,1137
0,8,2,1829,2765
0,8,2,1830,2022
0,8,2,1831,2271
0,8,2,1832,1852
0,8,2,1833,2537
0,8,2,1834,2576
0,8,2,1835,1952
0,8,2,1836,2039
0,8,2,1837,2017
0,8,2,1838,2363
0,8,2,1839,1157
0,8,2,1840,2802
0,8,2,1841,2285
0,8,2,1842,2354
0,8,2,1843,2187
0,8,2,1844,2319
0,8,2,1845,2085
0,8,2,1846,1416
0,8,2,1847,2442
0,8,2,1848,2182
0,8,2,1849,1253
0,8,2,1850,2958
0,8,2,1851,2167
0,8,2,1852,2554
0,8,2,1853,2483
0,8,2,1854,2192
0,8,2,1855,2592
0,8,2,1856,2162
0,8,2,1857,1927
0,8,2,1858,2096
0,8,2,1859,2185
0,8,2,1860,2110
0,8,2,1861,2203
0,8,2,1862,2306
0,8,2,1863,2163
0,8,2,1864,2063
0,8,2,1865,2125
0,8,2,1866,99675
0,8,2,1867,2281
0,8,2,1868,1174
0,8,2,1869,2507
0,8,2,1870,2775
0,8,2,1871,2255
0,8,2,1872,2689
0,8,2,1873,2137
0,8,2,1874,2288
0,8,2,1875,2036
0,8,2,1876,1914
0,8,2,1877,2045
0,8,2,1878,1274
0,8,2,1879,1099
0,8,2,1880,1043
0,8,2,1881,2134
0,8,2,1882,1360
0,8,2,1883,2623
0,8,2,1884,1532
0,8,2,1885,2373
0,8,2,1886,2069
0,8,2,1887,2253
0,8,2,1888,1509
0,8,2,1889,1277
0,8,2,1890,1563
0,8,2,1891,1302
0,8,2,1892,1115
0,8,2,1893,1612
0,8,2,1894,1130
0,8,2,1895,2358
0,8,2,1896,2130
0,8,2,1897,1393
0,8,2,1898,1090
0,8,2,1899,1433
0,8,2,1900,1264
0,8,2,1901,1326
0,8,2,1902,1646
0,8,2,1903,1623
0,8,2,1904,1477
0,8,2,1905,1219
0,8,2,1906,1030
0,8,2,1907,1117
0,8,2,1908,1132
0,8,2,1909,1370
0,8,2,1910,1426
0,8,2,1911,1175
0,8,2,1912,1919
0,8,2,1913,1230
0,8,2,1914,1844
0,8,2,1915,1130
0,8,2,1916,1241
0,8,2,1917,1315
0,8,2,1918,1009
0,8,2,1919,1158
0,8,2,1920,1223
0,8,2,1921,1056
0,8,2,1922,1018
0,8,2,1923,1064
0,8,2,1924,1146
0,8,2,1925,2091
0,8,2,1926,1464
0,8,2,1927,1717
0,8,2,1928,1381
0,8,2,1929,1552
0,8,2,1930,1160
0,8,2,1931,1200
0,8,2,1932,1193
0,8,2,1933,1336
0,8,2,1934,1261
0,8,2,1935,1302
0,8,2,1936,1258
0,8,2,1937,1135
0,8,2,1938,2863
0,8,2,1939,2527
0,8,2,1940,1648
0,8,2,1941,2121
0,8,2,1942,1448
0,8,2,1943,1182
0,8,2,1944,1112
0,8,2,1945,1273
0,8,2,1946,1137
0,8,2,1947,1156
0,8,2,1948,970
0,8,2,1949,1210
0,8,2,1950,1892
0,8,2,1951,2231
0,8,2,1952,1466
0,8,2,1953,1222
0,8,2,1954,1091
0,8,2,1955,1929
0,8,2,1956,1344
0,8,2,1957,1150
0,8,2,1958,995
0,8,2,1959,1038
0,8,2,1960,1078
0,8,2,1961,1353
0,8,2,1962,1084
0,8,2,1963,1080
0,8,2,1964,1630
0,8,2,1965,1399
0,8,2,1966,2145
0,8,2,1967,1472
0,8,2,1968,1845
0,8,2,1969,1204
0,8,2,1970,1136
0,8,2,1971,1162
0,8,2,1972,1092
0,8,2,1973,1753
0,8,2,1974,1415
0,8,2,1975,22289
0,8,2,1976,2788
0,8,2,1977,1099
0,8,2,1978,1300
0,8,2,1979,1164
0,8,2,1980,1259
0,8,2,1981,1108
0,8,2,1982,994
0,8,2,1983,1303
0,8,2,1984,1198
0,8,2,1985,1194
0,8,2,1986,948
0,8,2,1987,1043
0,8,2,1988,1036
0,8,2,1989,4308
0,8,2,1990,2625
0,8,2,1991,1605
0,8,2,1992,1205
0,8,2,1993,1061
0,8,2,1994,1443
0,8,2,1995,971
0,8,2,1996,1553
0,8,2,1997,1498
0,8,2,1998,1055
0,8,2,1999,1410
1,4,2,0,6351
1,4,2,1,7654
1,4,2,2,4022
1,4,2,3,4963
1,4,2,4,3020
1,4,2,5,4509
1,4,2,6,3262
1,4,2,7,2667
1,4,2,8,4064
1,4,2,9,2531
1,4,2,10,3589
1,4,2,11,2658
1,4,2,12,1797
1,4,2,13,3263
1,4,2,14,2364
1,4,2,15,3922
1,4,2,16,2515
1,4,2,17,1764
1,4,2,18,3821
1,4,2,19,2777
1,4,2,20,3079
1,4,2,21,3530
1,4,2,22,2934
1,4,2,23,3269
1,4,2,24,2849
1,4,2,25,3362
1,4,2,26,3640
1,4,2,27,2000
1,4,2,28,3540
1,4,2,29,2585
1,4,2,30,3312
1,4,2,31,2783
1,4,2,32,3228
1,4,2,33,2831
1,4,2,34,1811
1,4,2,35,3226
1,4,2,36,2850
1,4,2,37,3213
1,4,2,38,2538
1,4,2,39,3174
1,4,2,40,2706
1,4,2,41,2712
1,4,2,42,3127
1,4,2,43,3053
1,4,2,44,3212
1,4,2,45,2865
1,4,2,46,3106
1,4,2,47,2944
1,4,2,48,3346
1,4,2,49,1895
1,4,2,50,2654
1,4,2,51,2465
1,4,2,52,2602
1,4,2,53,3244
1,4,2,54,2689
1,4,2,55,3061
1,4,2,56,2544
1,4,2,57,2877
1,4,2,58,2394
1,4,2,59,3313
1,4,2,60,2663
1,4,2,61,3546
1,4,2,62,2722
1,4,2,63,1836
1,4,2,64,2944
1,4,2,65,2433
1,4,2,66,2974
1,4,2,67,2423
1,4,2,68,2707
1,4,2,69,2558
1,4,2,70,1807
1,4,2,71,3113
1,4,2,72,2313
1,4,2,73,2950
1,4,2,74,2277
1,4,2,75,2902
1,4,2,76,2845
1,4,2,77,2987
1,4,2,78,2305
1,4,2,79,3282
1,4,2,80,2283
1,4,2,81,2220
1,4,2,82,3269
1,4,2,83,3094
1,4,2,84,3254
1,4,2,85,3682
1,4,2,86,3011
1,4,2,87,3207
1,4,2,88,2909
1,4,2,89,3646
1,4,2,90,2773
1,4,2,91,3174
1,4,2,92,2422
1,4,2,93,3192
1,4,2,94,2877
1,4,2,95,3244
1,4,2,96,2564
1,4,2,97,3058
1,4,2,98,2338
1,4,2,99,3250
1,4,2,100,2547
1,4,2,101,2713
1,4,2,102,2320
1,4,2,103,2922
1,4,2,104,2320
1,4,2,105,2683
1,4,2,106,2235
1,4,2,107,3067
1,4,2,108,2409
1,4,2,109,2974
1,4,2,110,2272
1,4,2,111,2860
1,4,2,112,2382
1,4,2,113,2666
1,4,2,114,2326
1,4,2,115,2922
1,4,2,116,2556
1,4,2,117,2951
1,4,2,118,2436
1,4,2,119,2573
1,4,2,120,2472
1,4,2,121,2923
1,4,2,122,2403
1,4,2,123,2891
1,4,2,124,2270
1,4,2,125,2870
1,4,2,126,2401
1,4,2,127,3012
1,4,2,128,2635
1,4,2,129,2898
1,4,2,130,2300
1,4,2,131,3480
1,4,2,132,2466
1,4,2,133,1658
1,4,2,134,2790
1,4,2,135,2363
1,4,2,136,2700
1,4,2,137,2252
1,4,2,138,2776
1,4,2,139,2594
1,4,2,140,2961
1,4,2,141,2601
1,4,2,142,2622
1,4,2,143,3183
1,4,2,144,2487
1,4,2,145,3441
1,4,2,146,2444
1,4,2,147,1666
1,4,2,148,3080
1,4,2,149,2383
1,4,2,150,2953
1,4,2,151,2251
1,4,2,152,3052
1,4,2,153,62045
1,4,2,154,3150
1,4,2,155,2458
1,4,2,156,3166
1,4,2,157,2437
1,4,2,158,3169
1,4,2,159,2633
1,4,2,160,2974
1,4,2,161,2410
1,4,2,162,3288
1,4,2,163,2690
1,4,2,164,3240
1,4,2,165,2646
1,4,2,166,3165
1,4,2,167,2645
1,4,2,168,2977
1,4,2,169,2647
1,4,2,170,25175
1,4,2,171,2229
1,4,2,172,2719
1,4,2,173,1857
1,4,2,174,3165
1,4,2,175,2528
1,4,2,176,3332
1,4,2,177,2779
1,4,2,178,3187
1,4,2,179,3154
1,4,2,180,1749
1,4,2,181,1450
1,4,2,182,3251
1,4,2,183,2481
1,4,2,184,3058
1,4,2,185,2362
1,4,2,186,2898
1,4,2,187,2375
1,4,2,188,1766
1,4,2,189,3834
1,4,2,190,2508
1,4,2,191,3089
1,4,2,192,2588
1,4,2,193,1915
1,4,2,194,3507
1,4,2,195,2616
1,4,2,196,3053
1,4,2,197,2742
1,4,2,198,3066
1,4,2,199,2728
1,4,2,200,1780
1,4,2,201,1697
1,4,2,202,4943
1,4,2,203,2608
1,4,2,204,3287
1,4,2,205,2501
1,4,2,206,3230
1,4,2,207,2181
1,4,2,208,3028
1,4,2,209,3077
1,4,2,210,2623
1,4,2,211,3224
1,4,2,212,2786
1,4,2,213,3238
1,4,2,214,2522
1,4,2,215,3026
1,4,2,216,27696
1,4,2,217,3397
1,4,2,218,2658
1,4,2,219,3346
1,4,2,220,2678
1,4,2,221,1623
1,4,2,222,3440
1,4,2,223,2561
1,4,2,224,3056
1,4,2,225,2400
1,4,2,226,2991
1,4,2,227,20299
1,4,2,228,1663
1,4,2,229,3080
1,4,2,230,2677
1,4,2,231,3236
1,4,2,232,2282
1,4,2,233,3197
1,4,2,234,2306
1,4,2,235,3284
1,4,2,236,2305
1,4,2,237,1646
1,4,2,238,3384
1,4,2,239,2229
1,4,2,240,3371
1,4,2,241,2379
1,4,2,242,1584
1,4,2,243,3357
1,4,2,244,2344
1,4,2,245,3173
1,4,2,246,2539
1,4,2,247,26790
1,4,2,248,3410
1,4,2,249,2657
1,4,2,250,3532
1,4,2,251,2533
1,4,2,252,3121
1,4,2,253,2327
1,4,2,254,3084
1,4,2,255,2523
1,4,2,256,2998
1,4,2,257,2411
1,4,2,258,3247
1,4,2,259,2573
1,4,2,260,2986
1,4,2,261,2447
1,4,2,262,3055
1,4,2,263,2483
1,4,2,264,3000
1,4,2,265,2556
1,4,2,266,3123
1,4,2,267,2522
1,4,2,268,3025
1,4,2,269,2513
1,4,2,270,3040
1,4,2,271,2557
1,4,2,272,3185
1,4,2,273,2635
1,4,2,274,3244
1,4,2,275,2531
1,4,2,276,3134
1,4,2,277,2432
1,4,2,278,1803
1,4,2,279,3138
1,4,2,280,5978
1,4,2,281,2943
1,4,2,282,2512
1,4,2,283,2987
1,4,2,284,2255
1,4,2,285,2862
1,4,2,286,2526
1,4,2,287,3231
1,4,2,288,2329
1,4,2,289,2954
1,4,2,290,2496
1,4,2,291,2890
1,4,2,292,3201
1,4,2,293,2430
1,4,2,294,3075
1,4,2,295,2517
1,4,2,296,3192
1,4,2,297,2601
1,4,2,298,3020
1,4,2,299,2669
1,4,2,300,1747
1,4,2,301,1660
1,4,2,302,4262
1,4,2,303,2417
1,4,2,304,3619
1,4,2,305,2651
1,4,2,306,3429
1,4,2,307,2500
1,4,2,308,3709
1,4,2,309,2693
1,4,2,310,3464
1,4,2,311,2422
1,4,2,312,3065
1,4,2,313,2699
1,4,2,314,3117
1,4,2,315,2592
1,4,2,316,3162
1,4,2,317,2557
1,4,2,318,3044
1,4,2,319,2921
1,4,2,320,3147
1,4,2,321,2507
1,4,2,322,3553
1,4,2,323,2554
1,4,2,324,4132
1,4,2,325,2425
1,4,2,326,3098
1,4,2,327,2317
1,4,2,328,2949
1,4,2,329,2555
1,4,2,330,2947
1,4,2,331,2689
1,4,2,332,2991
1,4,2,333,2637
1,4,2,334,3316
1,4,2,335,2434
1,4,2,336,2891
1,4,2,337,2426
1,4,2,338,2801
1,4,2,339,3051
1,4,2,340,2914
1,4,2,341,2420
1,4,2,342,2879
1,4,2,343,2607
1,4,2,344,3010
1,4,2,345,2549
1,4,2,346,3116
1,4,2,347,2540
1,4,2,348,2935
1,4,2,349,2540
1,4,2,350,3023
1,4,2,351,2772
1,4,2,352,2940
1,4,2,353,2518
1,4,2,354,2909
1,4,2,355,2655
1,4,2,356,2979
1,4,2,357,2505
1,4,2,358,2900
1,4,2,359,2512
1,4,2,360,2830
1,4,2,361,2679
1,4,2,362,1704
1,4,2,363,2906
1,4,2,364,2319
1,4,2,365,2876
1,4,2,366,2421
1,4,2,367,2643
1,4,2,368,2317
1,4,2,369,2916
1,4,2,370,2511
1,4,2,371,3016
1,4,2,372,2506
1,4,2,373,2909
1,4,2,374,2448
1,4,2,375,4054
1,4,2,376,2592
1,4,2,377,3746
1,4,2,378,2521
1,4,2,379,2057
1,4,2,380,4419
1,4,2,381,2582
1,4,2,382,3506
1,4,2,383,2605
1,4,2,384,3564
1,4,2,385,2514
1,4,2,386,3456
1,4,2,387,2437
1,4,2,388,3345
1,4,2,389,2665
1,4,2,390,1725
1,4,2,391,3562
1,4,2,392,2264
1,4,2,393,2959
1,4,2,394,2497
1,4,2,395,3187
1,4,2,396,3195
1,4,2,397,2663
1,4,2,398,3000
1,4,2,399,2692
1,4,2,400,3457
1,4,2,401,2784
1,4,2,402,3177
1,4,2,403,2842
1,4,2,404,2882
1,4,2,405,2987
1,4,2,406,3297
1,4,2,407,2587
1,4,2,408,1865
1,4,2,409,3220
1,4,2,410,2561
1,4,2,411,2984
1,4,2,412,2516
1,4,2,413,3080
1,4,2,414,2559
1,4,2,415,3253
1,4,2,416,2495
1,4,2,417,2976
1,4,2,418,2539
1,4,2,419,3306
1,4,2,420,2657
1,4,2,421,1615
1,4,2,422,1638
1,4,2,423,1562
1,4,2,424,1672
1,4,2,425,1725
1,4,2,426,3848
1,4,2,427,2328
1,4,2,428,3153
1,4,2,429,2450
1,4,2,430,2929
1,4,2,431,2607
1,4,2,432,1801
1,4,2,433,191759
1,4,2,434,2483
1,4,2,435,3458
1,4,2,436,2687
1,4,2,437,2959
1,4,2,438,2251
1,4,2,439,2895
1,4,2,440,2399
1,4,2,441,1769
1,4,2,442,1699
1,4,2,443,3650
1,4,2,444,2501
1,4,2,445,3181
1,4,2,446,3058
1,4,2,447,2753
1,4,2,448,3002
1,4,2,449,2518
1,4,2,450,3122
1,4,2,451,2501
1,4,2,452,2901
1,4,2,453,2468
1,4,2,454,3028
1,4,2,455,2456
1,4,2,456,3104
1,4,2,457,2999
1,4,2,458,3307
1,4,2,459,2736
1,4,2,460,3131
1,4,2,461,2571
1,4,2,462,1947
1,4,2,463,3050
1,4,2,464,3655
1,4,2,465,3106
1,4,2,466,2677
1,4,2,467,2976
1,4,2,468,2683
1,4,2,469,2826
1,4,2,470,2527
1,4,2,471,2851
1,4,2,472,2822
1,4,2,473,4300
1,4,2,474,2634
1,4,2,475,3860
1,4,2,476,53601538
1,4,2,477,3342
1,4,2,478,3652
1,4,2,479,3403
1,4,2,480,25914
1,4,2,481,3421
1,4,2,482,3765
1,4,2,483,2873
1,4,2,484,3143
1,4,2,485,3132
1,4,2,486,2938
1,4,2,487,3427
1,4,2,488,3047
1,4,2,489,3339
1,4,2,490,3042
1,4,2,491,3154
1,4,2,492,2958
1,4,2,493,3091
1,4,2,494,2627
1,4,2,495,4791
1,4,2,496,3357
1,4,2,497,2851
1,4,2,498,2640
1,4,2,499,3216
1,4,2,500,2955
1,4,2,501,3096
1,4,2,502,3274
1,4,2,503,3180
1,4,2,504,3114
1,4,2,505,3182
1,4,2,506,3118
1,4,2,507,3258
1,4,2,508,3001
1,4,2,509,3038
1,4,2,510,3334
1,4,2,511,2879
1,4,2,512,2648
1,4,2,513,3688
1,4,2,514,3286
1,4,2,515,3316
1,4,2,516,3323
1,4,2,517,3732
1,4,2,518,3144
1,4,2,519,3345
1,4,2,520,2868
1,4,2,521,3423
1,4,2,522,61863716
1,4,2,523,5338
1,4,2,524,3738
1,4,2,525,3869
1,4,2,526,2487
1,4,2,527,1864
1,4,2,528,2975
1,4,2,529,2133
1,4,2,530,2551
1,4,2,531,2197
1,4,2,532,2231
1,4,2,533,1860
1,4,2,534,75209
1,4,2,535,2643
1,4,2,536,2640
1,4,2,537,2270
1,4,2,538,1255
1,4,2,539,1658
1,4,2,540,1200
1,4,2,541,1251
1,4,2,542,1030
1,4,2,543,1087
1,4,2,544,3107
1,4,2,545,2488
1,4,2,546,2075
1,4,2,547,2158
1,4,2,548,2053
1,4,2,549,1927
1,4,2,550,2132
1,4,2,551,1047
1,4,2,552,2474
1,4,2,553,2143
1,4,2,554,2025
1,4,2,555,1881
1,4,2,556,1952
1,4,2,557,1873
1,4,2,558,1974
1,4,2,559,1684
1,4,2,560,2553
1,4,2,561,2219
1,4,2,562,2219
1,4,2,563,2311
1,4,2,564,1972
1,4,2,565,2055
1,4,2,566,2131
1,4,2,567,1984
1,4,2,568,2267
1,4,2,569,1172
1,4,2,570,2389
1,4,2,571,2234
1,4,2,572,1275
1,4,2,573,1109
1,4,2,574,3552
1,4,2,575,1981
1,4,2,576,2365
1,4,2,577,2431
1,4,2,578,2320
1,4,2,579,2021
1,4,2,580,2260
1,4,2,581,2419
1,4,2,582,2078
1,4,2,583,2038
1,4,2,584,2793
1,4,2,585,2483
1,4,2,586,1044
1,4,2,587,1032
1,4,2,588,2935
1,4,2,589,2281
1,4,2,590,4386
1,4,2,591,2003
1,4,2,592,1496
1,4,2,593,1170
1,4,2,594,3296
1,4,2,595,2367
1,4,2,596,2188
1,4,2,597,2232
1,4,2,598,1221
1,4,2,599,1604
1,4,2,600,3036
1,4,2,601,2295
1,4,2,602,2625
1,4,2,603,2299
1,4,2,604,1178
1,4,2,605,1370
1,4,2,606,1362
1,4,2,607,4378
1,4,2,608,2362
1,4,2,609,3047
1,4,2,610,2327
1,4,2,611,2568
1,4,2,612,2489
1,4,2,613,1847
1,4,2,614,2080
1,4,2,615,2437
1,4,2,616,2122
1,4,2,617,1982
1,4,2,618,2036
1,4,2,619,1908
1,4,2,620,2146
1,4,2,621,2222
1,4,2,622,2282
1,4,2,623,2015
1,4,2,624,2002
1,4,2,625,1172
1,4,2,626,23069
1,4,2,627,1267
1,4,2,628,1122
1,4,2,629,1006
1,4,2,630,1288
1,4,2,631,1343
1,4,2,632,991
1,4,2,633,951
1,4,2,634,3758
1,4,2,635,1986
1,4,2,636,1343
1,4,2,637,2902
1,4,2,638,1905
1,4,2,639,2350
1,4,2,640,2048
1,4,2,641,2676
1,4,2,642,2091
1,4,2,643,1081
1,4,2,644,1342
1,4,2,645,2468
1,4,2,646,2220
1,4,2,647,3332
1,4,2,648,2323
1,4,2,649,2368
1,4,2,650,2105
1,4,2,651,1378
1,4,2,652,2372
1,4,2,653,1947
1,4,2,654,2034
1,4,2,655,2196
1,4,2,656,1937
1,4,2,657,2034
1,4,2,658,1866
1,4,2,659,2113
1,4,2,660,1977
1,4,2,661,1979
1,4,2,662,2169
1,4,2,663,1007
1,4,2,664,3143
1,4,2,665,2685
1,4,2,666,2458
1,4,2,667,2234
1,4,2,668,2314
1,4,2,669,2384
1,4,2,670,2440
1,4,2,671,2212
1,4,2,672,2580
1,4,2,673,2211
1,4,2,674,2189
1,4,2,675,2064
1,4,2,676,2231
1,4,2,677,1943
1,4,2,678,2235
1,4,2,679,1092
1,4,2,680,2112
1,4,2,681,2059
1,4,2,682,1928
1,4,2,683,2129
1,4,2,684,2169
1,4,2,685,2399
1,4,2,686,2191
1,4,2,687,2179
1,4,2,688,1973
1,4,2,689,2317
1,4,2,690,2211
1,4,2,691,1052
1,4,2,692,2988
1,4,2,693,2243
1,4,2,694,2293
1,4,2,695,2141
1,4,2,696,2207
1,4,2,697,2082
1,4,2,698,2178
1,4,2,699,2049
1,4,2,700,2163
1,4,2,701,2038
1,4,2,702,1158
1,4,2,703,1364
1,4,2,704,2956
1,4,2,705,1996
1,4,2,706,2157
1,4,2,707,1962
1,4,2,708,2185
1,4,2,709,2003
1,4,2,710,2105
1,4,2,711,1949
1,4,2,712,2541
1,4,2,713,2403
1,4,2,714,2306
1,4,2,715,2023
1,4,2,716,1509
1,4,2,717,2644
1,4,2,718,1939
1,4,2,719,1983
1,4,2,720,1822
1,4,2,721,2047
1,4,2,722,2228
1,4,2,723,2088
1,4,2,724,2156
1,4,2,725,26434
1,4,2,726,2155
1,4,2,727,2102
1,4,2,728,2194
1,4,2,729,938
1,4,2,730,2771
1,4,2,731,1992
1,4,2,732,2417
1,4,2,733,2405
1,4,2,734,2028
1,4,2,735,2026
1,4,2,736,2242
1,4,2,737,986
1,4,2,738,2345
1,4,2,739,2400
1,4,2,740,2163
1,4,2,741,1039
1,4,2,742,2349
1,4,2,743,1974
1,4,2,744,2410
1,4,2,745,1949
1,4,2,746,2066
1,4,2,747,2090
1,4,2,748,3132
1,4,2,749,2006
1,4,2,750,2196
1,4,2,751,2109
1,4,2,752,2186
1,4,2,753,2735
1,4,2,754,2637
1,4,2,755,2183
1,4,2,756,2285
1,4,2,757,2120
1,4,2,758,2057
1,4,2,759,1957
1,4,2,760,2065
1,4,2,761,2138
1,4,2,762,1229
1,4,2,763,2256
1,4,2,764,1057
1,4,2,765,1970
1,4,2,766,2088
1,4,2,767,2075
1,4,2,768,2396
1,4,2,769,1199
1,4,2,770,1824
1,4,2,771,1341
1,4,2,772,1303
1,4,2,773,3740
1,4,2,774,2205
1,4,2,775,2774
1,4,2,776,2066
1,4,2,777,2232
1,4,2,778,2030
1,4,2,779,1933
1,4,2,780,1932
1,4,2,781,2092
1,4,2,782,2068
1,4,2,783,1227
1,4,2,784,1076
1,4,2,785,1145
1,4,2,786,1032
1,4,2,787,2388
1,4,2,788,2177
1,4,2,789,1369
1,4,2,790,2476
1,4,2,791,2061
1,4,2,792,2099
1,4,2,793,2218
1,4,2,794,2199
1,4,2,795,2480
1,4,2,796,2145
1,4,2,797,2138
1,4,2,798,1862
1,4,2,799,2123
1,4,2,800,1383
1,4,2,801,2931
1,4,2,802,1922
1,4,2,803,2288
1,4,2,804,2046
1,4,2,805,2403
1,4,2,806,1873
1,4,2,807,2069
1,4,2,808,1861
1,4,2,809,1928
1,4,2,810,1850
1,4,2,811,2016
1,4,2,812,1979
1,4,2,813,2053
1,4,2,814,1964
1,4,2,815,1971
1,4,2,816,2013
1,4,2,817,1892
1,4,2,818,2084
1,4,2,819,2005
1,4,2,820,2246
1,4,2,821,2255
1,4,2,822,2163
1,4,2,823,2017
1,4,2,824,1967
1,4,2,825,1969
1,4,2,826,2069
1,4,2,827,2124
1,4,2,828,2064
1,4,2,829,2007
1,4,2,830,2556
1,4,2,831,2113
1,4,2,832,2296
1,4,2,833,2098
1,4,2,834,2264
1,4,2,835,2277
1,4,2,836,1248
1,4,2,837,2715
1,4,2,838,2061
1,4,2,839,2174
1,4,2,840,1875
1,4,2,841,2136
1,4,2,842,1598
1,4,2,843,1103
1,4,2,844,2780
1,4,2,845,2338
1,4,2,846,2216
1,4,2,847,1071
1,4,2,848,970
1,4,2,849,1208
1,4,2,850,1065
1,4,2,851,2881
1,4,2,852,2446
1,4,2,853,2176
1,4,2,854,1898
1,4,2,855,1942
1,4,2,856,2090
1,4,2,857,1923
1,4,2,858,2032
1,4,2,859,2249
1,4,2,860,1913
1,4,2,861,2022
1,4,2,862,1928
1,4,2,863,2018
1,4,2,864,1944
1,4,2,865,1988
1,4,2,866,1941
1,4,2,867,1986
1,4,2,868,1494
1,4,2,869,2353
1,4,2,870,1144
1,4,2,871,1594
1,4,2,872,2387
1,4,2,873,1948
1,4,2,874,2057
1,4,2,875,1978
1,4,2,876,2029
1,4,2,877,1999
1,4,2,878,2096
1,4,2,879,1590
1,4,2,880,1130
1,4,2,881,1221
1,4,2,882,2876
1,4,2,883,2087
1,4,2,884,2968
1,4,2,885,2198
1,4,2,886,2517
1,4,2,887,2340
1,4,2,888,1432
1,4,2,889,2798
1,4,2,890,4510
1,4,2,891,2560
1,4,2,892,2612
1,4,2,893,2200
1,4,2,894,2149
1,4,2,895,2234
1,4,2,896,1958
1,4,2,897,956
1,4,2,898,1054
1,4,2,899,1375
1,4,2,900,2462
1,4,2,901,1920
1,4,2,902,2451
1,4,2,903,2123
1,4,2,904,2125
1,4,2,905,7866
1,4,2,906,3096
1,4,2,907,2752
1,4,2,908,2508
1,4,2,909,2180
1,4,2,910,2032
1,4,2,911,2293
1,4,2,912,2123
1,4,2,913,1289
1,4,2,914,2178
1,4,2,915,2122
1,4,2,916,2162
1,4,2,917,2055
1,4,2,918,2085
1,4,2,919,2137
1,4,2,920,1915
1,4,2,921,2128
1,4,2,922,1975
1,4,2,923,1914
1,4,2,924,1916
1,4,2,925,2088
1,4,2,926,1968
1,4,2,927,1086
1,4,2,928,2870
1,4,2,929,1957
1,4,2,930,2231
1,4,2,931,1943
1,4,2,932,2215
1,4,2,933,1123
1,4,2,934,1636
1,4,2,935,2777
1,4,2,936,2061
1,4,2,937,2632
1,4,2,938,2492
1,4,2,939,2183
1,4,2,940,2166
1,4,2,941,1980
1,4,2,942,2133
1,4,2,943,1011
1,4,2,944,2361
1,4,2,945,1969
1,4,2,946,1089
1,4,2,947,2082
1,4,2,948,2562
1,4,2,949,2153
1,4,2,950,1246
1,4,2,951,1435
1,4,2,952,998
1,4,2,953,989
1,4,2,954,1066
1,4,2,955,1141
1,4,2,956,3609
1,4,2,957,2602
1,4,2,958,2325
1,4,2,959,2075
1,4,2,960,2206
1,4,2,961,2691
1,4,2,962,2263
1,4,2,963,1190
1,4,2,964,2322
1,4,2,965,2076
1,4,2,966,1972
1,4,2,967,2125
1,4,2,968,1965
1,4,2,969,2108
1,4,2,970,2151
1,4,2,971,1656
1,4,2,972,1379
1,4,2,973,1049
1,4,2,974,1461
1,4,2,975,1416
1,4,2,976,1061
1,4,2,977,930
1,4,2,978,1138
1,4,2,979,1721
1,4,2,980,1415
1,4,2,981,4073
1,4,2,982,1553
1,4,2,983,1303
1,4,2,984,1016
1,4,2,985,1505
1,4,2,986,961
1,4,2,987,3375
1,4,2,988,1428
1,4,2,989,1711
1,4,2,990,1071
1,4,2,991,1205
1,4,2,992,1023
1,4,2,993,926
1,4,2,994,1001
1,4,2,995,1028
1,4,2,996,997
1,4,2,997,935
1,4,2,998,1466
1,4,2,999,1283
1,8,2,0,5579
1,8,2,1,6913
1,8,2,2,2686
1,8,2,3,2124
1,8,2,4,3056
1,8,2,5,2744
1,8,2,6,2016
1,8,2,7,2809
1,8,2,8,2682
1,8,2,9,2302
1,8,2,10,2433
1,8,2,11,1742
1,8,2,12,2549
1,8,2,13,3311
1,8,2,14,2661
1,8,2,15,2706
1,8,2,16,2019
1,8,2,17,2287
1,8,2,18,2339
1,8,2,19,2708
1,8,2,20,2158
1,8,2,21,2526
1,8,2,22,2028
1,8,2,23,2450
1,8,2,24,2118
1,8,2,25,2371
1,8,2,26,1673
1,8,2,27,2868
1,8,2,28,2646
1,8,2,29,2168
1,8,2,30,2947
1,8,2,31,3353
1,8,2,32,2555
1,8,2,33,2594
1,8,2,34,2703
1,8,2,35,1749
1,8,2,36,2436
1,8,2,37,2418
1,8,2,38,1682
1,8,2,39,1827
1,8,2,40,3247
1,8,2,41,3010
1,8,2,42,2690
1,8,2,43,2411
1,8,2,44,2553
1,8,2,45,4644
1,8,2,46,2670
1,8,2,47,2463
1,8,2,48,1939
1,8,2,49,3673
1,8,2,50,2345
1,8,2,51,2955
1,8,2,52,2353
1,8,2,53,2675
1,8,2,54,2211
1,8,2,55,2493
1,8,2,56,2430
1,8,2,57,2453
1,8,2,58,2360
1,8,2,59,2313
1,8,2,60,2417
1,8,2,61,2432
1,8,2,62,2591
1,8,2,63,2285
1,8,2,64,2068
1,8,2,65,2056
1,8,2,66,1802
1,8,2,67,2834
1,8,2,68,2264
1,8,2,69,2721
1,8,2,70,1284
1,8,2,71,1938
1,8,2,72,1726
1,8,2,73,7029
1,8,2,74,2351
1,8,2,75,3774
1,8,2,76,3005
1,8,2,77,1527
1,8,2,78,3159
1,8,2,79,2688
1,8,2,80,2823
1,8,2,81,2301
1,8,2,82,2196
1,8,2,83,1517
1,8,2,84,1979
1,8,2,85,3293
1,8,2,86,1945
1,8,2,87,1498
1,8,2,88,3459
1,8,2,89,2083
1,8,2,90,2581
1,8,2,91,2719
1,8,2,92,19752
1,8,2,93,2462
1,8,2,94,2521
1,8,2,95,2625
1,8,2,96,2251
1,8,2,97,2319
1,8,2,98,2481
1,8,2,99,2220
1,8,2,100,2168
1,8,2,101,1994
1,8,2,102,1637
1,8,2,103,2525
1,8,2,104,2204
1,8,2,105,2052
1,8,2,106,2648
1,8,2,107,2569
1,8,2,108,2010
1,8,2,109,1845
1,8,2,110,3087
1,8,2,111,3403
1,8,2,112,2227
1,8,2,113,2626
1,8,2,114,2269
1,8,2,115,3068
1,8,2,116,2255
1,8,2,117,2593
1,8,2,118,2264
1,8,2,119,2603
1,8,2,120,1880
1,8,2,121,2298
1,8,2,122,2527
1,8,2,123,2087
1,8,2,124,2689
1,8,2,125,2193
1,8,2,126,2450
1,8,2,127,2691
1,8,2,128,2342
1,8,2,129,2389
1,8,2,130,2736
1,8,2,131,2294
1,8,2,132,2478
1,8,2,133,2539
1,8,2,134,2161
1,8,2,135,2335
1,8,2,136,2148
1,8,2,137,2147
1,8,2,138,1077
1,8,2,139,3258
1,8,2,140,2033
1,8,2,141,2349
1,8,2,142,2209
1,8,2,143,2503
1,8,2,144,2170
1,8,2,145,2937
1,8,2,146,1649
1,8,2,147,2085
1,8,2,148,1897
1,8,2,149,3016
1,8,2,150,1718
1,8,2,151,2224
1,8,2,152,1648
1,8,2,153,2786
1,8,2,154,2174
1,8,2,155,3166
1,8,2,156,1975
1,8,2,157,2108
1,8,2,158,2327
1,8,2,159,2642
1,8,2,160,2377
1,8,2,161,2176
1,8,2,162,2267
1,8,2,163,2180
1,8,2,164,2119
1,8,2,165,2396
1,8,2,166,2236
1,8,2,167,2035
1,8,2,168,2138
1,8,2,169,2352
1,8,2,170,2285
1,8,2,171,1726
1,8,2,172,1544
1,8,2,173,1637
1,8,2,174,2491
1,8,2,175,2487
1,8,2,176,2252
1,8,2,177,2442
1,8,2,178,2434
1,8,2,179,2281
1,8,2,180,1414
1,8,2,181,2159
1,8,2,182,2776
1,8,2,183,2361
1,8,2,184,2411
1,8,2,185,2173
1,8,2,186,1740
1,8,2,187,2363
1,8,2,188,2249
1,8,2,189,2188
1,8,2,190,2158
1,8,2,191,2004
1,8,2,192,2299
1,8,2,193,1817
1,8,2,194,2426
1,8,2,195,2408
1,8,2,196,2280
1,8,2,197,2769
1,8,2,198,2108
1,8,2,199,2359
1,8,2,200,2526
1,8,2,201,2815
1,8,2,202,2246
1,8,2,203,2153
1,8,2,204,1613
1,8,2,205,2350
1,8,2,206,2301
1,8,2,207,2317
1,8,2,208,2151
1,8,2,209,1840
1,8,2,210,2188
1,8,2,211,2234
1,8,2,212,2484
1,8,2,213,2369
1,8,2,214,2232
1,8,2,215,2204
1,8,2,216,2829
1,8,2,217,1860
1,8,2,218,2687
1,8,2,219,2825
1,8,2,220,2291
1,8,2,221,2318
1,8,2,222,1691
1,8,2,223,3208
1,8,2,224,2375
1,8,2,225,2845
1,8,2,226,2168
1,8,2,227,2112
1,8,2,228,2296
1,8,2,229,2913
1,8,2,230,2515
1,8,2,231,2504
1,8,2,232,2543
1,8,2,233,2209
1,8,2,234,3080
1,8,2,235,2486
1,8,2,236,2419
1,8,2,237,2375
1,8,2,238,2160
1,8,2,239,2599
1,8,2,240,2504
1,8,2,241,2577
1,8,2,242,1994
1,8,2,243,2686
1,8,2,244,2273
1,8,2,245,2198
1,8,2,246,2101
1,8,2,247,2313
1,8,2,248,3220
1,8,2,249,2286
1,8,2,250,2456
1,8,2,251,2163
1,8,2,252,2273
1,8,2,253,1676
1,8,2,254,2382
1,8,2,255,2333
1,8,2,256,2322
1,8,2,257,2864
1,8,2,258,2240
1,8,2,259,2141
1,8,2,260,2370
1,8,2,261,2429
1,8,2,262,2084
1,8,2,263,2672
1,8,2,264,1995
1,8,2,265,2447
1,8,2,266,2474
1,8,2,267,2304
1,8,2,268,2000
1,8,2,269,2926
1,8,2,270,1971
1,8,2,271,2663
1,8,2,272,1838
1,8,2,273,3076
1,8,2,274,2124
1,8,2,275,2684
1,8,2,276,2767
1,8,2,277,2424
1,8,2,278,2480
1,8,2,279,1837
1,8,2,280,61312
1,8,2,281,2922
1,8,2,282,2496
1,8,2,283,2792
1,8,2,284,2422
1,8,2,285,2415
1,8,2,286,2084
1,8,2,287,4047
1,8,2,288,2456
1,8,2,289,2582
1,8,2,290,2448
1,8,2,291,2330
1,8,2,292,2409
1,8,2,293,3307
1,8,2,294,2310
1,8,2,295,2467
1,8,2,296,2700
1,8,2,297,2627
1,8,2,298,2974
1,8,2,299,3408
1,8,2,300,2580
1,8,2,301,2506
1,8,2,302,2488
1,8,2,303,2587
1,8,2,304,1861
1,8,2,305,2406
1,8,2,306,1332
1,8,2,307,2836
1,8,2,308,2637
1,8,2,309,2546
1,8,2,310,2208
1,8,2,311,2999
1,8,2,312,2058
1,8,2,313,2478
1,8,2,314,2171
1,8,2,315,2462
1,8,2,316,2431
1,8,2,317,2898
1,8,2,318,1522
1,8,2,319,2654
1,8,2,320,2585
1,8,2,321,2393
1,8,2,322,2217
1,8,2,323,2162
1,8,2,324,2519
1,8,2,325,2387
1,8,2,326,1726
1,8,2,327,1830
1,8,2,328,2988
1,8,2,329,1858
1,8,2,330,4506
1,8,2,331,2830
1,8,2,332,2856
1,8,2,333,2537
1,8,2,334,2707
1,8,2,335,2393
1,8,2,336,1566
1,8,2,337,1696
1,8,2,338,1694
1,8,2,339,1789
1,8,2,340,1669
1,8,2,341,1566
1,8,2,342,2201
1,8,2,343,1521
1,8,2,344,4481
1,8,2,345,4030
1,8,2,346,2343
1,8,2,347,1903
1,8,2,348,1672
1,8,2,349,1441
1,8,2,350,1718
1,8,2,351,1865
1,8,2,352,1900
1,8,2,353,1572
1,8,2,354,1390
1,8,2,355,1970
1,8,2,356,5822
1,8,2,357,3520
1,8,2,358,2719
1,8,2,359,2374
1,8,2,360,65348
1,8,2,361,2395
1,8,2,362,3328
1,8,2,363,2075
1,8,2,364,3351
1,8,2,365,2380
1,8,2,366,2601
1,8,2,367,2112
1,8,2,368,3344
1,8,2,369,2600
1,8,2,370,1750
1,8,2,371,3395
1,8,2,372,2821
1,8,2,373,139120
1,8,2,374,2413
1,8,2,375,2941
1,8,2,376,1567
1,8,2,377,3086
1,8,2,378,2085
1,8,2,379,3023
1,8,2,380,3094
1,8,2,381,2358
1,8,2,382,2147
1,8,2,383,2557
1,8,2,384,2976
1,8,2,385,2292
1,8,2,386,2891
1,8,2,387,2557
1,8,2,388,2906
1,8,2,389,2334
1,8,2,390,2953
1,8,2,391,2357
1,8,2,392,2987
1,8,2,393,2336
1,8,2,394,2930
1,8,2,395,2470
1,8,2,396,1483
1,8,2,397,2276
1,8,2,398,2448
1,8,2,399,3044
1,8,2,400,2071
1,8,2,401,2949
1,8,2,402,2171
1,8,2,403,2935
1,8,2,404,2756
1,8,2,405,2596
1,8,2,406,2178
1,8,2,407,2472
1,8,2,408,2215
1,8,2,409,4612
1,8,2,410,3151
1,8,2,411,2055
1,8,2,412,1968
1,8,2,413,1665
1,8,2,414,4453
1,8,2,415,2534
1,8,2,416,1643
1,8,2,417,4154
1,8,2,418,2099
1,8,2,419,1491
1,8,2,420,1882
1,8,2,421,3977
1,8,2,422,2083
1,8,2,423,1529
1,8,2,424,1267
1,8,2,425,1114
1,8,2,426,1469
1,8,2,427,1577
1,8,2,428,1647
1,8,2,429,1276
1,8,2,430,1401
1,8,2,431,5630
1,8,2,432,1520
1,8,2,433,1556
1,8,2,434,1132
1,8,2,435,1731
1,8,2,436,1421
1,8,2,437,1328
1,8,2,438,1836
1,8,2,439,1822
1,8,2,440,1186
1,8,2,441,1701
1,8,2,442,2871131
1,8,2,443,4499
1,8,2,444,1974
1,8,2,445,1990
1,8,2,446,1877
1,8,2,447,1819
1,8,2,448,1726
1,8,2,449,1757
1,8,2,450,1645
1,8,2,451,1859
1,8,2,452,5190
1,8,2,453,3653
1,8,2,454,3902
1,8,2,455,2441
1,8,2,456,4745
1,8,2,457,3423
1,8,2,458,7387
1,8,2,459,5388
1,8,2,460,4299
1,8,2,461,3234
1,8,2,462,2944
1,8,2,463,1505
1,8,2,464,1940
1,8,2,465,1871
1,8,2,466,1845
1,8,2,467,4927
1,8,2,468,2371
1,8,2,469,4146
1,8,2,470,2439
1,8,2,471,3771
1,8,2,472,2933
1,8,2,473,3555
1,8,2,474,2558
1,8,2,475,2461
1,8,2,476,2895
1,8,2,477,2577
1,8,2,478,3646
1,8,2,479,3111
1,8,2,480,70391353
1,8,2,481,3492
1,8,2,482,2317
1,8,2,483,1621
1,8,2,484,2964
1,8,2,485,5545
1,8,2,486,2362
1,8,2,487,1858
1,8,2,488,2495
1,8,2,489,5288
1,8,2,490,5571
1,8,2,491,7809
1,8,2,492,4273
1,8,2,493,4231
1,8,2,494,2565
1,8,2,495,2675
1,8,2,496,2874
1,8,2,497,2094
1,8,2,498,4638
1,8,2,499,2796
1,8,2,500,2103
1,8,2,501,4646
1,8,2,502,2071
1,8,2,503,3752
1,8,2,504,2073
1,8,2,505,1770
1,8,2,506,4014
1,8,2,507,3402
1,8,2,508,3055
1,8,2,509,2651
1,8,2,510,4058
1,8,2,511,4165
1,8,2,512,99104
1,8,2,513,3034
1,8,2,514,2727
1,8,2,515,4209
1,8,2,516,2714
1,8,2,517,2226
1,8,2,518,2020
1,8,2,519,2731
1,8,2,520,82204109
1,8,2,521,3766
1,8,2,522,3692
1,8,2,523,2908
1,8,2,524,3218
1,8,2,525,2495
1,8,2,526,3091
1,8,2,527,3272
1,8,2,528,3084
1,8,2,529,2980
1,8,2,530,3473
1,8,2,531,3056
1,8,2,532,2941
1,8,2,533,2934
1,8,2,534,2829
1,8,2,535,2895
1,8,2,536,2442
1,8,2,537,3161
1,8,2,538,2544
1,8,2,539,2927
1,8,2,540,2967
1,8,2,541,2967
1,8,2,542,2974
1,8,2,543,2914
1,8,2,544,2917
1,8,2,545,5675
1,8,2,546,4357
1,8,2,547,3355
1,8,2,548,3398
1,8,2,549,3060
1,8,2,550,3557
1,8,2,551,5332
1,8,2,552,3284
1,8,2,553,3592
1,8,2,554,3386
1,8,2,555,2795
1,8,2,556,3019
1,8,2,557,3235
1,8,2,558,3380
1,8,2,559,2840
1,8,2,560,3307
1,8,2,561,3467
1,8,2,562,2766
1,8,2,563,3192
1,8,2,564,3601
1,8,2,565,3557
1,8,2,566,65557
1,8,2,567,3514
1,8,2,568,3068
1,8,2,569,3180
1,8,2,570,2933
1,8,2,571,3132
1,8,2,572,3370
1,8,2,573,2829
1,8,2,574,2527
1,8,2,575,3246
1,8,2,576,3484
1,8,2,577,3530
1,8,2,578,2995
1,8,2,579,4050
1,8,2,580,3250
1,8,2,581,3170
1,8,2,582,2503
1,8,2,583,3002
1,8,2,584,3050
1,8,2,585,2925
1,8,2,586,2618
1,8,2,587,2994
1,8,2,588,2903
1,8,2,589,2718
1,8,2,590,2308
1,8,2,591,2790
1,8,2,592,2793
1,8,2,593,2688
1,8,2,594,2354
1,8,2,595,3469
1,8,2,596,3286
1,8,2,597,2673
1,8,2,598,2570
1,8,2,599,2643
1,8,2,600,3083
1,8,2,601,3488
1,8,2,602,3065
1,8,2,603,2836
1,8,2,604,3174
1,8,2,605,2778
1,8,2,606,2588
1,8,2,607,3400
1,8,2,608,165347
1,8,2,609,3109
1,8,2,610,3087
1,8,2,611,3056
1,8,2,612,3393
1,8,2,613,2820
1,8,2,614,2728
1,8,2,615,3147
1,8,2,616,3048
1,8,2,617,3140
1,8,2,618,2468
1,8,2,619,2841
1,8,2,620,3233
1,8,2,621,2939
1,8,2,622,2597
1,8,2,623,2816
1,8,2,624,3094
1,8,2,625,2827
1,8,2,626,2916
1,8,2,627,3142
1,8,2,628,3263
1,8,2,629,2840
1,8,2,630,3507
1,8,2,631,3084
1,8,2,632,3078
1,8,2,633,2893
1,8,2,634,2739
1,8,2,635,2951
1,8,2,636,3270
1,8,2,637,3095
1,8,2,638,3049
1,8,2,639,3078
1,8,2,640,3061
1,8,2,641,3023
1,8,2,642,2792
1,8,2,643,2804
1,8,2,644,3388
1,8,2,645,3047
1,8,2,646,2684
1,8,2,647,2714
1,8,2,648,2975
1,8,2,649,2355
1,8,2,650,2402
1,8,2,651,2760
1,8,2,652,2914
1,8,2,653,2489
1,8,2,654,2538
1,8,2,655,4053
1,8,2,656,3333
1,8,2,657,2939
1,8,2,658,2483
1,8,2,659,2928
1,8,2,660,3065
1,8,2,661,3172
1,8,2,662,2673
1,8,2,663,3089
1,8,2,664,3063
1,8,2,665,2688
1,8,2,666,2447
1,8,2,667,2958
1,8,2,668,3844
1,8,2,669,3142
1,8,2,670,2998
1,8,2,671,3539
1,8,2,672,3662
1,8,2,673,2727
1,8,2,674,2850
1,8,2,675,2929
1,8,2,676,3146
1,8,2,677,2633
1,8,2,678,2491
1,8,2,679,2704
1,8,2,680,2911
1,8,2,681,2664
1,8,2,682,2614
1,8,2,683,2872
1,8,2,684,3083
1,8,2,685,2820
1,8,2,686,3287
1,8,2,687,3057
1,8,2,688,3205
1,8,2,689,2859
1,8,2,690,2662
1,8,2,691,3325
1,8,2,692,3376
1,8,2,693,2848
1,8,2,694,2719
1,8,2,695,2828
1,8,2,696,3025
1,8,2,697,2669
1,8,2,698,2469
1,8,2,699,2834
1,8,2,700,3382
1,8,2,701,2885
1,8,2,702,2684
1,8,2,703,3645
1,8,2,704,3299
1,8,2,705,3086
1,8,2,706,2535
1,8,2,707,2806
1,8,2,708,144722
1,8,2,709,3030
1,8,2,710,3108
1,8,2,711,2889
1,8,2,712,3038
1,8,2,713,2641
1,8,2,714,2901
1,8,2,715,2697
1,8,2,716,3166
1,8,2,717,2878
1,8,2,718,2785
1,8,2,719,2879
1,8,2,720,3269
1,8,2,721,2572
1,8,2,722,2359
1,8,2,723,2652
1,8,2,724,3109
1,8,2,725,2697
1,8,2,726,2427
1,8,2,727,2586
1,8,2,728,3019
1,8,2,729,2403
1,8,2,730,2846
1,8,2,731,2783
1,8,2,732,3556
1,8,2,733,2799
1,8,2,734,2918
1,8,2,735,2866
1,8,2,736,2977
1,8,2,737,2765
1,8,2,738,3027
1,8,2,739,2827
1,8,2,740,2962
1,8,2,741,2588
1,8,2,742,2944
1,8,2,743,2977
1,8,2,744,3467
1,8,2,745,2828
1,8,2,746,2715
1,8,2,747,3114
1,8,2,748,2811
1,8,2,749,2806
1,8,2,750,2875
1,8,2,751,2684
1,8,2,752,2764
1,8,2,753,2810
1,8,2,754,3020
1,8,2,755,2897
1,8,2,756,3037
1,8,2,757,2595
1,8,2,758,2367
1,8,2,759,2851
1,8,2,760,3353
1,8,2,761,3000
1,8,2,762,2502
1,8,2,763,2876
1,8,2,764,2993
1,8,2,765,2723
1,8,2,766,2322
1,8,2,767,3110
1,8,2,768,3236
1,8,2,769,2960
1,8,2,770,2838
1,8,2,771,3656
1,8,2,772,3053
1,8,2,773,2940
1,8,2,774,2410
1,8,2,775,3001
1,8,2,776,2943
1,8,2,777,2623
1,8,2,778,2767
1,8,2,779,3332
1,8,2,780,3072
1,8,2,781,3038
1,8,2,782,2835
1,8,2,783,2994
1,8,2,784,2866
1,8,2,785,3084
1,8,2,786,3475
1,8,2,787,3475
1,8,2,788,2850
1,8,2,789,3168
1,8,2,790,2841
1,8,2,791,3139
1,8,2,792,2857
1,8,2,793,3297
1,8,2,794,2936
1,8,2,795,3192
1,8,2,796,2434
1,8,2,797,2955
1,8,2,798,2923
1,8,2,799,2886
1,8,2,800,2467
1,8,2,801,2978
1,8,2,802,2990
1,8,2,803,3138
1,8,2,804,2694
1,8,2,805,3136
1,8,2,806,2831
1,8,2,807,2818
1,8,2,808,2205
1,8,2,809,3012
1,8,2,810,2901
1,8,2,811,3176
1,8,2,812,3875
1,8,2,813,3210
1,8,2,814,2919
1,8,2,815,3052
1,8,2,816,2473
1,8,2,817,2917
1,8,2,818,3013
1,8,2,819,2896
1,8,2,820,2470
1,8,2,821,2916
1,8,2,822,3232
1,8,2,823,3174
1,8,2,824,2695
1,8,2,825,2741
1,8,2,826,2885
1,8,2,827,3060
1,8,2,828,3207
1,8,2,829,3044
1,8,2,830,3158
1,8,2,831,3061
1,8,2,832,2831
1,8,2,833,2951
1,8,2,834,2782
1,8,2,835,2837
1,8,2,836,3631
1,8,2,837,3747
1,8,2,838,3070
1,8,2,839,4554
1,8,2,840,3228
1,8,2,841,3226
1,8,2,842,2688
1,8,2,843,4944
1,8,2,844,3586
1,8,2,845,3177
1,8,2,846,3335
1,8,2,847,3617
1,8,2,848,3238
1,8,2,849,3063
1,8,2,850,3074
1,8,2,851,3252
1,8,2,852,3223
1,8,2,853,3051
1,8,2,854,3189
1,8,2,855,3207
1,8,2,856,2827
1,8,2,857,3052
1,8,2,858,3781
1,8,2,859,3231
1,8,2,860,3195
1,8,2,861,2663
1,8,2,862,3030
1,8,2,863,3199
1,8,2,864,3314
1,8,2,865,3575
1,8,2,866,2991
1,8,2,867,3418
1,8,2,868,3095
1,8,2,869,2962
1,8,2,870,2976
1,8,2,871,3307
1,8,2,872,3126
1,8,2,873,2969
1,8,2,874,3183
1,8,2,875,3310
1,8,2,876,82522
1,8,2,877,3278
1,8,2,878,3266
1,8,2,879,3101
1,8,2,880,2893
1,8,2,881,2761
1,8,2,882,2962
1,8,2,883,3350
1,8,2,884,2911
1,8,2,885,4768
1,8,2,886,4089
1,8,2,887,3016
1,8,2,888,3225
1,8,2,889,2956
1,8,2,890,3197
1,8,2,891,2836
1,8,2,892,2599
1,8,2,893,2766
1,8,2,894,3260
1,8,2,895,2930
1,8,2,896,2583
1,8,2,897,2864
1,8,2,898,3031
1,8,2,899,3061
1,8,2,900,3327
1,8,2,901,3173
1,8,2,902,3298
1,8,2,903,2833
1,8,2,904,3107
1,8,2,905,2971
1,8,2,906,3247
1,8,2,907,2841
1,8,2,908,2580
1,8,2,909,2913
1,8,2,910,3191
1,8,2,911,2746
1,8,2,912,2873
1,8,2,913,3169
1,8,2,914,2895
1,8,2,915,2638
1,8,2,916,2598
1,8,2,917,2867
1,8,2,918,2744
1,8,2,919,3082
1,8,2,920,2892
1,8,2,921,2878
1,8,2,922,2718
1,8,2,923,2813
1,8,2,924,2607
1,8,2,925,2806
1,8,2,926,2769
1,8,2,927,2909
1,8,2,928,2780
1,8,2,929,3095
1,8,2,930,2914
1,8,2,931,3210
1,8,2,932,2881
1,8,2,933,2959
1,8,2,934,3109
1,8,2,935,2786
1,8,2,936,2933
1,8,2,937,3023
1,8,2,938,3298
1,8,2,939,2720
1,8,2,940,2954
1,8,2,941,2952
1,8,2,942,2869
1,8,2,943,2720
1,8,2,944,3051
1,8,2,945,3297
1,8,2,946,3198
1,8,2,947,3091
1,8,2,948,2962
1,8,2,949,3139
1,8,2,950,2995
1,8,2,951,2804
1,8,2,952,5860
1,8,2,953,4381
1,8,2,954,4039
1,8,2,955,3580
1,8,2,956,3144
1,8,2,957,3430
1,8,2,958,3351
1,8,2,959,3126
1,8,2,960,3049
1,8,2,961,3083
1,8,2,962,2916
1,8,2,963,2767
1,8,2,964,3122
1,8,2,965,3376
1,8,2,966,2982
1,8,2,967,4691
1,8,2,968,3518
1,8,2,969,3284
1,8,2,970,3448
1,8,2,971,2771
1,8,2,972,3025
1,8,2,973,3227
1,8,2,974,3099
1,8,2,975,2808
1,8,2,976,3304
1,8,2,977,2855
1,8,2,978,3204
1,8,2,979,3129
1,8,2,980,3642
1,8,2,981,149593953
1,8,2,982,2799
1,8,2,983,2359
1,8,2,984,2467
1,8,2,985,4439
1,8,2,986,2708
1,8,2,987,1995
1,8,2,988,1723
1,8,2,989,1730
1,8,2,990,1733
1,8,2,991,1707
1,8,2,992,1629
1,8,2,993,1708
1,8,2,994,1619
1,8,2,995,4059
1,8,2,996,2098
1,8,2,997,2693
1,8,2,998,2025
1,8,2,999,2056
1,8,2,1000,2020
1,8,2,1001,2633
1,8,2,1002,2229
1,8,2,1003,91244
1,8,2,1004,2386
1,8,2,1005,2451
1,8,2,1006,2059
1,8,2,1007,2634
1,8,2,1008,2082
1,8,2,1009,1207
1,8,2,1010,1320
1,8,2,1011,1929
1,8,2,1012,1178
1,8,2,1013,21446
1,8,2,1014,2598
1,8,2,1015,1750
1,8,2,1016,2390
1,8,2,1017,2313
1,8,2,1018,2381
1,8,2,1019,6234
1,8,2,1020,2052
1,8,2,1021,2652
1,8,2,1022,2281
1,8,2,1023,2442
1,8,2,1024,2178
1,8,2,1025,1515
1,8,2,1026,2548
1,8,2,1027,2278
1,8,2,1028,2563
1,8,2,1029,1990
1,8,2,1030,2473
1,8,2,1031,2047
1,8,2,1032,2460
1,8,2,1033,1733
1,8,2,1034,1470
1,8,2,1035,157451224
1,8,2,1036,2952
1,8,2,1037,2479
1,8,2,1038,1380
1,8,2,1039,2545
1,8,2,1040,4435
1,8,2,1041,2343
1,8,2,1042,1773
1,8,2,1043,5250
1,8,2,1044,2590
1,8,2,1045,2968
1,8,2,1046,2977
1,8,2,1047,2006
1,8,2,1048,1911
1,8,2,1049,1483
1,8,2,1050,3964
1,8,2,1051,2960
1,8,2,1052,2054
1,8,2,1053,1694
1,8,2,1054,2228
1,8,2,1055,5320
1,8,2,1056,2647
1,8,2,1057,3026
1,8,2,1058,2435
1,8,2,1059,6308
1,8,2,1060,2323
1,8,2,1061,3480
1,8,2,1062,2272
1,8,2,1063,2408
1,8,2,1064,2162
1,8,2,1065,1589
1,8,2,1066,2165
1,8,2,1067,1750
1,8,2,1068,1663
1,8,2,1069,1970
1,8,2,1070,3780
1,8,2,1071,2511
1,8,2,1072,1946
1,8,2,1073,1993
1,8,2,1074,5028
1,8,2,1075,2422
1,8,2,1076,1153
1,8,2,1077,2746
1,8,2,1078,2032
1,8,2,1079,3225
1,8,2,1080,1814
1,8,2,1081,1960
1,8,2,1082,1559
1,8,2,1083,2283
1,8,2,1084,4299
1,8,2,1085,2612
1,8,2,1086,1916
1,8,2,1087,1910
1,8,2,1088,1331
1,8,2,1089,1434
1,8,2,1090,1815
1,8,2,1091,3958
1,8,2,1092,1785
1,8,2,1093,1737
1,8,2,1094,1893
1,8,2,1095,7131
1,8,2,1096,2240
1,8,2,1097,2132
1,8,2,1098,1631
1,8,2,1099,1591
1,8,2,1100,4243
1,8,2,1101,2061
1,8,2,1102,2526
1,8,2,1103,2444
1,8,2,1104,1868
1,8,2,1105,2001
1,8,2,1106,1718
1,8,2,1107,3717
1,8,2,1108,2552
1,8,2,1109,3442
1,8,2,1110,4750
1,8,2,1111,2384
1,8,2,1112,1454
1,8,2,1113,1357
1,8,2,1114,1721
1,8,2,1115,1822
1,8,2,1116,1538
1,8,2,1117,1718
1,8,2,1118,1742
1,8,2,1119,4587
1,8,2,1120,5390
1,8,2,1121,4599
1,8,2,1122,2336
1,8,2,1123,4372
1,8,2,1124,2600
1,8,2,1125,3699
1,8,2,1126,2930
1,8,2,1127,1771
1,8,2,1128,4203
1,8,2,1129,2641
1,8,2,1130,3472
1,8,2,1131,2682
1,8,2,1132,3606
1,8,2,1133,2414
1,8,2,1134,3559
1,8,2,1135,2641
1,8,2,1136,2020
1,8,2,1137,3698
1,8,2,1138,2358
1,8,2,1139,3166
1,8,2,1140,2367
1,8,2,1141,1830
1,8,2,1142,3731
1,8,2,1143,2186
1,8,2,1144,3355
1,8,2,1145,2257
1,8,2,1146,1608
1,8,2,1147,3545
1,8,2,1148,2303
1,8,2,1149,3217
1,8,2,1150,2215
1,8,2,1151,3323
1,8,2,1152,2250
1,8,2,1153,1732
1,8,2,1154,1793
1,8,2,1155,1654
1,8,2,1156,3533
1,8,2,1157,2867
1,8,2,1158,2043
1,8,2,1159,2034
1,8,2,1160,1855
1,8,2,1161,4569
1,8,2,1162,2776
1,8,2,1163,3979
1,8,2,1164,2469
1,8,2,1165,1748
1,8,2,1166,3863
1,8,2,1167,2424
1,8,2,1168,3670
1,8,2,1169,2363
1,8,2,1170,1859
1,8,2,1171,4054
1,8,2,1172,2670
1,8,2,1173,3621
1,8,2,1174,2422
1,8,2,1175,1858
1,8,2,1176,3235
1,8,2,1177,2280
1,8,2,1178,3103
1,8,2,1179,2185
1,8,2,1180,2981
1,8,2,1181,2392
1,8,2,1182,3258
1,8,2,1183,2474
1,8,2,1184,1651
1,8,2,1185,3242
1,8,2,1186,2247
1,8,2,1187,3138
1,8,2,1188,2477
1,8,2,1189,2840
1,8,2,1190,2284
1,8,2,1191,3037
1,8,2,1192,2571
1,8,2,1193,1769
1,8,2,1194,3399
1,8,2,1195,2396
1,8,2,1196,3302
1,8,2,1197,3245
1,8,2,1198,2876
1,8,2,1199,2661
1,8,2,1200,2733
1,8,2,1201,2832
1,8,2,1202,3480
1,8,2,1203,2574
1,8,2,1204,2882
1,8,2,1205,2503
1,8,2,1206,3205
1,8,2,1207,2850
1,8,2,1208,3347
1,8,2,1209,3042
1,8,2,1210,2969
1,8,2,1211,3241
1,8,2,1212,2735
1,8,2,1213,2070
1,8,2,1214,1844
1,8,2,1215,3866
1,8,2,1216,2746
1,8,2,1217,3249
1,8,2,1218,2061
1,8,2,1219,1808
1,8,2,1220,3358
1,8,2,1221,2245
1,8,2,1222,3278
1,8,2,1223,2295
1,8,2,1224,3184
1,8,2,1225,2437
1,8,2,1226,2805
1,8,2,1227,2503
1,8,2,1228,3280
1,8,2,1229,2261
1,8,2,1230,3281
1,8,2,1231,2336
1,8,2,1232,3578
1,8,2,1233,2070
1,8,2,1234,2962
1,8,2,1235,1586
1,8,2,1236,4778
1,8,2,1237,2821
1,8,2,1238,3360
1,8,2,1239,2444
1,8,2,1240,3427
1,8,2,1241,2570
1,8,2,1242,3598
1,8,2,1243,2354
1,8,2,1244,1927
1,8,2,1245,3698
1,8,2,1246,2655
1,8,2,1247,1422
1,8,2,1248,1722
1,8,2,1249,3423
1,8,2,1250,2724
1,8,2,1251,2910
1,8,2,1252,4126
1,8,2,1253,2795
1,8,2,1254,4100
1,8,2,1255,2923
1,8,2,1256,1754
1,8,2,1257,3524
1,8,2,1258,2630
1,8,2,1259,1852
1,8,2,1260,4620
1,8,2,1261,3665
1,8,2,1262,4027
1,8,2,1263,3531
1,8,2,1264,3650
1,8,2,1265,2171
1,8,2,1266,2172
1,8,2,1267,4958
1,8,2,1268,2953
1,8,2,1269,3582
1,8,2,1270,2919
1,8,2,1271,1770
1,8,2,1272,62834
1,8,2,1273,3844
1,8,2,1274,4336
1,8,2,1275,3698
1,8,2,1276,2742
1,8,2,1277,3517
1,8,2,1278,2629
1,8,2,1279,3466
1,8,2,1280,2668
1,8,2,1281,3454
1,8,2,1282,2673
1,8,2,1283,3473
1,8,2,1284,2489
1,8,2,1285,2161
1,8,2,1286,2045
1,8,2,1287,2301
1,8,2,1288,2086
1,8,2,1289,2917
1,8,2,1290,4494
1,8,2,1291,538065
1,8,2,1292,3153
1,8,2,1293,7346
1,8,2,1294,3076
1,8,2,1295,3970
1,8,2,1296,2802
1,8,2,1297,3734
1,8,2,1298,2623
1,8,2,1299,3620
1,8,2,1300,2592
1,8,2,1301,3682
1,8,2,1302,2538
1,8,2,1303,3366
1,8,2,1304,2585
1,8,2,1305,3281
1,8,2,1306,2625
1,8,2,1307,3670
1,8,2,1308,2780
1,8,2,1309,3497
1,8,2,1310,2624
1,8,2,1311,3591
1,8,2,1312,3093
1,8,2,1313,3357
1,8,2,1314,2508
1,8,2,1315,2126
1,8,2,1316,3852
1,8,2,1317,2723
1,8,2,1318,2359
1,8,2,1319,2603
1,8,2,1320,2531
1,8,2,1321,2565
1,8,2,1322,1947
1,8,2,1323,3823
1,8,2,1324,2357
1,8,2,1325,5674
1,8,2,1326,3073
1,8,2,1327,3486
1,8,2,1328,2796
1,8,2,1329,2298
1,8,2,1330,2890
1,8,2,1331,51827
1,8,2,1332,2988
1,8,2,1333,3371
1,8,2,1334,2574
1,8,2,1335,1723
1,8,2,1336,3329
1,8,2,1337,2724
1,8,2,1338,1717
1,8,2,1339,2084
1,8,2,1340,3737
1,8,2,1341,2502
1,8,2,1342,1943
1,8,2,1343,1758
1,8,2,1344,1795
1,8,2,1345,1768
1,8,2,1346,1895
1,8,2,1347,2450
1,8,2,1348,1766
1,8,2,1349,1840
1,8,2,1350,1680
1,8,2,1351,1815
1,8,2,1352,4941
1,8,2,1353,2834
1,8,2,1354,3480
1,8,2,1355,2632
1,8,2,1356,1808
1,8,2,1357,1673
1,8,2,1358,4252
1,8,2,1359,2259
1,8,2,1360,1587
1,8,2,1361,1928
1,8,2,1362,1773
1,8,2,1363,1336
1,8,2,1364,1612
1,8,2,1365,1684
1,8,2,1366,1545
1,8,2,1367,4631
1,8,2,1368,2549
1,8,2,1369,3765
1,8,2,1370,2599
1,8,2,1371,3656
1,8,2,1372,2761
1,8,2,1373,2131
1,8,2,1374,4126
1,8,2,1375,2400
1,8,2,1376,4079
1,8,2,1377,2361
1,8,2,1378,1833
1,8,2,1379,3799
1,8,2,1380,2459
1,8,2,1381,3621
1,8,2,1382,2294
1,8,2,1383,1834
1,8,2,1384,2030
1,8,2,1385,1757
1,8,2,1386,1467
1,8,2,1387,4337
1,8,2,1388,2175
1,8,2,1389,1756
1,8,2,1390,1575
1,8,2,1391,4320
1,8,2,1392,2270
1,8,2,1393,3485
1,8,2,1394,2381
1,8,2,1395,1732
1,8,2,1396,2904
1,8,2,1397,2074
1,8,2,1398,3038
1,8,2,1399,2252
1,8,2,1400,3026
1,8,2,1401,2262
1,8,2,1402,3007
1,8,2,1403,2258
1,8,2,1404,3382
1,8,2,1405,2594
1,8,2,1406,1597
1,8,2,1407,3755
1,8,2,1408,1999
1,8,2,1409,2937
1,8,2,1410,3210
1,8,2,1411,2170
1,8,2,1412,2994
1,8,2,1413,2948
1,8,2,1414,4423
1,8,2,1415,3298
1,8,2,1416,3470
1,8,2,1417,2879
1,8,2,1418,2788
1,8,2,1419,83916
1,8,2,1420,2835
1,8,2,1421,1797
1,8,2,1422,3262
1,8,2,1423,2367
1,8,2,1424,3263
1,8,2,1425,2418
1,8,2,1426,2566
1,8,2,1427,1617
1,8,2,1428,2798
1,8,2,1429,3116
1,8,2,1430,2692
1,8,2,1431,2931
1,8,2,1432,2430
1,8,2,1433,3135
1,8,2,1434,2707
1,8,2,1435,3023
1,8,2,1436,2252
1,8,2,1437,3020
1,8,2,1438,2334
1,8,2,1439,3313
1,8,2,1440,2387
1,8,2,1441,2971
1,8,2,1442,2183
1,8,2,1443,3277
1,8,2,1444,2374
1,8,2,1445,3166
1,8,2,1446,2408
1,8,2,1447,3013
1,8,2,1448,2255
1,8,2,1449,1904
1,8,2,1450,2882
1,8,2,1451,2293
1,8,2,1452,2768
1,8,2,1453,2130
1,8,2,1454,1604
1,8,2,1455,1562
1,8,2,1456,3463
1,8,2,1457,2510
1,8,2,1458,3266
1,8,2,1459,2676
1,8,2,1460,1801
1,8,2,1461,2888
1,8,2,1462,2253
1,8,2,1463,1734
1,8,2,1464,3447
1,8,2,1465,2335
1,8,2,1466,2990
1,8,2,1467,2545
1,8,2,1468,3007
1,8,2,1469,2277
1,8,2,1470,2985
1,8,2,1471,3055
1,8,2,1472,3111
1,8,2,1473,2337
1,8,2,1474,3697
1,8,2,1475,229535736
1,8,2,1476,2929
1,8,2,1477,4144
1,8,2,1478,2936
1,8,2,1479,2943
1,8,2,1480,2857
1,8,2,1481,2879
1,8,2,1482,2919
1,8,2,1483,19694
1,8,2,1484,3072
1,8,2,1485,2682
1,8,2,1486,2918
1,8,2,1487,2077
1,8,2,1488,3442
1,8,2,1489,3038
1,8,2,1490,2000
1,8,2,1491,3122
1,8,2,1492,2814
1,8,2,1493,2657
1,8,2,1494,3015
1,8,2,1495,2054
1,8,2,1496,1966
1,8,2,1497,3197
1,8,2,1498,3163
1,8,2,1499,2867
1,8,2,1500,2920
1,8,2,1501,2612
1,8,2,1502,2863
1,8,2,1503,2749
1,8,2,1504,3063
1,8,2,1505,2617
1,8,2,1506,2759
1,8,2,1507,2300
1,8,2,1508,1617
1,8,2,1509,2509
1,8,2,1510,2398
1,8,2,1511,2916
1,8,2,1512,2529
1,8,2,1513,2913
1,8,2,1514,3096
1,8,2,1515,4136
1,8,2,1516,2834
1,8,2,1517,3265
1,8,2,1518,2559
1,8,2,1519,3301
1,8,2,1520,2554
1,8,2,1521,3239
1,8,2,1522,2465
1,8,2,1523,234652486
1,8,2,1524,2365
1,8,2,1525,3124
1,8,2,1526,2864
1,8,2,1527,2775
1,8,2,1528,2688
1,8,2,1529,2470
1,8,2,1530,2069
1,8,2,1531,3265
1,8,2,1532,2583
1,8,2,1533,2406
1,8,2,1534,2357
1,8,2,1535,2128
1,8,2,1536,2289
1,8,2,1537,2264
1,8,2,1538,2244
1,8,2,1539,2947
1,8,2,1540,1625
1,8,2,1541,3112
1,8,2,1542,2490
1,8,2,1543,2455
1,8,2,1544,2127
1,8,2,1545,2332
1,8,2,1546,2386
1,8,2,1547,1221
1,8,2,1548,2479
1,8,2,1549,2025
1,8,2,1550,2277
1,8,2,1551,2124
1,8,2,1552,2529
1,8,2,1553,2390
1,8,2,1554,2155
1,8,2,1555,2147
1,8,2,1556,97515
1,8,2,1557,2939
1,8,2,1558,1548
1,8,2,1559,1263
1,8,2,1560,2968
1,8,2,1561,2074
1,8,2,1562,2644
1,8,2,1563,2560
1,8,2,1564,2480
1,8,2,1565,2515
1,8,2,1566,2333
1,8,2,1567,2294
1,8,2,1568,1178
1,8,2,1569,2512
1,8,2,1570,2217
1,8,2,1571,1164
1,8,2,1572,2707
1,8,2,1573,2311
1,8,2,1574,2097
1,8,2,1575,2463
1,8,2,1576,2411
1,8,2,1577,2385
1,8,2,1578,1328
1,8,2,1579,2560
1,8,2,1580,2284
1,8,2,1581,1159
1,8,2,1582,3672
1,8,2,1583,2324
1,8,2,1584,1137
1,8,2,1585,2848
1,8,2,1586,1104
1,8,2,1587,2414
1,8,2,1588,2591
1,8,2,1589,2325
1,8,2,1590,1143
1,8,2,1591,1460
1,8,2,1592,3310
1,8,2,1593,2189
1,8,2,1594,2270
1,8,2,1595,2113
1,8,2,1596,2312
1,8,2,1597,2241
1,8,2,1598,2150
1,8,2,1599,2610
1,8,2,1600,2429
1,8,2,1601,2235
1,8,2,1602,2130
1,8,2,1603,2923
1,8,2,1604,2424
1,8,2,1605,2091
1,8,2,1606,1022
1,8,2,1607,2329
1,8,2,1608,2234
1,8,2,1609,2025
1,8,2,1610,2151
1,8,2,1611,2164
1,8,2,1612,2469
1,8,2,1613,2098
1,8,2,1614,2200
1,8,2,1615,26576
1,8,2,1616,2065
1,8,2,1617,2287
1,8,2,1618,2189
1,8,2,1619,2120
1,8,2,1620,2243
1,8,2,1621,1162
1,8,2,1622,1641
1,8,2,1623,1323
1,8,2,1624,1205
1,8,2,1625,1002
1,8,2,1626,1145
1,8,2,1627,2853
1,8,2,1628,2433
1,8,2,1629,1056
1,8,2,1630,2639
1,8,2,1631,3248
1,8,2,1632,1427
1,8,2,1633,1054
1,8,2,1634,2543
1,8,2,1635,2160
1,8,2,1636,1145
1,8,2,1637,1097
1,8,2,1638,2626
1,8,2,1639,2558
1,8,2,1640,2296
1,8,2,1641,2615
1,8,2,1642,1062
1,8,2,1643,2359
1,8,2,1644,3086
1,8,2,1645,1437
1,8,2,1646,1683
1,8,2,1647,2599
1,8,2,1648,2436
1,8,2,1649,2074
1,8,2,1650,2317
1,8,2,1651,2180
1,8,2,1652,2133
1,8,2,1653,2176
1,8,2,1654,2041
1,8,2,1655,2016
1,8,2,1656,1939
1,8,2,1657,2581
1,8,2,1658,1122
1,8,2,1659,1084
1,8,2,1660,2438
1,8,2,1661,2171
1,8,2,1662,2300
1,8,2,1663,2052
1,8,2,1664,2310
1,8,2,1665,1067
1,8,2,1666,2433
1,8,2,1667,1804
1,8,2,1668,1117
1,8,2,1669,1516
1,8,2,1670,1183
1,8,2,1671,1006
1,8,2,1672,2681
1,8,2,1673,2199
1,8,2,1674,2249
1,8,2,1675,2257
1,8,2,1676,2153
1,8,2,1677,2260
1,8,2,1678,2249
1,8,2,1679,1233
1,8,2,1680,2798
1,8,2,1681,1601
1,8,2,1682,2370
1,8,2,1683,1589
1,8,2,1684,1256
1,8,2,1685,1079
1,8,2,1686,1275
1,8,2,1687,3452
1,8,2,1688,2217
1,8,2,1689,2350
1,8,2,1690,2062
1,8,2,1691,3709
1,8,2,1692,2742
1,8,2,1693,2617
1,8,2,1694,2417
1,8,2,1695,1300
1,8,2,1696,2424
1,8,2,1697,2511
1,8,2,1698,2324
1,8,2,1699,2131
1,8,2,1700,2248
1,8,2,1701,2316
1,8,2,1702,2220
1,8,2,1703,2076
1,8,2,1704,2189
1,8,2,1705,1506
1,8,2,1706,2905
1,8,2,1707,2273
1,8,2,1708,2426
1,8,2,1709,2211
1,8,2,1710,1398
1,8,2,1711,1065
1,8,2,1712,1210
1,8,2,1713,1090
1,8,2,1714,2617
1,8,2,1715,2149
1,8,2,1716,2528
1,8,2,1717,2225
1,8,2,1718,2095
1,8,2,1719,2073
1,8,2,1720,1397
1,8,2,1721,2366
1,8,2,1722,2318
1,8,2,1723,2172
1,8,2,1724,2527
1,8,2,1725,2325
1,8,2,1726,2390
1,8,2,1727,2313
1,8,2,1728,2467
1,8,2,1729,2076
1,8,2,1730,2080
1,8,2,1731,2181
1,8,2,1732,2082
1,8,2,1733,2527
1,8,2,1734,2177
1,8,2,1735,1105
1,8,2,1736,2607
1,8,2,1737,2251
1,8,2,1738,2385
1,8,2,1739,2336
1,8,2,1740,2950
1,8,2,1741,2465
1,8,2,1742,2197
1,8,2,1743,2121
1,8,2,1744,2127
1,8,2,1745,2234
1,8,2,1746,1221
1,8,2,1747,1626
1,8,2,1748,3086
1,8,2,1749,2129
1,8,2,1750,2228
1,8,2,1751,2354
1,8,2,1752,2144
1,8,2,1753,2554
1,8,2,1754,2325
1,8,2,1755,2237
1,8,2,1756,2021
1,8,2,1757,2100
1,8,2,1758,2353
1,8,2,1759,2251
1,8,2,1760,2285
1,8,2,1761,2427
1,8,2,1762,2247
1,8,2,1763,2407
1,8,2,1764,2529
1,8,2,1765,2377
1,8,2,1766,2027
1,8,2,1767,2181
1,8,2,1768,2475
1,8,2,1769,2093
1,8,2,1770,2109
1,8,2,1771,1281
1,8,2,1772,1522
1,8,2,1773,3035
1,8,2,1774,2180
1,8,2,1775,2261
1,8,2,1776,2146
1,8,2,1777,2126
1,8,2,1778,1857
1,8,2,1779,2225
1,8,2,1780,2708
1,8,2,1781,2368
1,8,2,1782,2309
1,8,2,1783,2577
1,8,2,1784,2172
1,8,2,1785,1673
1,8,2,1786,1240
1,8,2,1787,2896
1,8,2,1788,2353
1,8,2,1789,2520
1,8,2,1790,2197
1,8,2,1791,2253
1,8,2,1792,1971
1,8,2,1793,1173
1,8,2,1794,4195
1,8,2,1795,2054
1,8,2,1796,1334
1,8,2,1797,1023
1,8,2,1798,2760
1,8,2,1799,2335
1,8,2,1800,2040
1,8,2,1801,2075
1,8,2,1802,2102
1,8,2,1803,2106
1,8,2,1804,2061
1,8,2,1805,2180
1,8,2,1806,1935
1,8,2,1807,2332
1,8,2,1808,2142
1,8,2,1809,1148
1,8,2,1810,1704
1,8,2,1811,1137
1,8,2,1812,3348
1,8,2,1813,2369
1,8,2,1814,2160
1,8,2,1815,2529
1,8,2,1816,3153
1,8,2,1817,2324
1,8,2,1818,2612
1,8,2,1819,1982
1,8,2,1820,2135
1,8,2,1821,2227
1,8,2,1822,2121
1,8,2,1823,2105
1,8,2,1824,1831
1,8,2,1825,2253
1,8,2,1826,2200
1,8,2,1827,2147
1,8,2,1828,2168
1,8,2,1829,2199
1,8,2,1830,2006
1,8,2,1831,1996
1,8,2,1832,2269
1,8,2,1833,3113
1,8,2,1834,2506
1,8,2,1835,1635
1,8,2,1836,1338
1,8,2,1837,1837
1,8,2,1838,1599
1,8,2,1839,3141
1,8,2,1840,2350
1,8,2,1841,2567
1,8,2,1842,2328
1,8,2,1843,1620
1,8,2,1844,2553
1,8,2,1845,2003
1,8,2,1846,2217
1,8,2,1847,2337
1,8,2,1848,2108
1,8,2,1849,1106
1,8,2,1850,2451
1,8,2,1851,2432
1,8,2,1852,2257
1,8,2,1853,1885
1,8,2,1854,2150
1,8,2,1855,3161
1,8,2,1856,2422
1,8,2,1857,2440
1,8,2,1858,2297
1,8,2,1859,2200
1,8,2,1860,2563
1,8,2,1861,2040
1,8,2,1862,1306
1,8,2,1863,1470
1,8,2,1864,1299
1,8,2,1865,959
1,8,2,1866,1204
1,8,2,1867,3079
1,8,2,1868,2641
1,8,2,1869,2412
1,8,2,1870,2237
1,8,2,1871,2171
1,8,2,1872,2327
1,8,2,1873,2348
1,8,2,1874,2267
1,8,2,1875,2077
1,8,2,1876,2081
1,8,2,1877,2413
1,8,2,1878,2190
1,8,2,1879,2157
1,8,2,1880,2207
1,8,2,1881,2059
1,8,2,1882,1593
1,8,2,1883,2876
1,8,2,1884,2475
1,8,2,1885,2964
1,8,2,1886,2409
1,8,2,1887,2467
1,8,2,1888,2428
1,8,2,1889,2438
1,8,2,1890,2173
1,8,2,1891,2112
1,8,2,1892,1013
1,8,2,1893,2779
1,8,2,1894,2062
1,8,2,1895,2203
1,8,2,1896,2591
1,8,2,1897,2286
1,8,2,1898,2302
1,8,2,1899,2179
1,8,2,1900,2129
1,8,2,1901,2163
1,8,2,1902,2192
1,8,2,1903,2703
1,8,2,1904,2271
1,8,2,1905,2523
1,8,2,1906,2068
1,8,2,1907,2173
1,8,2,1908,2141
1,8,2,1909,2016
1,8,2,1910,2060
1,8,2,1911,2189
1,8,2,1912,2155
1,8,2,1913,2368
1,8,2,1914,2021
1,8,2,1915,2156
1,8,2,1916,1956
1,8,2,1917,1917
1,8,2,1918,1931
1,8,2,1919,2030
1,8,2,1920,2088
1,8,2,1921,1944
1,8,2,1922,2051
1,8,2,1923,1200
1,8,2,1924,2386
1,8,2,1925,2118
1,8,2,1926,1504
1,8,2,1927,2245
1,8,2,1928,2226
1,8,2,1929,2186
1,8,2,1930,2163
1,8,2,1931,2146
1,8,2,1932,2016
1,8,2,1933,2222
1,8,2,1934,2026
1,8,2,1935,992
1,8,2,1936,911
1,8,2,1937,2373
1,8,2,1938,1983
1,8,2,1939,2445
1,8,2,1940,1926
1,8,2,1941,2178
1,8,2,1942,2193
1,8,2,1943,2007
1,8,2,1944,2130
1,8,2,1945,1920
1,8,2,1946,1885
1,8,2,1947,2243
1,8,2,1948,1871
1,8,2,1949,1979
1,8,2,1950,2134
1,8,2,1951,2132
1,8,2,1952,2407
1,8,2,1953,2370
1,8,2,1954,2052
1,8,2,1955,2430
1,8,2,1956,2170
1,8,2,1957,2503
1,8,2,1958,2216
1,8,2,1959,2005
1,8,2,1960,2027
1,8,2,1961,2682
1,8,2,1962,2576
1,8,2,1963,2031
1,8,2,1964,2060
1,8,2,1965,2104
1,8,2,1966,2054
1,8,2,1967,2102
1,8,2,1968,2055
1,8,2,1969,2086
1,8,2,1970,1871
1,8,2,1971,2450
1,8,2,1972,2536
1,8,2,1973,2140
1,8,2,1974,2110
1,8,2,1975,2078
1,8,2,1976,1844
1,8,2,1977,2355
1,8,2,1978,2044
1,8,2,1979,2145
1,8,2,1980,2280
1,8,2,1981,1247
1,8,2,1982,2180
1,8,2,1983,2377
1,8,2,1984,2266
1,8,2,1985,2150
1,8,2,1986,2188
1,8,2,1987,2182
1,8,2,1988,2426
1,8,2,1989,2606
1,8,2,1990,2013
1,8,2,1991,2456
1,8,2,1992,2126
1,8,2,1993,2111
1,8,2,1994,2158
1,8,2,1995,2981
1,8,2,1996,2134
1,8,2,1997,1771
1,8,2,1998,1097
1,8,2,1999,1183
1,1,1,0,6051
1,1,1,1,2548
1,1,1,2,1723
1,1,1,3,1929
1,1,1,4,1138
1,1,1,5,1097
1,1,1,6,1535
1,1,1,7,1122
1,1,1,8,2333
1,1,1,9,1526
1,1,1,10,1198
1,1,1,11,1045
1,1,1,12,1080
1,1,1,13,1307
1,1,1,14,1015
1,1,1,15,1020
1,1,1,16,2381
1,1,1,17,1271
1,1,1,18,992
1,1,1,19,1608
1,1,1,20,1090
1,1,1,21,904
1,1,1,22,1166
1,1,1,23,980
1,1,1,24,924
1,1,1,25,910
1,1,1,26,1345
1,1,1,27,934
1,1,1,28,1419
1,1,1,29,1034
1,1,1,30,982
1,1,1,31,1060
1,1,1,32,966
1,1,1,33,921
1,1,1,34,846
1,1,1,35,2100
1,1,1,36,1300
1,1,1,37,1892
1,1,1,38,1171
1,1,1,39,998
1,1,1,40,921
1,1,1,41,953
1,1,1,42,1326
1,1,1,43,1178
1,1,1,44,1113
1,1,1,45,835
1,1,1,46,870
1,1,1,47,854
1,1,1,48,875
1,1,1,49,964
1,1,1,50,837
1,1,1,51,1332
1,1,1,52,1328
1,1,1,53,983
1,1,1,54,867
1,1,1,55,957
1,1,1,56,1007
1,1,1,57,932
1,1,1,58,1041
1,1,1,59,2094
1,1,1,60,1654
1,1,1,61,964
1,1,1,62,1443
1,1,1,63,1045
1,1,1,64,977
1,1,1,65,903
1,1,1,66,929
1,1,1,67,1391
1,1,1,68,936
1,1,1,69,920
1,1,1,70,1105
1,1,1,71,1024
1,1,1,72,1928
1,1,1,73,1231
1,1,1,74,3098
1,1,1,75,1873
1,1,1,76,1146
1,1,1,77,1138
1,1,1,78,1311
1,1,1,79,1034
1,1,1,80,926
1,1,1,81,908
1,1,1,82,1281
1,1,1,83,1011
1,1,1,84,898
1,1,1,85,1569
1,1,1,86,1395
1,1,1,87,1055
1,1,1,88,1385
1,1,1,89,1070
1,1,1,90,1000
1,1,1,91,996
1,1,1,92,1068
1,1,1,93,1623
1,1,1,94,1121
1,1,1,95,1284
1,1,1,96,1470
1,1,1,97,1014
1,1,1,98,1805
1,1,1,99,1457
1,1,1,100,1084
1,1,1,101,966
1,1,1,102,937
1,1,1,103,912
1,1,1,104,953
1,1,1,105,1560
1,1,1,106,972
1,1,1,107,953
1,1,1,108,1190
1,1,1,109,1229
1,1,1,110,1848
1,1,1,111,1182
1,1,1,112,1229
1,1,1,113,1021
1,1,1,114,1845
1,1,1,115,1055
1,1,1,116,1021
1,1,1,117,993
1,1,1,118,1011
1,1,1,119,922
1,1,1,120,1527
1,1,1,121,1184
1,1,1,122,922
1,1,1,123,907
1,1,1,124,1828
1,1,1,125,1281
1,1,1,126,989
1,1,1,127,1299
1,1,1,128,1023
1,1,1,129,877
1,1,1,130,1022
1,1,1,131,942
1,1,1,132,1373
1,1,1,133,1061
1,1,1,134,1052
1,1,1,135,1138
1,1,1,136,983
1,1,1,137,998
1,1,1,138,943
1,1,1,139,910
1,1,1,140,984
1,1,1,141,956
1,1,1,142,884
1,1,1,143,1158
1,1,1,144,1428
1,1,1,145,1201
1,1,1,146,2266
1,1,1,147,1812
1,1,1,148,1135
1,1,1,149,1030
1,1,1,150,2394
1,1,1,151,1396
1,1,1,152,1579
1,1,1,153,1168
1,1,1,154,1791
1,1,1,155,989
1,1,1,156,2632
1,1,1,157,1952
1,1,1,158,1105
1,1,1,159,1043
1,1,1,160,929
1,1,1,161,913
1,1,1,162,944
1,1,1,163,873
1,1,1,164,919
1,1,1,165,1548
1,1,1,166,1134
1,1,1,167,1042
1,1,1,168,1387
1,1,1,169,1357
1,1,1,170,1366
1,1,1,171,970
1,1,1,172,976
1,1,1,173,1482
1,1,1,174,1830
1,1,1,175,1038
1,1,1,176,1147
1,1,1,177,1538
1,1,1,178,964
1,1,1,179,1429
1,1,1,180,1036
1,1,1,181,1278
1,1,1,182,933
1,1,1,183,898
1,1,1,184,1274
1,1,1,185,1016
1,1,1,186,1013
1,1,1,187,1765
1,1,1,188,1502
1,1,1,189,1245
1,1,1,190,1377
1,1,1,191,1446
1,1,1,192,957
1,1,1,193,903
1,1,1,194,1071
1,1,1,195,1018
1,1,1,196,1635
1,1,1,197,1146
1,1,1,198,1543
1,1,1,199,1427
1,1,1,200,1123
1,1,1,201,1114
1,1,1,202,1003
1,1,1,203,1940
1,1,1,204,1236
1,1,1,205,1058
1,1,1,206,1286
1,1,1,207,1064
1,1,1,208,975
1,1,1,209,923
1,1,1,210,954
1,1,1,211,893
1,1,1,212,1409
1,1,1,213,1968
1,1,1,214,1320
1,1,1,215,1325
1,1,1,216,1014
1,1,1,217,959
1,1,1,218,878
1,1,1,219,1005
1,1,1,220,943
1,1,1,221,1096
1,1,1,222,1012
1,1,1,223,1059
1,1,1,224,1091
1,1,1,225,1768
1,1,1,226,1008
1,1,1,227,916
1,1,1,228,1213
1,1,1,229,923
1,1,1,230,1619
1,1,1,231,1077
1,1,1,232,974
1,1,1,233,1059
1,1,1,234,960
1,1,1,235,958
1,1,1,236,1606
1,1,1,237,1114
1,1,1,238,992
1,1,1,239,1554
1,1,1,240,1140
1,1,1,241,951
1,1,1,242,946
1,1,1,243,2013
1,1,1,244,1245
1,1,1,245,1096
1,1,1,246,1005
1,1,1,247,901
1,1,1,248,1048
1,1,1,249,1743
2,8,2,0,6563
2,8,2,1,7930
2,8,2,2,3989
2,8,2,3,3392
2,8,2,4,3353
2,8,2,5,3606
2,8,2,6,2197
2,8,2,7,2780
2,8,2,8,2692
2,8,2,9,2175
2,8,2,10,3409
2,8,2,11,2556
2,8,2,12,3447
2,8,2,13,2476
2,8,2,14,1757
2,8,2,15,1814
2,8,2,16,3679
2,8,2,17,2561
2,8,2,18,3823
2,8,2,19,2540
2,8,2,20,1824
2,8,2,21,3209
2,8,2,22,2358
2,8,2,23,3046
2,8,2,24,2452
2,8,2,25,1882
2,8,2,26,3375
2,8,2,27,2247
2,8,2,28,104102
2,8,2,29,2780
2,8,2,30,2816
2,8,2,31,3498
2,8,2,32,2873
2,8,2,33,3258
2,8,2,34,2411
2,8,2,35,2001
2,8,2,36,3338
2,8,2,37,2792
2,8,2,38,3227
2,8,2,39,2668
2,8,2,40,2648
2,8,2,41,2645
2,8,2,42,1694
2,8,2,43,3344
2,8,2,44,2585
2,8,2,45,2961
2,8,2,46,2325
2,8,2,47,2898
2,8,2,48,2397
2,8,2,49,3020
2,8,2,50,2681
2,8,2,51,1708
2,8,2,52,3353
2,8,2,53,3049
2,8,2,54,1655
2,8,2,55,1260
2,8,2,56,3428
2,8,2,57,2286
2,8,2,58,3175
2,8,2,59,2621
2,8,2,60,3064
2,8,2,61,2517
2,8,2,62,1848
2,8,2,63,1798
2,8,2,64,4385
2,8,2,65,2321
2,8,2,66,1631
2,8,2,67,3404
2,8,2,68,2519
2,8,2,69,2541
2,8,2,70,2092
2,8,2,71,10910
2,8,2,72,2291
2,8,2,73,1596
2,8,2,74,1293
2,8,2,75,2834
2,8,2,76,2401
2,8,2,77,1479
2,8,2,78,3560
2,8,2,79,2313
2,8,2,80,4020
2,8,2,81,2632
2,8,2,82,3505
2,8,2,83,2376
2,8,2,84,2791
2,8,2,85,2450
2,8,2,86,1575
2,8,2,87,3713
2,8,2,88,2660
2,8,2,89,3052
2,8,2,90,2392
2,8,2,91,2841
2,8,2,92,2411
2,8,2,93,3260
2,8,2,94,2329
2,8,2,95,2383
2,8,2,96,2371
2,8,2,97,2775
2,8,2,98,2478
2,8,2,99,1575
2,8,2,100,3132
2,8,2,101,2390
2,8,2,102,2656
2,8,2,103,2343
2,8,2,104,2875
2,8,2,105,2504
2,8,2,106,1539
2,8,2,107,1717
2,8,2,108,3131
2,8,2,109,2389
2,8,2,110,3304
2,8,2,111,2731
2,8,2,112,3440
2,8,2,113,2555
2,8,2,114,2678
2,8,2,115,2338
2,8,2,116,3351
2,8,2,117,2359
2,8,2,118,3262
2,8,2,119,2528
2,8,2,120,1683
2,8,2,121,2749
2,8,2,122,2435
2,8,2,123,1154
2,8,2,124,1500
2,8,2,125,1573
2,8,2,126,1534
2,8,2,127,1618
2,8,2,128,4653
2,8,2,129,2414
2,8,2,130,3578
2,8,2,131,3107
2,8,2,132,2322
2,8,2,133,3093
2,8,2,134,2459
2,8,2,135,1665
2,8,2,136,1735
2,8,2,137,3520
2,8,2,138,2327
2,8,2,139,3230
2,8,2,140,2474
2,8,2,141,3810
2,8,2,142,2314
2,8,2,143,1497
2,8,2,144,1666
2,8,2,145,3818
2,8,2,146,2366
2,8,2,147,1777
2,8,2,148,3659
2,8,2,149,2477
2,8,2,150,1776
2,8,2,151,3366
2,8,2,152,2769
2,8,2,153,2644
2,8,2,154,2521
2,8,2,155,3286
2,8,2,156,2372
2,8,2,157,3884
2,8,2,158,2432
2,8,2,159,2755
2,8,2,160,2486
2,8,2,161,3260
2,8,2,162,2455
2,8,2,163,1813
2,8,2,164,3347
2,8,2,165,2500
2,8,2,166,3629
2,8,2,167,2529
2,8,2,168,1889
2,8,2,169,3474
2,8,2,170,2379
2,8,2,171,3020
2,8,2,172,2878
2,8,2,173,1977
2,8,2,174,3542
2,8,2,175,2647
2,8,2,176,2952
2,8,2,177,2050
2,8,2,178,3029
2,8,2,179,2448
2,8,2,180,1714
2,8,2,181,2826
2,8,2,182,2346
2,8,2,183,2842
2,8,2,184,2530
2,8,2,185,2982
2,8,2,186,2717
2,8,2,187,2847
2,8,2,188,2430
2,8,2,189,2497
2,8,2,190,2096
2,8,2,191,3920
2,8,2,192,3214
2,8,2,193,2715
2,8,2,194,2969
2,8,2,195,2910
2,8,2,196,2057
2,8,2,197,3338
2,8,2,198,2433
2,8,2,199,2913
2,8,2,200,2778
2,8,2,201,3097
2,8,2,202,2936
2,8,2,203,3284
2,8,2,204,2461
2,8,2,205,3166
2,8,2,206,2639
2,8,2,207,3340
2,8,2,208,2673
2,8,2,209,2057
2,8,2,210,3300
2,8,2,211,2380
2,8,2,212,5383
2,8,2,213,2389
2,8,2,214,3055
2,8,2,215,2320
2,8,2,216,1621
2,8,2,217,2867
2,8,2,218,2778
2,8,2,219,3007
2,8,2,220,2426
2,8,2,221,2939
2,8,2,222,2396
2,8,2,223,1836
2,8,2,224,3266
2,8,2,225,2548
2,8,2,226,3408
2,8,2,227,2454
2,8,2,228,2832
2,8,2,229,2539
2,8,2,230,2344
2,8,2,231,2390
2,8,2,232,2949
2,8,2,233,2418
2,8,2,234,2691
2,8,2,235,2388
2,8,2,236,2449
2,8,2,237,2445
2,8,2,238,2929
2,8,2,239,2356
2,8,2,240,1793
2,8,2,241,1557
2,8,2,242,2960
2,8,2,243,2360
2,8,2,244,3544
2,8,2,245,2357
2,8,2,246,1879
2,8,2,247,3051
2,8,2,248,2606
2,8,2,249,3356
2,8,2,250,2355
2,8,2,251,3365
2,8,2,252,19722
2,8,2,253,3303
2,8,2,254,2575
2,8,2,255,3872
2,8,2,256,2513
2,8,2,257,1722
2,8,2,258,2829
2,8,2,259,2259
2,8,2,260,2934
2,8,2,261,2488
2,8,2,262,3161
2,8,2,263,2357
2,8,2,264,1945
2,8,2,265,3034
2,8,2,266,2220
2,8,2,267,3268
2,8,2,268,2250
2,8,2,269,3251
2,8,2,270,2492
2,8,2,271,2799
2,8,2,272,2663
2,8,2,273,1550
2,8,2,274,3433
2,8,2,275,2467
2,8,2,276,1808
2,8,2,277,3520
2,8,2,278,2211
2,8,2,279,3087
2,8,2,280,2745
2,8,2,281,3059
2,8,2,282,18844
2,8,2,283,3537
2,8,2,284,2377
2,8,2,285,3154
2,8,2,286,2581
2,8,2,287,3311
2,8,2,288,2395
2,8,2,289,3406
2,8,2,290,2451
2,8,2,291,3184
2,8,2,292,2550
2,8,2,293,164956
2,8,2,294,2493
2,8,2,295,1647
2,8,2,296,3754
2,8,2,297,2512
2,8,2,298,1881
2,8,2,299,3162
2,8,2,300,2508
2,8,2,301,3241
2,8,2,302,2379
2,8,2,303,1839
2,8,2,304,2993
2,8,2,305,2294
2,8,2,306,2460
2,8,2,307,2451
2,8,2,308,3097
2,8,2,309,2604
2,8,2,310,2312
2,8,2,311,1767
2,8,2,312,3142
2,8,2,313,3269
2,8,2,314,3172
2,8,2,315,2183
2,8,2,316,3061
2,8,2,317,1962
2,8,2,318,2859
2,8,2,319,2853
2,8,2,320,2637
2,8,2,321,3414
2,8,2,322,1811
2,8,2,323,3728
2,8,2,324,2379
2,8,2,325,2693
2,8,2,326,3302
2,8,2,327,2991
2,8,2,328,3090
2,8,2,329,1917
2,8,2,330,2927
2,8,2,331,3778
2,8,2,332,2767
2,8,2,333,3489
2,8,2,334,2471
2,8,2,335,2794
2,8,2,336,2587
2,8,2,337,1924
2,8,2,338,3576
2,8,2,339,2770
2,8,2,340,2984
2,8,2,341,2971
2,8,2,342,3114
2,8,2,343,2664
2,8,2,344,1711
2,8,2,345,1903
2,8,2,346,3114
2,8,2,347,2630
2,8,2,348,2013
2,8,2,349,3564
2,8,2,350,2581
2,8,2,351,3256
2,8,2,352,2656
2,8,2,353,1936
2,8,2,354,3757
2,8,2,355,2794
2,8,2,356,3519
2,8,2,357,2444
2,8,2,358,2873
2,8,2,359,2802
2,8,2,360,3217
2,8,2,361,2473
2,8,2,362,1836
2,8,2,363,3559
2,8,2,364,2442
2,8,2,365,3962
2,8,2,366,2514
2,8,2,367,3576
2,8,2,368,2870
2,8,2,369,3251
2,8,2,370,2582
2,8,2,371,3382
2,8,2,372,2463
2,8,2,373,2572
2,8,2,374,2348
2,8,2,375,3784
2,8,2,376,2896
2,8,2,377,1776
2,8,2,378,3642
2,8,2,379,2546
2,8,2,380,3401
2,8,2,381,2345
2,8,2,382,5710
2,8,2,383,2723
2,8,2,384,3512
2,8,2,385,2418
2,8,2,386,3073
2,8,2,387,3340
2,8,2,388,2344
2,8,2,389,1895
2,8,2,390,3325
2,8,2,391,2493
2,8,2,392,3174
2,8,2,393,2394
2,8,2,394,1717
2,8,2,395,3495
2,8,2,396,2515
2,8,2,397,24870
2,8,2,398,2308
2,8,2,399,2576
2,8,2,400,2420
2,8,2,401,3170
2,8,2,402,2694
2,8,2,403,3008
2,8,2,404,2502
2,8,2,405,2464
2,8,2,406,2307
2,8,2,407,2917
2,8,2,408,2402
2,8,2,409,3498
2,8,2,410,3093
2,8,2,411,3264
2,8,2,412,2925
2,8,2,413,7677
2,8,2,414,2745
2,8,2,415,3712
2,8,2,416,2610
2,8,2,417,3300
2,8,2,418,2535
2,8,2,419,1803
2,8,2,420,3629
2,8,2,421,2637
2,8,2,422,2139
2,8,2,423,3019
2,8,2,424,2348
2,8,2,425,3294
2,8,2,426,2115
2,8,2,427,1811
2,8,2,428,3143
2,8,2,429,2471
2,8,2,430,1582
2,8,2,431,3662
2,8,2,432,2577
2,8,2,433,3207
2,8,2,434,2554
2,8,2,435,3401
2,8,2,436,2556
2,8,2,437,3379
2,8,2,438,2523
2,8,2,439,3282
2,8,2,440,2559
2,8,2,441,47445679
2,8,2,442,3138
2,8,2,443,2671
2,8,2,444,3884
2,8,2,445,26768
2,8,2,446,2787
2,8,2,447,3340
2,8,2,448,2621
2,8,2,449,3269
2,8,2,450,2352
2,8,2,451,2968
2,8,2,452,2123
2,8,2,453,3248
2,8,2,454,2323
2,8,2,455,2098
2,8,2,456,3173
2,8,2,457,2190
2,8,2,458,3157
2,8,2,459,2359
2,8,2,460,3206
2,8,2,461,2658
2,8,2,462,2927
2,8,2,463,2049
2,8,2,464,3030
2,8,2,465,2560
2,8,2,466,2300
2,8,2,467,2578
2,8,2,468,1397
2,8,2,469,2268
2,8,2,470,2098
2,8,2,471,3751
2,8,2,472,2961
2,8,2,473,3031
2,8,2,474,1662
2,8,2,475,3854
2,8,2,476,3027
2,8,2,477,3830
2,8,2,478,2660
2,8,2,479,1991
2,8,2,480,3857
2,8,2,481,2392
2,8,2,482,1647
2,8,2,483,1187
2,8,2,484,4431
2,8,2,485,2252
2,8,2,486,3292
2,8,2,487,1948
2,8,2,488,3585
2,8,2,489,2462
2,8,2,490,1826
2,8,2,491,2984
2,8,2,492,2161
2,8,2,493,67565
2,8,2,494,2357
2,8,2,495,1981
2,8,2,496,2916
2,8,2,497,2309
2,8,2,498,3307
2,8,2,499,2482
2,8,2,500,72480
2,8,2,501,2330
2,8,2,502,2713
2,8,2,503,2390
2,8,2,504,3011
2,8,2,505,2192
2,8,2,506,1381
2,8,2,507,2755
2,8,2,508,2874
2,8,2,509,3468
2,8,2,510,2549
2,8,2,511,1773
2,8,2,512,2665
2,8,2,513,2367
2,8,2,514,3492
2,8,2,515,2695
2,8,2,516,2336
2,8,2,517,2339
2,8,2,518,3132
2,8,2,519,2498
2,8,2,520,3034
2,8,2,521,2582
2,8,2,522,2527
2,8,2,523,2303
2,8,2,524,3032
2,8,2,525,2263
2,8,2,526,1691
2,8,2,527,3121
2,8,2,528,2500
2,8,2,529,3174
2,8,2,530,2365
2,8,2,531,2966
2,8,2,532,2502
2,8,2,533,3006
2,8,2,534,2347
2,8,2,535,2866
2,8,2,536,2281
2,8,2,537,3067
2,8,2,538,2327
2,8,2,539,1752
2,8,2,540,2731
2,8,2,541,1966
2,8,2,542,2942
2,8,2,543,2574
2,8,2,544,2907
2,8,2,545,2337
2,8,2,546,2339
2,8,2,547,2594
2,8,2,548,2302
2,8,2,549,2350
2,8,2,550,1635
2,8,2,551,3017
2,8,2,552,2347
2,8,2,553,3082
2,8,2,554,2068
2,8,2,555,2927
2,8,2,556,2193
2,8,2,557,2695
2,8,2,558,2345
2,8,2,559,3338
2,8,2,560,3079
2,8,2,561,2867
2,8,2,562,2930
2,8,2,563,2507
2,8,2,564,1974
2,8,2,565,62659121
2,8,2,566,3355
2,8,2,567,3492
2,8,2,568,2885
2,8,2,569,2728
2,8,2,570,2914
2,8,2,571,2206
2,8,2,572,3119
2,8,2,573,2887
2,8,2,574,2464
2,8,2,575,2149
2,8,2,576,1947
2,8,2,577,1983
2,8,2,578,4583
2,8,2,579,2772
2,8,2,580,3304
2,8,2,581,2496
2,8,2,582,3754
2,8,2,583,2415
2,8,2,584,3517
2,8,2,585,2439
2,8,2,586,2118
2,8,2,587,3584
2,8,2,588,2205
2,8,2,589,2591
2,8,2,590,2732
2,8,2,591,2232
2,8,2,592,1798
2,8,2,593,2677
2,8,2,594,2340
2,8,2,595,3309
2,8,2,596,2492
2,8,2,597,3315
2,8,2,598,2321
2,8,2,599,3323
2,8,2,600,2257
2,8,2,601,2495
2,8,2,602,2149
2,8,2,603,2558
2,8,2,604,2040
2,8,2,605,2781
2,8,2,606,2224
2,8,2,607,2654
2,8,2,608,2133
2,8,2,609,2263
2,8,2,610,2088
2,8,2,611,1643
2,8,2,612,4303
2,8,2,613,2171
2,8,2,614,2491
2,8,2,615,2454
2,8,2,616,3006
2,8,2,617,2264
2,8,2,618,2320
2,8,2,619,2216
2,8,2,620,2954
2,8,2,621,2263
2,8,2,622,2866
2,8,2,623,2455
2,8,2,624,3905
2,8,2,625,2082
2,8,2,626,2184
2,8,2,627,2446
2,8,2,628,2383
2,8,2,629,2254
2,8,2,630,2566
2,8,2,631,2410
2,8,2,632,2359
2,8,2,633,2313
2,8,2,634,2701
2,8,2,635,2586
2,8,2,636,2445
2,8,2,637,2571
2,8,2,638,2433
2,8,2,639,2397
2,8,2,640,2222
2,8,2,641,2467
2,8,2,642,2411
2,8,2,643,2307
2,8,2,644,2338
2,8,2,645,2255
2,8,2,646,2485
2,8,2,647,2334
2,8,2,648,2630
2,8,2,649,2439
2,8,2,650,1715
2,8,2,651,2323
2,8,2,652,3235
2,8,2,653,2175
2,8,2,654,2755
2,8,2,655,2403
2,8,2,656,2051
2,8,2,657,1703
2,8,2,658,2583
2,8,2,659,2594
2,8,2,660,3123
2,8,2,661,2508
2,8,2,662,1985
2,8,2,663,3633
2,8,2,664,2122
2,8,2,665,2346
2,8,2,666,2253
2,8,2,667,2241
2,8,2,668,2504
2,8,2,669,2408
2,8,2,670,3144
2,8,2,671,2444
2,8,2,672,1667
2,8,2,673,2457
2,8,2,674,2721
2,8,2,675,2893
2,8,2,676,2642
2,8,2,677,2618
2,8,2,678,3167
2,8,2,679,2577
2,8,2,680,2362
2,8,2,681,2488
2,8,2,682,2719
2,8,2,683,2469
2,8,2,684,2614
2,8,2,685,2409
2,8,2,686,2491
2,8,2,687,2314
2,8,2,688,2410
2,8,2,689,1737
2,8,2,690,2454
2,8,2,691,2958
2,8,2,692,2404
2,8,2,693,1864
2,8,2,694,2592
2,8,2,695,2296
2,8,2,696,2452
2,8,2,697,2367
2,8,2,698,2473
2,8,2,699,2774
2,8,2,700,2609
2,8,2,701,2533
2,8,2,702,2225
2,8,2,703,1739
2,8,2,704,2887
2,8,2,705,2288
2,8,2,706,2672
2,8,2,707,2229
2,8,2,708,2980
2,8,2,709,2334
2,8,2,710,2498
2,8,2,711,2185
2,8,2,712,3642
2,8,2,713,3309
2,8,2,714,2360
2,8,2,715,2395
2,8,2,716,2392
2,8,2,717,2104
2,8,2,718,2448
2,8,2,719,2326
2,8,2,720,2311
2,8,2,721,1555
2,8,2,722,1623
2,8,2,723,3332
2,8,2,724,2310
2,8,2,725,2800
2,8,2,726,28620
2,8,2,727,2708
2,8,2,728,2295
2,8,2,729,3146
2,8,2,730,2369
2,8,2,731,2712
2,8,2,732,2490
2,8,2,733,3484
2,8,2,734,2585
2,8,2,735,3656
2,8,2,736,2495
2,8,2,737,2672
2,8,2,738,2588
2,8,2,739,3128
2,8,2,740,2558
2,8,2,741,2538
2,8,2,742,2466
2,8,2,743,2383
2,8,2,744,2308
2,8,2,745,2212
2,8,2,746,2611
2,8,2,747,2688
2,8,2,748,2503
2,8,2,749,1676
2,8,2,750,2568
2,8,2,751,2305
2,8,2,752,2359
2,8,2,753,2509
2,8,2,754,2481
2,8,2,755,2570
2,8,2,756,2331
2,8,2,757,2313
2,8,2,758,1631
2,8,2,759,3200
2,8,2,760,2378
2,8,2,761,2447
2,8,2,762,2257
2,8,2,763,3069
2,8,2,764,2494
2,8,2,765,2788
2,8,2,766,2440
2,8,2,767,3034
2,8,2,768,2136
2,8,2,769,1680
2,8,2,770,2455
2,8,2,771,2293
2,8,2,772,2947
2,8,2,773,2233
2,8,2,774,2342
2,8,2,775,2383
2,8,2,776,3006
2,8,2,777,2264
2,8,2,778,2318
2,8,2,779,2429
2,8,2,780,3160
2,8,2,781,2508
2,8,2,782,1378
2,8,2,783,2594
2,8,2,784,2428
2,8,2,785,2296
2,8,2,786,2301
2,8,2,787,3155
2,8,2,788,2362
2,8,2,789,2458
2,8,2,790,2323
2,8,2,791,3226
2,8,2,792,2510
2,8,2,793,2619
2,8,2,794,2783
2,8,2,795,3065
2,8,2,796,2347
2,8,2,797,2407
2,8,2,798,2147
2,8,2,799,2894
2,8,2,800,2289
2,8,2,801,2633
2,8,2,802,2547
2,8,2,803,2875
2,8,2,804,2552
2,8,2,805,2439
2,8,2,806,2108
2,8,2,807,2856
2,8,2,808,2499
2,8,2,809,1848
2,8,2,810,2547
2,8,2,811,2305
2,8,2,812,2316
2,8,2,813,2274
2,8,2,814,2515
2,8,2,815,2515
2,8,2,816,1527
2,8,2,817,2708
2,8,2,818,1875
2,8,2,819,3071
2,8,2,820,3445
2,8,2,821,2717
2,8,2,822,2487
2,8,2,823,2772
2,8,2,824,2745
2,8,2,825,2477
2,8,2,826,2607
2,8,2,827,2105
2,8,2,828,2883
2,8,2,829,2333
2,8,2,830,2464
2,8,2,831,2654
2,8,2,832,2436
2,8,2,833,2679
2,8,2,834,2756
2,8,2,835,2568
2,8,2,836,2528
2,8,2,837,2419
2,8,2,838,2294
2,8,2,839,2278
2,8,2,840,2412
2,8,2,841,2201
2,8,2,842,2671
2,8,2,843,2228
2,8,2,844,2675
2,8,2,845,2337
2,8,2,846,2351
2,8,2,847,2435
2,8,2,848,2739
2,8,2,849,2580
2,8,2,850,2208
2,8,2,851,2333
2,8,2,852,2593
2,8,2,853,2342
2,8,2,854,2272
2,8,2,855,2247
2,8,2,856,2313
2,8,2,857,2255
2,8,2,858,1923
2,8,2,859,1999
2,8,2,860,3232
2,8,2,861,2835
2,8,2,862,2746
2,8,2,863,3020
2,8,2,864,2523
2,8,2,865,2589
2,8,2,866,2402
2,8,2,867,2560
2,8,2,868,2554
2,8,2,869,2557
2,8,2,870,1833
2,8,2,871,2456
2,8,2,872,2006
2,8,2,873,2439
2,8,2,874,2643
2,8,2,875,2396
2,8,2,876,2434
2,8,2,877,4260
2,8,2,878,3265
2,8,2,879,2535
2,8,2,880,2431
2,8,2,881,2388
2,8,2,882,2456
2,8,2,883,2380
2,8,2,884,2393
2,8,2,885,2619
2,8,2,886,2136
2,8,2,887,2332
2,8,2,888,2527
2,8,2,889,2626
2,8,2,890,2360
2,8,2,891,2363
2,8,2,892,2492
2,8,2,893,2456
2,8,2,894,2302
2,8,2,895,2461
2,8,2,896,2251
2,8,2,897,2317
2,8,2,898,2180
2,8,2,899,2408
2,8,2,900,2375
2,8,2,901,2373
2,8,2,902,2126
2,8,2,903,2335
2,8,2,904,2461
2,8,2,905,2376
2,8,2,906,2483
2,8,2,907,2261
2,8,2,908,2367
2,8,2,909,2561
2,8,2,910,2542
2,8,2,911,1844
2,8,2,912,2526
2,8,2,913,2465
2,8,2,914,2561
2,8,2,915,2318
2,8,2,916,2402
2,8,2,917,2974
2,8,2,918,2347
2,8,2,919,2324
2,8,2,920,2347
2,8,2,921,1580
2,8,2,922,2842
2,8,2,923,3460
2,8,2,924,2378
2,8,2,925,2696
2,8,2,926,2947
2,8,2,927,2222
2,8,2,928,99358214
2,8,2,929,1937
2,8,2,930,4559
2,8,2,931,2463
2,8,2,932,3646
2,8,2,933,2888
2,8,2,934,1563
2,8,2,935,3754
2,8,2,936,2971
2,8,2,937,3857
2,8,2,938,2481
2,8,2,939,3254
2,8,2,940,3213
2,8,2,941,3292
2,8,2,942,2883
2,8,2,943,3344
2,8,2,944,2345
2,8,2,945,4039
2,8,2,946,3259
2,8,2,947,3142
2,8,2,948,3104
2,8,2,949,2538
2,8,2,950,2939
2,8,2,951,3151
2,8,2,952,3237
2,8,2,953,2619
2,8,2,954,2525
2,8,2,955,3566
2,8,2,956,2842
2,8,2,957,2735
2,8,2,958,2479
2,8,2,959,3148
2,8,2,960,2566
2,8,2,961,2355
2,8,2,962,3162
2,8,2,963,2419
2,8,2,964,2983
2,8,2,965,2240
2,8,2,966,1894
2,8,2,967,2215
2,8,2,968,3539
2,8,2,969,2477
2,8,2,970,2346
2,8,2,971,3479
2,8,2,972,2526
2,8,2,973,2950
2,8,2,974,2349
2,8,2,975,3227
2,8,2,976,2923
2,8,2,977,3356
2,8,2,978,2421
2,8,2,979,2841
2,8,2,980,2759
2,8,2,981,3165
2,8,2,982,3108
2,8,2,983,3273
2,8,2,984,2462
2,8,2,985,3068
2,8,2,986,3104
2,8,2,987,3192
2,8,2,988,3209
2,8,2,989,3440
2,8,2,990,2691
2,8,2,991,3316
2,8,2,992,3633
2,8,2,993,3526
2,8,2,994,2270
2,8,2,995,2432
2,8,2,996,2481
2,8,2,997,2599
2,8,2,998,3569
2,8,2,999,2445
2,8,2,1000,3128
2,8,2,1001,3422
2,8,2,1002,3950
2,8,2,1003,3332
2,8,2,1004,2753
2,8,2,1005,3033
2,8,2,1006,2825
2,8,2,1007,3134
2,8,2,1008,3408
2,8,2,1009,3411
2,8,2,1010,3018
2,8,2,1011,3551
2,8,2,1012,2926
2,8,2,1013,3248
2,8,2,1014,3475
2,8,2,1015,3117
2,8,2,1016,3050
2,8,2,1017,2717
2,8,2,1018,3395
2,8,2,1019,3061
2,8,2,1020,3790
2,8,2,1021,2421
2,8,2,1022,2010
2,8,2,1023,3852
2,8,2,1024,2580
2,8,2,1025,3467
2,8,2,1026,3323
2,8,2,1027,3673
2,8,2,1028,2680
2,8,2,1029,2753
2,8,2,1030,3640
2,8,2,1031,2866
2,8,2,1032,3339
2,8,2,1033,2551
2,8,2,1034,3132
2,8,2,1035,3653
2,8,2,1036,3316
2,8,2,1037,2508
2,8,2,1038,3230
2,8,2,1039,2667
2,8,2,1040,3134
2,8,2,1041,3348
2,8,2,1042,3240
2,8,2,1043,3064
2,8,2,1044,2650
2,8,2,1045,3671
2,8,2,1046,2797
2,8,2,1047,2382
2,8,2,1048,3890
2,8,2,1049,3400
2,8,2,1050,3264
2,8,2,1051,2987
2,8,2,1052,3391
2,8,2,1053,3247
2,8,2,1054,3386
2,8,2,1055,3388
2,8,2,1056,2760
2,8,2,1057,3107
2,8,2,1058,2881
2,8,2,1059,2102
2,8,2,1060,3508
2,8,2,1061,2734
2,8,2,1062,2647
2,8,2,1063,3252
2,8,2,1064,3493
2,8,2,1065,3276
2,8,2,1066,3357
2,8,2,1067,3391
2,8,2,1068,2698
2,8,2,1069,3170
2,8,2,1070,2382
2,8,2,1071,2422
2,8,2,1072,3215
2,8,2,1073,115366036
2,8,2,1074,2675
2,8,2,1075,3776
2,8,2,1076,2972
2,8,2,1077,3274
2,8,2,1078,2760
2,8,2,1079,3301
2,8,2,1080,2731
2,8,2,1081,3253
2,8,2,1082,2736
2,8,2,1083,3083
2,8,2,1084,2698
2,8,2,1085,3103
2,8,2,1086,2711
2,8,2,1087,3197
2,8,2,1088,2499
2,8,2,1089,2954
2,8,2,1090,3036
2,8,2,1091,2978
2,8,2,1092,2937
2,8,2,1093,2990
2,8,2,1094,2777
2,8,2,1095,2887
2,8,2,1096,2614
2,8,2,1097,2799
2,8,2,1098,2831
2,8,2,1099,2532
2,8,2,1100,3244
2,8,2,1101,3140
2,8,2,1102,2907
2,8,2,1103,2733
2,8,2,1104,2886
2,8,2,1105,3159
2,8,2,1106,2957
2,8,2,1107,3016
2,8,2,1108,2958
2,8,2,1109,3068
2,8,2,1110,3292
2,8,2,1111,3196
2,8,2,1112,3395
2,8,2,1113,2931
2,8,2,1114,3261
2,8,2,1115,2880
2,8,2,1116,3220
2,8,2,1117,3027
2,8,2,1118,3051
2,8,2,1119,3031
2,8,2,1120,4015
2,8,2,1121,3319
2,8,2,1122,2996
2,8,2,1123,3074
2,8,2,1124,2822
2,8,2,1125,3003
2,8,2,1126,3436
2,8,2,1127,2883
2,8,2,1128,3241
2,8,2,1129,2823
2,8,2,1130,3117
2,8,2,1131,2767
2,8,2,1132,3431
2,8,2,1133,2887
2,8,2,1134,2865
2,8,2,1135,2722
2,8,2,1136,3131
2,8,2,1137,3589
2,8,2,1138,3260
2,8,2,1139,3442
2,8,2,1140,3569
2,8,2,1141,3442
2,8,2,1142,3283
2,8,2,1143,3146
2,8,2,1144,3199
2,8,2,1145,3488
2,8,2,1146,3422
2,8,2,1147,26282
2,8,2,1148,3247
2,8,2,1149,3276
2,8,2,1150,3172
2,8,2,1151,3315
2,8,2,1152,3107
2,8,2,1153,3387
2,8,2,1154,3064
2,8,2,1155,3229
2,8,2,1156,30464
2,8,2,1157,3273
2,8,2,1158,3173
2,8,2,1159,2911
2,8,2,1160,3060
2,8,2,1161,3068
2,8,2,1162,3530
2,8,2,1163,3472
2,8,2,1164,3218
2,8,2,1165,4020
2,8,2,1166,3602
2,8,2,1167,3410
2,8,2,1168,3161
2,8,2,1169,3403
2,8,2,1170,3207
2,8,2,1171,3466
2,8,2,1172,3268
2,8,2,1173,3239
2,8,2,1174,3257
2,8,2,1175,3557
2,8,2,1176,3174
2,8,2,1177,3281
2,8,2,1178,2794
2,8,2,1179,3024
2,8,2,1180,3070
2,8,2,1181,3386
2,8,2,1182,3339
2,8,2,1183,3305
2,8,2,1184,2914
2,8,2,1185,3436
2,8,2,1186,3108
2,8,2,1187,3203
2,8,2,1188,3093
2,8,2,1189,3075
2,8,2,1190,3216
2,8,2,1191,3180
2,8,2,1192,2975
2,8,2,1193,3144
2,8,2,1194,3187
2,8,2,1195,3033
2,8,2,1196,3217
2,8,2,1197,3353
2,8,2,1198,3033
2,8,2,1199,3087
2,8,2,1200,3048
2,8,2,1201,2850
2,8,2,1202,3054
2,8,2,1203,3533
2,8,2,1204,3141
2,8,2,1205,3450
2,8,2,1206,3033
2,8,2,1207,3154
2,8,2,1208,3176
2,8,2,1209,3526
2,8,2,1210,3325
2,8,2,1211,3154
2,8,2,1212,3143
2,8,2,1213,3425
2,8,2,1214,3164
2,8,2,1215,3469
2,8,2,1216,3265
2,8,2,1217,3219
2,8,2,1218,3344
2,8,2,1219,3191
2,8,2,1220,3399
2,8,2,1221,3884
2,8,2,1222,3271
2,8,2,1223,3492
2,8,2,1224,3400
2,8,2,1225,3462
2,8,2,1226,3138
2,8,2,1227,3472
2,8,2,1228,3264
2,8,2,1229,3793
2,8,2,1230,3446
2,8,2,1231,3624
2,8,2,1232,3612
2,8,2,1233,3147
2,8,2,1234,3352
2,8,2,1235,3261
2,8,2,1236,3178
2,8,2,1237,3256
2,8,2,1238,3163
2,8,2,1239,3744
2,8,2,1240,3239
2,8,2,1241,3322
2,8,2,1242,3022
2,8,2,1243,3356
2,8,2,1244,3257
2,8,2,1245,3009
2,8,2,1246,3180
2,8,2,1247,3279
2,8,2,1248,3149
2,8,2,1249,3437
2,8,2,1250,3103
2,8,2,1251,3323
2,8,2,1252,3349
2,8,2,1253,3245
2,8,2,1254,2980
2,8,2,1255,3390
2,8,2,1256,3318
2,8,2,1257,3154
2,8,2,1258,3195
2,8,2,1259,3186
2,8,2,1260,3073
2,8,2,1261,2961
2,8,2,1262,3020
2,8,2,1263,3172
2,8,2,1264,2930
2,8,2,1265,3152
2,8,2,1266,2959
2,8,2,1267,3057
2,8,2,1268,3000
2,8,2,1269,3213
2,8,2,1270,3097
2,8,2,1271,3132
2,8,2,1272,3053
2,8,2,1273,3185
2,8,2,1274,3166
2,8,2,1275,3112
2,8,2,1276,3026
2,8,2,1277,3526
2,8,2,1278,3168
2,8,2,1279,3304
2,8,2,1280,3065
2,8,2,1281,3341
2,8,2,1282,2849
2,8,2,1283,3371
2,8,2,1284,3301
2,8,2,1285,3253
2,8,2,1286,3562
2,8,2,1287,3384
2,8,2,1288,2891
2,8,2,1289,3131
2,8,2,1290,3054
2,8,2,1291,3674
2,8,2,1292,3200
2,8,2,1293,3101
2,8,2,1294,3182
2,8,2,1295,3081
2,8,2,1296,3103
2,8,2,1297,2906
2,8,2,1298,2865
2,8,2,1299,2987
2,8,2,1300,3031
2,8,2,1301,3346
2,8,2,1302,3086
2,8,2,1303,3139
2,8,2,1304,2913
2,8,2,1305,3037
2,8,2,1306,3095
2,8,2,1307,3225
2,8,2,1308,3113
2,8,2,1309,3058
2,8,2,1310,3181
2,8,2,1311,3130
2,8,2,1312,3018
2,8,2,1313,2903
2,8,2,1314,3069
2,8,2,1315,2938
2,8,2,1316,3081
2,8,2,1317,2983
2,8,2,1318,2943
2,8,2,1319,3247
2,8,2,1320,3058
2,8,2,1321,3278
2,8,2,1322,3183
2,8,2,1323,3172
2,8,2,1324,2931
2,8,2,1325,3094
2,8,2,1326,3008
2,8,2,1327,2894
2,8,2,1328,3217
2,8,2,1329,3186
2,8,2,1330,3022
2,8,2,1331,3039
2,8,2,1332,29424
2,8,2,1333,2989
2,8,2,1334,2955
2,8,2,1335,3212
2,8,2,1336,2682
2,8,2,1337,3162
2,8,2,1338,2968
2,8,2,1339,3066
2,8,2,1340,2979
2,8,2,1341,3139
2,8,2,1342,3107
2,8,2,1343,3257
2,8,2,1344,2930
2,8,2,1345,2990
2,8,2,1346,3068
2,8,2,1347,2960
2,8,2,1348,2786
2,8,2,1349,2897
2,8,2,1350,2871
2,8,2,1351,2980
2,8,2,1352,2862
2,8,2,1353,3100
2,8,2,1354,3036
2,8,2,1355,2912
2,8,2,1356,3396
2,8,2,1357,3134
2,8,2,1358,2743
2,8,2,1359,2276
2,8,2,1360,2287
2,8,2,1361,2817
2,8,2,1362,3079
2,8,2,1363,3141
2,8,2,1364,3014
2,8,2,1365,3316
2,8,2,1366,3179
2,8,2,1367,3628
2,8,2,1368,2999
2,8,2,1369,3546
2,8,2,1370,3174
2,8,2,1371,3429
2,8,2,1372,25263
2,8,2,1373,3455
2,8,2,1374,3017
2,8,2,1375,3366
2,8,2,1376,2967
2,8,2,1377,3375
2,8,2,1378,3029
2,8,2,1379,3344
2,8,2,1380,3343
2,8,2,1381,3437
2,8,2,1382,3017
2,8,2,1383,3343
2,8,2,1384,3087
2,8,2,1385,3321
2,8,2,1386,3241
2,8,2,1387,3404
2,8,2,1388,3000
2,8,2,1389,3193
2,8,2,1390,3083
2,8,2,1391,3305
2,8,2,1392,3105
2,8,2,1393,3828
2,8,2,1394,3299
2,8,2,1395,3244
2,8,2,1396,3090
2,8,2,1397,3176
2,8,2,1398,3066
2,8,2,1399,3136
2,8,2,1400,2951
2,8,2,1401,3268
2,8,2,1402,3018
2,8,2,1403,3189
2,8,2,1404,2976
2,8,2,1405,109958
2,8,2,1406,3110
2,8,2,1407,3437
2,8,2,1408,2994
2,8,2,1409,3283
2,8,2,1410,2879
2,8,2,1411,3245
2,8,2,1412,2763
2,8,2,1413,2991
2,8,2,1414,3206
2,8,2,1415,3305
2,8,2,1416,3222
2,8,2,1417,3343
2,8,2,1418,3205
2,8,2,1419,3290
2,8,2,1420,3126
2,8,2,1421,2966
2,8,2,1422,3174
2,8,2,1423,3126
2,8,2,1424,3109
2,8,2,1425,3134
2,8,2,1426,2994
2,8,2,1427,3007
2,8,2,1428,3192
2,8,2,1429,159891537
2,8,2,1430,3609
2,8,2,1431,4097
2,8,2,1432,2840
2,8,2,1433,2794
2,8,2,1434,2781
2,8,2,1435,2617
2,8,2,1436,2510
2,8,2,1437,2609
2,8,2,1438,3248
2,8,2,1439,2136
2,8,2,1440,1243
2,8,2,1441,1280
2,8,2,1442,2791
2,8,2,1443,2180
2,8,2,1444,2886
2,8,2,1445,2621
2,8,2,1446,2333
2,8,2,1447,2449
2,8,2,1448,2437
2,8,2,1449,2305
2,8,2,1450,2770
2,8,2,1451,2319
2,8,2,1452,2437
2,8,2,1453,2283
2,8,2,1454,2641
2,8,2,1455,2233
2,8,2,1456,2472
2,8,2,1457,3086
2,8,2,1458,2492
2,8,2,1459,2674
2,8,2,1460,2432
2,8,2,1461,2380
2,8,2,1462,1740
2,8,2,1463,2652
2,8,2,1464,2506
2,8,2,1465,2442
2,8,2,1466,2385
2,8,2,1467,2342
2,8,2,1468,2268
2,8,2,1469,2442
2,8,2,1470,2408
2,8,2,1471,2354
2,8,2,1472,2272
2,8,2,1473,2067
2,8,2,1474,1986
2,8,2,1475,2154
2,8,2,1476,2080
2,8,2,1477,2280
2,8,2,1478,2095
2,8,2,1479,2053
2,8,2,1480,2014
2,8,2,1481,2050
2,8,2,1482,2076
2,8,2,1483,2026
2,8,2,1484,2167
2,8,2,1485,3693
2,8,2,1486,2353
2,8,2,1487,2387
2,8,2,1488,3043
2,8,2,1489,2415
2,8,2,1490,1046
2,8,2,1491,2833
2,8,2,1492,2080
2,8,2,1493,2246
2,8,2,1494,2482
2,8,2,1495,2163
2,8,2,1496,2352
2,8,2,1497,2286
2,8,2,1498,2239
2,8,2,1499,2176
2,8,2,1500,2240
2,8,2,1501,1995
2,8,2,1502,2070
2,8,2,1503,2214
2,8,2,1504,2289
2,8,2,1505,2149
2,8,2,1506,2065
2,8,2,1507,2069
2,8,2,1508,2430
2,8,2,1509,2704
2,8,2,1510,3089
2,8,2,1511,2468
2,8,2,1512,1685
2,8,2,1513,2913
2,8,2,1514,2880
2,8,2,1515,2468
2,8,2,1516,2304
2,8,2,1517,2392
2,8,2,1518,2321
2,8,2,1519,2666
2,8,2,1520,2367
2,8,2,1521,1804
2,8,2,1522,2658
2,8,2,1523,2320
2,8,2,1524,2416
2,8,2,1525,2109
2,8,2,1526,2248
2,8,2,1527,2176
2,8,2,1528,2121
2,8,2,1529,2122
2,8,2,1530,2111
2,8,2,1531,2256
2,8,2,1532,2356
2,8,2,1533,2542
2,8,2,1534,2542
2,8,2,1535,2689
2,8,2,1536,2390
2,8,2,1537,2521
2,8,2,1538,2414
2,8,2,1539,2310
2,8,2,1540,2318
2,8,2,1541,2897
2,8,2,1542,1671
2,8,2,1543,1776
2,8,2,1544,1639
2,8,2,1545,1145
2,8,2,1546,3223
2,8,2,1547,2581
2,8,2,1548,2834
2,8,2,1549,2438
2,8,2,1550,2614
2,8,2,1551,2383
2,8,2,1552,2506
2,8,2,1553,2264
2,8,2,1554,2621
2,8,2,1555,2249
2,8,2,1556,2077
2,8,2,1557,2058
2,8,2,1558,1806
2,8,2,1559,1785
2,8,2,1560,2557
2,8,2,1561,1576
2,8,2,1562,2235
2,8,2,1563,1282
2,8,2,1564,170907642
2,8,2,1565,1952
2,8,2,1566,3735
2,8,2,1567,2231
2,8,2,1568,2892
2,8,2,1569,2249
2,8,2,1570,2487
2,8,2,1571,2242
2,8,2,1572,2656
2,8,2,1573,2358
2,8,2,1574,3207
2,8,2,1575,2758
2,8,2,1576,1503
2,8,2,1577,1148
2,8,2,1578,3144
2,8,2,1579,1910
2,8,2,1580,2451
2,8,2,1581,1342
2,8,2,1582,1193
2,8,2,1583,1816
2,8,2,1584,1105
2,8,2,1585,3211
2,8,2,1586,1853
2,8,2,1587,2060
2,8,2,1588,2436
2,8,2,1589,1378
2,8,2,1590,2392
2,8,2,1591,1106
2,8,2,1592,2286
2,8,2,1593,1834
2,8,2,1594,2010
2,8,2,1595,2007
2,8,2,1596,1872
2,8,2,1597,2821
2,8,2,1598,2275
2,8,2,1599,1162
2,8,2,1600,1295
2,8,2,1601,1012
2,8,2,1602,963
2,8,2,1603,1610
2,8,2,1604,978
2,8,2,1605,1050
2,8,2,1606,1699
2,8,2,1607,1739
2,8,2,1608,1130
2,8,2,1609,1003
2,8,2,1610,951
2,8,2,1611,1859
2,8,2,1612,4615
2,8,2,1613,2535
2,8,2,1614,1121
2,8,2,1615,2973
2,8,2,1616,2136
2,8,2,1617,2191
2,8,2,1618,1902
2,8,2,1619,2211
2,8,2,1620,1998
2,8,2,1621,1901
2,8,2,1622,2350
2,8,2,1623,1573
2,8,2,1624,3281
2,8,2,1625,2170
2,8,2,1626,2371
2,8,2,1627,2218
2,8,2,1628,3139
2,8,2,1629,2032
2,8,2,1630,2111
2,8,2,1631,1885
2,8,2,1632,2560
2,8,2,1633,2326
2,8,2,1634,1715
2,8,2,1635,2028
2,8,2,1636,1986
2,8,2,1637,1920
2,8,2,1638,2140
2,8,2,1639,1878
2,8,2,1640,2442
2,8,2,1641,1918
2,8,2,1642,1957
2,8,2,1643,2011
2,8,2,1644,1968
2,8,2,1645,1904
2,8,2,1646,1968
2,8,2,1647,2145
2,8,2,1648,1921
2,8,2,1649,2168
2,8,2,1650,1940
2,8,2,1651,2119
2,8,2,1652,2022
2,8,2,1653,2009
2,8,2,1654,1983
2,8,2,1655,2338
2,8,2,1656,2079
2,8,2,1657,2247
2,8,2,1658,1949
2,8,2,1659,2205
2,8,2,1660,2091
2,8,2,1661,1119
2,8,2,1662,937
2,8,2,1663,1484
2,8,2,1664,1239
2,8,2,1665,1102
2,8,2,1666,2677
2,8,2,1667,2308
2,8,2,1668,2269
2,8,2,1669,2116
2,8,2,1670,2003
2,8,2,1671,1910
2,8,2,1672,1965
2,8,2,1673,1908
2,8,2,1674,2006
2,8,2,1675,1918
2,8,2,1676,2079
2,8,2,1677,2711
2,8,2,1678,1454
2,8,2,1679,2570
2,8,2,1680,2036
2,8,2,1681,2497
2,8,2,1682,2465
2,8,2,1683,3517
2,8,2,1684,2131
2,8,2,1685,2381
2,8,2,1686,2113
2,8,2,1687,2127
2,8,2,1688,1764
2,8,2,1689,2212
2,8,2,1690,1918
2,8,2,1691,2062
2,8,2,1692,2193
2,8,2,1693,1976
2,8,2,1694,2038
2,8,2,1695,2093
2,8,2,1696,2070
2,8,2,1697,2288
2,8,2,1698,3317
2,8,2,1699,2113
2,8,2,1700,1040
2,8,2,1701,903
2,8,2,1702,929
2,8,2,1703,2226
2,8,2,1704,2022
2,8,2,1705,2000
2,8,2,1706,2276
2,8,2,1707,2028
2,8,2,1708,2297
2,8,2,1709,1885
2,8,2,1710,1921
2,8,2,1711,2101
2,8,2,1712,1927
2,8,2,1713,944
2,8,2,1714,2554
2,8,2,1715,1869
2,8,2,1716,2165
2,8,2,1717,2063
2,8,2,1718,2071
2,8,2,1719,2147
2,8,2,1720,2240
2,8,2,1721,1994
2,8,2,1722,2126
2,8,2,1723,2118
2,8,2,1724,2227
2,8,2,1725,4290
2,8,2,1726,2193
2,8,2,1727,2193
2,8,2,1728,981
2,8,2,1729,2241
2,8,2,1730,1972
2,8,2,1731,2021
2,8,2,1732,1976
2,8,2,1733,1778
2,8,2,1734,1862
2,8,2,1735,2000
2,8,2,1736,2002
2,8,2,1737,1909
2,8,2,1738,1997
2,8,2,1739,2076
2,8,2,1740,1964
2,8,2,1741,2322
2,8,2,1742,2433
2,8,2,1743,1841
2,8,2,1744,2017
2,8,2,1745,2135
2,8,2,1746,2256
2,8,2,1747,1090
2,8,2,1748,2136
2,8,2,1749,2422
2,8,2,1750,2364
2,8,2,1751,2213
2,8,2,1752,2196
2,8,2,1753,1950
2,8,2,1754,1963
2,8,2,1755,902
2,8,2,1756,1429
2,8,2,1757,1533
2,8,2,1758,1116
2,8,2,1759,2421
2,8,2,1760,2183
2,8,2,1761,1125
2,8,2,1762,2294
2,8,2,1763,1153
2,8,2,1764,1117
2,8,2,1765,2351
2,8,2,1766,2675
2,8,2,1767,1905
2,8,2,1768,2236
2,8,2,1769,2474
2,8,2,1770,1990
2,8,2,1771,2015
2,8,2,1772,2095
2,8,2,1773,2266
2,8,2,1774,2387
2,8,2,1775,2225
2,8,2,1776,2297
2,8,2,1777,2191
2,8,2,1778,2025
2,8,2,1779,1983
2,8,2,1780,2004
2,8,2,1781,1954
2,8,2,1782,2056
2,8,2,1783,2143
2,8,2,1784,2139
2,8,2,1785,2210
2,8,2,1786,2188
2,8,2,1787,1529
2,8,2,1788,2624
2,8,2,1789,1968
2,8,2,1790,2172
2,8,2,1791,2553
2,8,2,1792,2292
2,8,2,1793,2053
2,8,2,1794,2064
2,8,2,1795,2058
2,8,2,1796,2081
2,8,2,1797,2046
2,8,2,1798,1990
2,8,2,1799,1109
2,8,2,1800,3088
2,8,2,1801,2129
2,8,2,1802,2265
2,8,2,1803,1970
2,8,2,1804,1965
2,8,2,1805,2516
2,8,2,1806,3327
2,8,2,1807,1422
2,8,2,1808,1316
2,8,2,1809,3756
2,8,2,1810,2132
2,8,2,1811,1025
2,8,2,1812,2327
2,8,2,1813,2001
2,8,2,1814,1988
2,8,2,1815,1800
2,8,2,1816,1941
2,8,2,1817,1944
2,8,2,1818,2196
2,8,2,1819,2025
2,8,2,1820,2280
2,8,2,1821,1906
2,8,2,1822,961
2,8,2,1823,1044
2,8,2,1824,1064
2,8,2,1825,1234
2,8,2,1826,2444
2,8,2,1827,2036
2,8,2,1828,2016
2,8,2,1829,1934
2,8,2,1830,23854
2,8,2,1831,2113
2,8,2,1832,2055
2,8,2,1833,2268
2,8,2,1834,1908
2,8,2,1835,2049
2,8,2,1836,3456
2,8,2,1837,2482
2,8,2,1838,2022
2,8,2,1839,2070
2,8,2,1840,2017
2,8,2,1841,2986
2,8,2,1842,1161
2,8,2,1843,1043
2,8,2,1844,899
2,8,2,1845,2588
2,8,2,1846,1887
2,8,2,1847,2110
2,8,2,1848,2003
2,8,2,1849,1967
2,8,2,1850,2030
2,8,2,1851,2055
2,8,2,1852,1907
2,8,2,1853,1884
2,8,2,1854,2008
2,8,2,1855,2030
2,8,2,1856,1936
2,8,2,1857,1920
2,8,2,1858,1981
2,8,2,1859,1916
2,8,2,1860,1834
2,8,2,1861,1884
2,8,2,1862,1941
2,8,2,1863,1869
2,8,2,1864,1963
2,8,2,1865,1918
2,8,2,1866,1986
2,8,2,1867,2123
2,8,2,1868,2105
2,8,2,1869,1839
2,8,2,1870,1961
2,8,2,1871,1963
2,8,2,1872,1903
2,8,2,1873,1930
2,8,2,1874,2173
2,8,2,1875,1853
2,8,2,1876,1946
2,8,2,1877,1813
2,8,2,1878,914
2,8,2,1879,2292
2,8,2,1880,961
2,8,2,1881,1042
2,8,2,1882,2610
2,8,2,1883,2124
2,8,2,1884,900
2,8,2,1885,2312
2,8,2,1886,2085
2,8,2,1887,2107
2,8,2,1888,2051
2,8,2,1889,968
2,8,2,1890,2105
2,8,2,1891,1815
2,8,2,1892,1999
2,8,2,1893,1927
2,8,2,1894,2278
2,8,2,1895,2207
2,8,2,1896,1970
2,8,2,1897,2135
2,8,2,1898,1927
2,8,2,1899,1165
2,8,2,1900,2434
2,8,2,1901,1955
2,8,2,1902,1854
2,8,2,1903,2119
2,8,2,1904,1846
2,8,2,1905,1880
2,8,2,1906,1946
2,8,2,1907,1873
2,8,2,1908,1951
2,8,2,1909,2234
2,8,2,1910,2546
2,8,2,1911,2920
2,8,2,1912,2825
2,8,2,1913,2249
2,8,2,1914,1452
2,8,2,1915,1133
2,8,2,1916,2095
2,8,2,1917,1467
2,8,2,1918,1135
2,8,2,1919,1508
2,8,2,1920,1054
2,8,2,1921,1037
2,8,2,1922,1181
2,8,2,1923,900
2,8,2,1924,1068
2,8,2,1925,1547
2,8,2,1926,1317
2,8,2,1927,1023
2,8,2,1928,922
2,8,2,1929,866
2,8,2,1930,1481
2,8,2,1931,1030
2,8,2,1932,962
2,8,2,1933,1323
2,8,2,1934,887
2,8,2,1935,1054
2,8,2,1936,1004
2,8,2,1937,966
2,8,2,1938,876
2,8,2,1939,1639
2,8,2,1940,986
2,8,2,1941,1057
2,8,2,1942,874
2,8,2,1943,1071
2,8,2,1944,1014
2,8,2,1945,955
2,8,2,1946,983
2,8,2,1947,1421
2,8,2,1948,1137
2,8,2,1949,1301
2,8,2,1950,1394
2,8,2,1951,2473
2,8,2,1952,1845
2,8,2,1953,1851
2,8,2,1954,1832
2,8,2,1955,1198
2,8,2,1956,1728
2,8,2,1957,1563
2,8,2,1958,1039
2,8,2,1959,1388
2,8,2,1960,1020
2,8,2,1961,975
2,8,2,1962,1031
2,8,2,1963,972
2,8,2,1964,1020
2,8,2,1965,1133
2,8,2,1966,997
2,8,2,1967,1103
2,8,2,1968,983
2,8,2,1969,1011
2,8,2,1970,1107
2,8,2,1971,1101
2,8,2,1972,1452
2,8,2,1973,1031
2,8,2,1974,951
2,8,2,1975,1018
2,8,2,1976,965
2,8,2,1977,2114
2,8,2,1978,1368
2,8,2,1979,1354
2,8,2,1980,1188
2,8,2,1981,1256
2,8,2,1982,1081
2,8,2,1983,1107
2,8,2,1984,1013
2,8,2,1985,1119
2,8,2,1986,1021
2,8,2,1987,1637
2,8,2,1988,969
2,8,2,1989,1288
2,8,2,1990,951
2,8,2,1991,1007
2,8,2,1992,1048
2,8,2,1993,979
2,8,2,1994,956
2,8,2,1995,1355
2,8,2,1996,953
2,8,2,1997,1077
2,8,2,1998,1021
2,8,2,1999,1018
2,4,2,0,6738
2,4,2,1,4607
2,4,2,2,57194
2,4,2,3,4083
2,4,2,4,3518
2,4,2,5,3629
2,4,2,6,3202
2,4,2,7,3370
2,4,2,8,3468
2,4,2,9,3557
2,4,2,10,3468
2,4,2,11,3303
2,4,2,12,3214
2,4,2,13,3378
2,4,2,14,3598
2,4,2,15,3599
2,4,2,16,3386
2,4,2,17,3353
2,4,2,18,3204
2,4,2,19,3236
2,4,2,20,4026
2,4,2,21,3578
2,4,2,22,3357
2,4,2,23,3336
2,4,2,24,3152
2,4,2,25,3347
2,4,2,26,3390
2,4,2,27,3180
2,4,2,28,3145
2,4,2,29,3626
2,4,2,30,3212
2,4,2,31,3394
2,4,2,32,3161
2,4,2,33,3163
2,4,2,34,3091
2,4,2,35,3105
2,4,2,36,3316
2,4,2,37,3144
2,4,2,38,3026
2,4,2,39,3848
2,4,2,40,3001
2,4,2,41,3188
2,4,2,42,3149
2,4,2,43,3498
2,4,2,44,3086
2,4,2,45,3176
2,4,2,46,3191
2,4,2,47,3222
2,4,2,48,2992
2,4,2,49,3207
2,4,2,50,3303
2,4,2,51,3496
2,4,2,52,3129
2,4,2,53,3188
2,4,2,54,3182
2,4,2,55,3282
2,4,2,56,3270
2,4,2,57,3161
2,4,2,58,3070
2,4,2,59,3138
2,4,2,60,3106
2,4,2,61,3024
2,4,2,62,2991
2,4,2,63,3628
2,4,2,64,3208
2,4,2,65,3505
2,4,2,66,3969
2,4,2,67,3361
2,4,2,68,3456
2,4,2,69,3288
2,4,2,70,3414
2,4,2,71,3234
2,4,2,72,3714
2,4,2,73,3214
2,4,2,74,3248
2,4,2,75,3196
2,4,2,76,3073
2,4,2,77,3490
2,4,2,78,3262
2,4,2,79,3240
2,4,2,80,3050
2,4,2,81,3776
2,4,2,82,3241
2,4,2,83,3463
2,4,2,84,3089
2,4,2,85,3086
2,4,2,86,3306
2,4,2,87,3070
2,4,2,88,2999
2,4,2,89,3290
2,4,2,90,3383
2,4,2,91,3275
2,4,2,92,3214
2,4,2,93,3333
2,4,2,94,3196
2,4,2,95,3516
2,4,2,96,3190
2,4,2,97,3409
2,4,2,98,3179
2,4,2,99,3151
2,4,2,100,3266
2,4,2,101,3211
2,4,2,102,3133
2,4,2,103,3426
2,4,2,104,3678
2,4,2,105,3392
2,4,2,106,3077
2,4,2,107,3048
2,4,2,108,3116
2,4,2,109,3386
2,4,2,110,3137
2,4,2,111,3304
2,4,2,112,3069
2,4,2,113,3340
2,4,2,114,3131
2,4,2,115,3053
2,4,2,116,3173
2,4,2,117,3090
2,4,2,118,3451
2,4,2,119,3670
2,4,2,120,3404
2,4,2,121,3545
2,4,2,122,3724
2,4,2,123,3101
2,4,2,124,3441
2,4,2,125,3102
2,4,2,126,2907
2,4,2,127,3136
2,4,2,128,3633
2,4,2,129,3324
2,4,2,130,3617
2,4,2,131,3325
2,4,2,132,3251
2,4,2,133,3280
2,4,2,134,3280
2,4,2,135,3227
2,4,2,136,3392
2,4,2,137,3153
2,4,2,138,3096
2,4,2,139,3378
2,4,2,140,3329
2,4,2,141,3082
2,4,2,142,2914
2,4,2,143,3222
2,4,2,144,3035
2,4,2,145,3895
2,4,2,146,3464
2,4,2,147,3565
2,4,2,148,3246
2,4,2,149,3390
2,4,2,150,3123
2,4,2,151,3263
2,4,2,152,3246
2,4,2,153,3029
2,4,2,154,2923
2,4,2,155,2641
2,4,2,156,2962
2,4,2,157,2928
2,4,2,158,3293
2,4,2,159,3057
2,4,2,160,3230
2,4,2,161,3119
2,4,2,162,3198
2,4,2,163,3096
2,4,2,164,3272
2,4,2,165,24946
2,4,2,166,2910
2,4,2,167,2877
2,4,2,168,3239
2,4,2,169,3081
2,4,2,170,3285
2,4,2,171,3168
2,4,2,172,3376
2,4,2,173,3132
2,4,2,174,3162
2,4,2,175,3204
2,4,2,176,3253
2,4,2,177,3239
2,4,2,178,3422
2,4,2,179,3110
2,4,2,180,3053
2,4,2,181,2786
2,4,2,182,3127
2,4,2,183,3035
2,4,2,184,3367
2,4,2,185,3554
2,4,2,186,3113
2,4,2,187,3084
2,4,2,188,3295
2,4,2,189,3103
2,4,2,190,3205
2,4,2,191,2996
2,4,2,192,3148
2,4,2,193,3032
2,4,2,194,4400
2,4,2,195,3046
2,4,2,196,3647
2,4,2,197,3176
2,4,2,198,3390
2,4,2,199,3030
2,4,2,200,3276
2,4,2,201,3272
2,4,2,202,3697
2,4,2,203,3540
2,4,2,204,3518
2,4,2,205,3300
2,4,2,206,3365
2,4,2,207,3203
2,4,2,208,3390
2,4,2,209,3186
2,4,2,210,3226
2,4,2,211,3119
2,4,2,212,3662
2,4,2,213,3926
2,4,2,214,3532
2,4,2,215,3833
2,4,2,216,3349
2,4,2,217,3328
2,4,2,218,3309
2,4,2,219,3634
2,4,2,220,3089
2,4,2,221,3744
2,4,2,222,3484
2,4,2,223,4029
2,4,2,224,3282
2,4,2,225,3573
2,4,2,226,3284
2,4,2,227,3742
2,4,2,228,3058
2,4,2,229,3376
2,4,2,230,3360
2,4,2,231,3522
2,4,2,232,3177
2,4,2,233,3435
2,4,2,234,3224
2,4,2,235,3558
2,4,2,236,3268
2,4,2,237,3464
2,4,2,238,3194
2,4,2,239,3540
2,4,2,240,3156
2,4,2,241,3563
2,4,2,242,3100
2,4,2,243,3401
2,4,2,244,3082
2,4,2,245,3380
2,4,2,246,3040
2,4,2,247,4471
2,4,2,248,4466
2,4,2,249,3565
2,4,2,250,3598
2,4,2,251,3261
2,4,2,252,3615
2,4,2,253,3628
2,4,2,254,3359
2,4,2,255,3842
2,4,2,256,3751
2,4,2,257,3750
2,4,2,258,3506
2,4,2,259,3401
2,4,2,260,3160
2,4,2,261,3581
2,4,2,262,3387
2,4,2,263,3475
2,4,2,264,3181
2,4,2,265,3313
2,4,2,266,2983
2,4,2,267,3253
2,4,2,268,3167
2,4,2,269,3222
2,4,2,270,3226
2,4,2,271,3472
2,4,2,272,3118
2,4,2,273,3634
2,4,2,274,3142
2,4,2,275,3466
2,4,2,276,2975
2,4,2,277,2818
2,4,2,278,3326
2,4,2,279,3097
2,4,2,280,3109
2,4,2,281,3073
2,4,2,282,3202
2,4,2,283,3135
2,4,2,284,3098
2,4,2,285,3193
2,4,2,286,3062
2,4,2,287,2943
2,4,2,288,3110
2,4,2,289,2905
2,4,2,290,2963
2,4,2,291,2792
2,4,2,292,3173
2,4,2,293,3013
2,4,2,294,3209
2,4,2,295,2937
2,4,2,296,3043
2,4,2,297,3091
2,4,2,298,3178
2,4,2,299,3068
2,4,2,300,3091
2,4,2,301,2922
2,4,2,302,3221
2,4,2,303,3071
2,4,2,304,3093
2,4,2,305,3050
2,4,2,306,2981
2,4,2,307,3257
2,4,2,308,3053
2,4,2,309,2786
2,4,2,310,3152
2,4,2,311,3075
2,4,2,312,3204
2,4,2,313,3428
2,4,2,314,3259
2,4,2,315,3130
2,4,2,316,3175
2,4,2,317,3186
2,4,2,318,3262
2,4,2,319,3140
2,4,2,320,3165
2,4,2,321,3200
2,4,2,322,3275
2,4,2,323,3209
2,4,2,324,3132
2,4,2,325,3155
2,4,2,326,3139
2,4,2,327,3349
2,4,2,328,3063
2,4,2,329,3177
2,4,2,330,3338
2,4,2,331,3374
2,4,2,332,3297
2,4,2,333,3228
2,4,2,334,3070
2,4,2,335,3277
2,4,2,336,3087
2,4,2,337,3099
2,4,2,338,3401
2,4,2,339,3012
2,4,2,340,3293
2,4,2,341,3315
2,4,2,342,3316
2,4,2,343,3211
2,4,2,344,3066
2,4,2,345,2854
2,4,2,346,3201
2,4,2,347,3124
2,4,2,348,2986
2,4,2,349,3095
2,4,2,350,2984
2,4,2,351,3008
2,4,2,352,3128
2,4,2,353,2944
2,4,2,354,2765
2,4,2,355,3042
2,4,2,356,3137
2,4,2,357,2811
2,4,2,358,3122
2,4,2,359,3194
2,4,2,360,2900
2,4,2,361,2926
2,4,2,362,3017
2,4,2,363,3005
2,4,2,364,2810
2,4,2,365,2821
2,4,2,366,3072
2,4,2,367,3042
2,4,2,368,2804
2,4,2,369,3074
2,4,2,370,2982
2,4,2,371,3013
2,4,2,372,3200
2,4,2,373,2954
2,4,2,374,2891
2,4,2,375,3070
2,4,2,376,3061
2,4,2,377,3411
2,4,2,378,2977
2,4,2,379,3472
2,4,2,380,3080
2,4,2,381,3048
2,4,2,382,3174
2,4,2,383,3458
2,4,2,384,2931
2,4,2,385,3575
2,4,2,386,3410
2,4,2,387,3064
2,4,2,388,3062
2,4,2,389,3062
2,4,2,390,6005
2,4,2,391,3733
2,4,2,392,3136
2,4,2,393,3680
2,4,2,394,3137
2,4,2,395,3102
2,4,2,396,135411
2,4,2,397,3413
2,4,2,398,3513
2,4,2,399,4302
2,4,2,400,4095
2,4,2,401,3654
2,4,2,402,3292
2,4,2,403,3244
2,4,2,404,3212
2,4,2,405,3025
2,4,2,406,3439
2,4,2,407,3251
2,4,2,408,3393
2,4,2,409,3258
2,4,2,410,3478
2,4,2,411,3136
2,4,2,412,3201
2,4,2,413,3104
2,4,2,414,3405
2,4,2,415,3280
2,4,2,416,3119
2,4,2,417,3863
2,4,2,418,3241
2,4,2,419,2887
2,4,2,420,2980
2,4,2,421,2995
2,4,2,422,3075
2,4,2,423,3095
2,4,2,424,3068
2,4,2,425,2879
2,4,2,426,3011
2,4,2,427,2910
2,4,2,428,2568
2,4,2,429,2575
2,4,2,430,3425
2,4,2,431,3358
2,4,2,432,3041
2,4,2,433,3117
2,4,2,434,3270
2,4,2,435,3073
2,4,2,436,2869
2,4,2,437,3373
2,4,2,438,2694
2,4,2,439,3194
2,4,2,440,3476
2,4,2,441,3569
2,4,2,442,3465
2,4,2,443,3259
2,4,2,444,3340
2,4,2,445,3249
2,4,2,446,3202
2,4,2,447,3106
2,4,2,448,3059
2,4,2,449,5235
2,4,2,450,3877
2,4,2,451,3112
2,4,2,452,5648
2,4,2,453,4459
2,4,2,454,3191
2,4,2,455,3237
2,4,2,456,3320
2,4,2,457,3344
2,4,2,458,3202
2,4,2,459,3036
2,4,2,460,2988
2,4,2,461,2991
2,4,2,462,4464
2,4,2,463,3515
2,4,2,464,3317
2,4,2,465,3857
2,4,2,466,3590
2,4,2,467,3399
2,4,2,468,3091
2,4,2,469,3474
2,4,2,470,3212
2,4,2,471,3273
2,4,2,472,3258
2,4,2,473,3314
2,4,2,474,3308
2,4,2,475,3355
2,4,2,476,3169
2,4,2,477,3089
2,4,2,478,3126
2,4,2,479,3308
2,4,2,480,2995
2,4,2,481,3108
2,4,2,482,3143
2,4,2,483,3346
2,4,2,484,3341
2,4,2,485,3122
2,4,2,486,3355
2,4,2,487,3088
2,4,2,488,3321
2,4,2,489,3273
2,4,2,490,2796
2,4,2,491,3370
2,4,2,492,3213
2,4,2,493,3348
2,4,2,494,2851
2,4,2,495,3107
2,4,2,496,71790857
2,4,2,497,2925
2,4,2,498,4186
2,4,2,499,2626
2,4,2,500,1702
2,4,2,501,1924
2,4,2,502,3579
2,4,2,503,72666258
2,4,2,504,2369
2,4,2,505,3599
2,4,2,506,2339
2,4,2,507,2533
2,4,2,508,2328
2,4,2,509,2315
2,4,2,510,2140
2,4,2,511,2403
2,4,2,512,2222
2,4,2,513,2241
2,4,2,514,2156
2,4,2,515,2035
2,4,2,516,1927
2,4,2,517,2541
2,4,2,518,2515
2,4,2,519,2319
2,4,2,520,2413
2,4,2,521,2126
2,4,2,522,2079
2,4,2,523,2347
2,4,2,524,2022
2,4,2,525,960
2,4,2,526,1114
2,4,2,527,1087
2,4,2,528,2929
2,4,2,529,2112
2,4,2,530,2023
2,4,2,531,1959
2,4,2,532,942
2,4,2,533,2270
2,4,2,534,2318
2,4,2,535,2197
2,4,2,536,2154
2,4,2,537,2287
2,4,2,538,2277
2,4,2,539,2116
2,4,2,540,2014
2,4,2,541,2273
2,4,2,542,2200
2,4,2,543,2262
2,4,2,544,2129
2,4,2,545,2009
2,4,2,546,2039
2,4,2,547,1753
2,4,2,548,1881
2,4,2,549,2789
2,4,2,550,2483
2,4,2,551,2180
2,4,2,552,2326
2,4,2,553,1075
2,4,2,554,1031
2,4,2,555,987
2,4,2,556,1030
2,4,2,557,1142
2,4,2,558,1018
2,4,2,559,973
2,4,2,560,968
2,4,2,561,956
2,4,2,562,918
2,4,2,563,3392
2,4,2,564,2590
2,4,2,565,2208
2,4,2,566,2416
2,4,2,567,2364
2,4,2,568,2033
2,4,2,569,2073
2,4,2,570,2069
2,4,2,571,2040
2,4,2,572,2222
2,4,2,573,2098
2,4,2,574,2232
2,4,2,575,2201
2,4,2,576,1987
2,4,2,577,2187
2,4,2,578,2054
2,4,2,579,2012
2,4,2,580,2006
2,4,2,581,2309
2,4,2,582,2819
2,4,2,583,1988
2,4,2,584,1194
2,4,2,585,63451
2,4,2,586,2331
2,4,2,587,2542
2,4,2,588,2090
2,4,2,589,2313
2,4,2,590,2235
2,4,2,591,2376
2,4,2,592,2098
2,4,2,593,2371
2,4,2,594,2205
2,4,2,595,956
2,4,2,596,2287
2,4,2,597,2076
2,4,2,598,2087
2,4,2,599,1972
2,4,2,600,2137
2,4,2,601,21321
2,4,2,602,2460
2,4,2,603,2553
2,4,2,604,2297
2,4,2,605,2088
2,4,2,606,1993
2,4,2,607,2254
2,4,2,608,1962
2,4,2,609,2145
2,4,2,610,1880
2,4,2,611,2067
2,4,2,612,2234
2,4,2,613,2478
2,4,2,614,2200
2,4,2,615,2292
2,4,2,616,1988
2,4,2,617,2189
2,4,2,618,2051
2,4,2,619,2124
2,4,2,620,2013
2,4,2,621,2085
2,4,2,622,2829
2,4,2,623,2047
2,4,2,624,1342
2,4,2,625,2446
2,4,2,626,2060
2,4,2,627,2030
2,4,2,628,2144
2,4,2,629,2163
2,4,2,630,2040
2,4,2,631,2152
2,4,2,632,2060
2,4,2,633,1995
2,4,2,634,2003
2,4,2,635,1990
2,4,2,636,2093
2,4,2,637,1942
2,4,2,638,2107
2,4,2,639,2350
2,4,2,640,2275
2,4,2,641,2176
2,4,2,642,2165
2,4,2,643,2073
2,4,2,644,2111
2,4,2,645,2189
2,4,2,646,2132
2,4,2,647,2032
2,4,2,648,2129
2,4,2,649,2107
2,4,2,650,2054
2,4,2,651,2675
2,4,2,652,1944
2,4,2,653,2098
2,4,2,654,1899
2,4,2,655,2015
2,4,2,656,1997
2,4,2,657,1913
2,4,2,658,2038
2,4,2,659,2334
2,4,2,660,1287
2,4,2,661,2936
2,4,2,662,1887
2,4,2,663,2243
2,4,2,664,1980
2,4,2,665,2025
2,4,2,666,2004
2,4,2,667,2070
2,4,2,668,2528
2,4,2,669,2799
2,4,2,670,2015
2,4,2,671,2420
2,4,2,672,2277
2,4,2,673,1978
2,4,2,674,2038
2,4,2,675,1991
2,4,2,676,2098
2,4,2,677,2128
2,4,2,678,2256
2,4,2,679,1262
2,4,2,680,2124
2,4,2,681,2187
2,4,2,682,2047
2,4,2,683,1925
2,4,2,684,1944
2,4,2,685,1955
2,4,2,686,1836
2,4,2,687,2114
2,4,2,688,2118
2,4,2,689,1967
2,4,2,690,1971
2,4,2,691,3135
2,4,2,692,2168
2,4,2,693,2356
2,4,2,694,1895
2,4,2,695,2117
2,4,2,696,2007
2,4,2,697,2381
2,4,2,698,1949
2,4,2,699,1397
2,4,2,700,2630
2,4,2,701,1998
2,4,2,702,2484
2,4,2,703,2687
2,4,2,704,2177
2,4,2,705,2396
2,4,2,706,2061
2,4,2,707,2098
2,4,2,708,1903
2,4,2,709,1946
2,4,2,710,2026
2,4,2,711,2313
2,4,2,712,2302
2,4,2,713,1954
2,4,2,714,2073
2,4,2,715,1901
2,4,2,716,2047
2,4,2,717,1983
2,4,2,718,2060
2,4,2,719,1771
2,4,2,720,1194
2,4,2,721,3168
2,4,2,722,1932
2,4,2,723,2538
2,4,2,724,2173
2,4,2,725,2543
2,4,2,726,1995
2,4,2,727,2149
2,4,2,728,2234
2,4,2,729,2049
2,4,2,730,1970
2,4,2,731,2299
2,4,2,732,2079
2,4,2,733,2257
2,4,2,734,2097
2,4,2,735,2016
2,4,2,736,2121
2,4,2,737,1984
2,4,2,738,1961
2,4,2,739,20357
2,4,2,740,2133
2,4,2,741,1953
2,4,2,742,2120
2,4,2,743,2022
2,4,2,744,2172
2,4,2,745,1942
2,4,2,746,2229
2,4,2,747,1943
2,4,2,748,1968
2,4,2,749,2064
2,4,2,750,1951
2,4,2,751,1995
2,4,2,752,2086
2,4,2,753,2019
2,4,2,754,2021
2,4,2,755,2826
2,4,2,756,1147
2,4,2,757,1225
2,4,2,758,1232
2,4,2,759,3008
2,4,2,760,2138
2,4,2,761,2782
2,4,2,762,2106
2,4,2,763,2201
2,4,2,764,2139
2,4,2,765,1906
2,4,2,766,1933
2,4,2,767,2181
2,4,2,768,2127
2,4,2,769,2040
2,4,2,770,2068
2,4,2,771,1980
2,4,2,772,2021
2,4,2,773,2041
2,4,2,774,2085
2,4,2,775,2069
2,4,2,776,2296
2,4,2,777,1978
2,4,2,778,1206
2,4,2,779,3025
2,4,2,780,1604
2,4,2,781,2156
2,4,2,782,2078
2,4,2,783,1085
2,4,2,784,2440
2,4,2,785,2008
2,4,2,786,1053
2,4,2,787,1055
2,4,2,788,2582
2,4,2,789,2081
2,4,2,790,2140
2,4,2,791,2038
2,4,2,792,2385
2,4,2,793,2247
2,4,2,794,1235
2,4,2,795,2325
2,4,2,796,2066
2,4,2,797,2210
2,4,2,798,2021
2,4,2,799,2111
2,4,2,800,2033
2,4,2,801,2010
2,4,2,802,2077
2,4,2,803,941
2,4,2,804,1310
2,4,2,805,4990
2,4,2,806,2286
2,4,2,807,2366
2,4,2,808,2378
2,4,2,809,2511
2,4,2,810,2025
2,4,2,811,1077
2,4,2,812,2307
2,4,2,813,2181
2,4,2,814,2103
2,4,2,815,1945
2,4,2,816,2087
2,4,2,817,1963
2,4,2,818,2360
2,4,2,819,2138
2,4,2,820,2188
2,4,2,821,2100
2,4,2,822,2079
2,4,2,823,1913
2,4,2,824,2080
2,4,2,825,1963
2,4,2,826,2016
2,4,2,827,1869
2,4,2,828,1994
2,4,2,829,2023
2,4,2,830,2627
2,4,2,831,2670
2,4,2,832,2605
2,4,2,833,2431
2,4,2,834,1039
2,4,2,835,2486
2,4,2,836,2033
2,4,2,837,2142
2,4,2,838,2059
2,4,2,839,2196
2,4,2,840,2236
2,4,2,841,1925
2,4,2,842,1913
2,4,2,843,1980
2,4,2,844,1844
2,4,2,845,2013
2,4,2,846,1072
2,4,2,847,2717
2,4,2,848,2265
2,4,2,849,1918
2,4,2,850,2102
2,4,2,851,2060
2,4,2,852,2010
2,4,2,853,1903
2,4,2,854,1968
2,4,2,855,1940
2,4,2,856,1980
2,4,2,857,1991
2,4,2,858,2039
2,4,2,859,1874
2,4,2,860,1053
2,4,2,861,1080
2,4,2,862,1417
2,4,2,863,1168
2,4,2,864,2681
2,4,2,865,2227
2,4,2,866,2093
2,4,2,867,2091
2,4,2,868,2179
2,4,2,869,2030
2,4,2,870,2032
2,4,2,871,2175
2,4,2,872,2077
2,4,2,873,2377
2,4,2,874,1947
2,4,2,875,2136
2,4,2,876,2260
2,4,2,877,1996
2,4,2,878,6253
2,4,2,879,2029
2,4,2,880,2108
2,4,2,881,2068
2,4,2,882,2465
2,4,2,883,2078
2,4,2,884,3162
2,4,2,885,1201
2,4,2,886,3081
2,4,2,887,2242
2,4,2,888,2145
2,4,2,889,1960
2,4,2,890,2002
2,4,2,891,2040
2,4,2,892,1998
2,4,2,893,2147
2,4,2,894,1977
2,4,2,895,2116
2,4,2,896,1940
2,4,2,897,2067
2,4,2,898,955
2,4,2,899,2410
2,4,2,900,2015
2,4,2,901,1960
2,4,2,902,2230
2,4,2,903,1939
2,4,2,904,1879
2,4,2,905,1945
2,4,2,906,1946
2,4,2,907,1862
2,4,2,908,1967
2,4,2,909,1819
2,4,2,910,1944
2,4,2,911,1887
2,4,2,912,1865
2,4,2,913,1982
2,4,2,914,2012
2,4,2,915,2000
2,4,2,916,1884
2,4,2,917,1915
2,4,2,918,2004
2,4,2,919,2071
2,4,2,920,2050
2,4,2,921,1925
2,4,2,922,2212
2,4,2,923,2233
2,4,2,924,1943
2,4,2,925,1884
2,4,2,926,1949
2,4,2,927,1899
2,4,2,928,942
2,4,2,929,1998
2,4,2,930,1890
2,4,2,931,2057
2,4,2,932,1924
2,4,2,933,1989
2,4,2,934,2003
2,4,2,935,2118
2,4,2,936,1906
2,4,2,937,1934
2,4,2,938,2016
2,4,2,939,2068
2,4,2,940,1889
2,4,2,941,929
2,4,2,942,2499
2,4,2,943,2002
2,4,2,944,2007
2,4,2,945,2070
2,4,2,946,2047
2,4,2,947,1143
2,4,2,948,2113
2,4,2,949,2050
2,4,2,950,2109
2,4,2,951,2091
2,4,2,952,2140
2,4,2,953,2019
2,4,2,954,1959
2,4,2,955,1955
2,4,2,956,1965
2,4,2,957,1926
2,4,2,958,1927
2,4,2,959,1144
2,4,2,960,1076
2,4,2,961,2451
2,4,2,962,1856
2,4,2,963,2074
2,4,2,964,1993
2,4,2,965,2426
2,4,2,966,1952
2,4,2,967,2046
2,4,2,968,2581
2,4,2,969,1528
2,4,2,970,1240
2,4,2,971,1114
2,4,2,972,1042
2,4,2,973,1386
2,4,2,974,1686
2,4,2,975,1884
2,4,2,976,1773
2,4,2,977,1130
2,4,2,978,2077
2,4,2,979,1469
2,4,2,980,1540
2,4,2,981,1386
2,4,2,982,1466
2,4,2,983,1282
2,4,2,984,1407
2,4,2,985,1354
2,4,2,986,1116
2,4,2,987,1944
2,4,2,988,1607
2,4,2,989,1392
2,4,2,990,1367
2,4,2,991,1215
2,4,2,992,1097
2,4,2,993,1185
2,4,2,994,1010
2,4,2,995,1999
2,4,2,996,2510
2,4,2,997,1635
2,4,2,998,1564
2,4,2,999,1091
2,1,1,0,19251
2,1,1,1,2929
2,1,1,2,1527
2,1,1,3,2386
2,1,1,4,1579
2,1,1,5,1397
2,1,1,6,1866
2,1,1,7,1223
2,1,1,8,1856
2,1,1,9,1781
2,1,1,10,1671
2,1,1,11,1565
2,1,1,12,1083
2,1,1,13,61677
2,1,1,14,1284
2,1,1,15,1145
2,1,1,16,1244
2,1,1,17,1221
2,1,1,18,1260
2,1,1,19,1050
2,1,1,20,1070
2,1,1,21,952
2,1,1,22,991
2,1,1,23,957
2,1,1,24,1541
2,1,1,25,1392
2,1,1,26,1320
2,1,1,27,1231
2,1,1,28,990
2,1,1,29,1079
2,1,1,30,1020
2,1,1,31,1686
2,1,1,32,1129
2,1,1,33,998
2,1,1,34,1043
2,1,1,35,1327
2,1,1,36,986
2,1,1,37,1920
2,1,1,38,1508
2,1,1,39,1065
2,1,1,40,1323
2,1,1,41,986
2,1,1,42,996
2,1,1,43,1038
2,1,1,44,2647
2,1,1,45,1816
2,1,1,46,4094
2,1,1,47,1794
2,1,1,48,1247
2,1,1,49,2561
2,1,1,50,1311
2,1,1,51,1705
2,1,1,52,1489
2,1,1,53,1108
2,1,1,54,1040
2,1,1,55,960
2,1,1,56,938
2,1,1,57,1301
2,1,1,58,1552
2,1,1,59,3099
2,1,1,60,1291
2,1,1,61,1424
2,1,1,62,1167
2,1,1,63,1431
2,1,1,64,1026
2,1,1,65,1037
2,1,1,66,973
2,1,1,67,958
2,1,1,68,1063
2,1,1,69,2015
2,1,1,70,1164
2,1,1,71,1718
2,1,1,72,1691
2,1,1,73,1110
2,1,1,74,1601
2,1,1,75,1116
2,1,1,76,1086
2,1,1,77,946
2,1,1,78,939
2,1,1,79,1899
2,1,1,80,1420
2,1,1,81,1080
2,1,1,82,1037
2,1,1,83,1013
2,1,1,84,2040
2,1,1,85,1173
2,1,1,86,1084
2,1,1,87,1226
2,1,1,88,1008
2,1,1,89,1202
2,1,1,90,1270
2,1,1,91,1006
2,1,1,92,948
2,1,1,93,1058
2,1,1,94,930
2,1,1,95,1440
2,1,1,96,980
2,1,1,97,1326
2,1,1,98,1826
2,1,1,99,1129
2,1,1,100,1573
2,1,1,101,1434
2,1,1,102,1098
2,1,1,103,1087
2,1,1,104,1193
2,1,1,105,928
2,1,1,106,1672
2,1,1,107,1189
2,1,1,108,1294
2,1,1,109,997
2,1,1,110,1068
2,1,1,111,1010
2,1,1,112,935
2,1,1,113,1306
2,1,1,114,1220
2,1,1,115,1363
2,1,1,116,1468
2,1,1,117,1101
2,1,1,118,1214
2,1,1,119,1032
2,1,1,120,1020
2,1,1,121,1137
2,1,1,122,1052
2,1,1,123,983
2,1,1,124,1126
2,1,1,125,1019
2,1,1,126,966
2,1,1,127,1904
2,1,1,128,1247
2,1,1,129,1435
2,1,1,130,1072
2,1,1,131,1674
2,1,1,132,1199
2,1,1,133,973
2,1,1,134,1041
2,1,1,135,942
2,1,1,136,967
2,1,1,137,961
2,1,1,138,1306
2,1,1,139,1261
2,1,1,140,1095
2,1,1,141,915
2,1,1,142,956
2,1,1,143,964
2,1,1,144,961
2,1,1,145,946
2,1,1,146,941
2,1,1,147,1083
2,1,1,148,1210
2,1,1,149,1020
2,1,1,150,1138
2,1,1,151,1108
2,1,1,152,1229
2,1,1,153,1797
2,1,1,154,1525
2,1,1,155,1079
2,1,1,156,1004
2,1,1,157,1015
2,1,1,158,1359
2,1,1,159,1760
2,1,1,160,967
2,1,1,161,1258
2,1,1,162,1108
2,1,1,163,1012
2,1,1,164,970
2,1,1,165,1996
2,1,1,166,1282
2,1,1,167,1231
2,1,1,168,1162
2,1,1,169,1188
2,1,1,170,1101
2,1,1,171,1044
2,1,1,172,919
2,1,1,173,1173
2,1,1,174,980
2,1,1,175,1001
2,1,1,176,1019
2,1,1,177,1933
2,1,1,178,1528
2,1,1,179,1064
2,1,1,180,1036
2,1,1,181,973
2,1,1,182,958
2,1,1,183,1045
2,1,1,184,2176
2,1,1,185,1559
2,1,1,186,1692
2,1,1,187,1013
2,1,1,188,1077
2,1,1,189,1059
2,1,1,190,1518
2,1,1,191,1156
2,1,1,192,1381
2,1,1,193,904
2,1,1,194,1060
2,1,1,195,906
2,1,1,196,965
2,1,1,197,983
2,1,1,198,1093
2,1,1,199,1195
2,1,1,200,929
2,1,1,201,966
2,1,1,202,933
2,1,1,203,1256
2,1,1,204,1720
2,1,1,205,2892
2,1,1,206,1193
2,1,1,207,1192
2,1,1,208,1228
2,1,1,209,988
2,1,1,210,1313
2,1,1,211,916
2,1,1,212,978
2,1,1,213,914
2,1,1,214,1420
2,1,1,215,1017
2,1,1,216,896
2,1,1,217,1655
2,1,1,218,1005
2,1,1,219,1067
2,1,1,220,1001
2,1,1,221,1210
2,1,1,222,935
2,1,1,223,1024
2,1,1,224,931
2,1,1,225,1120
2,1,1,226,891
2,1,1,227,1009
2,1,1,228,2220
2,1,1,229,1843
2,1,1,230,1740
2,1,1,231,1210
2,1,1,232,959
2,1,1,233,952
2,1,1,234,1537
2,1,1,235,1127
2,1,1,236,928
2,1,1,237,1404
2,1,1,238,895
2,1,1,239,890
2,1,1,240,1488
2,1,1,241,1269
2,1,1,242,1210
2,1,1,243,994
2,1,1,244,935
2,1,1,245,1496
2,1,1,246,997
2,1,1,247,929
2,1,1,248,902
2,1,1,249,1006
3,1,1,0,23256
3,1,1,1,2211
3,1,1,2,1339
3,1,1,3,1239
3,1,1,4,1440
3,1,1,5,1097
3,1,1,6,989
3,1,1,7,2354
3,1,1,8,1353
3,1,1,9,1235
3,1,1,10,1233
3,1,1,11,956
3,1,1,12,1007
3,1,1,13,906
3,1,1,14,1626
3,1,1,15,1143
3,1,1,16,993
3,1,1,17,1496
3,1,1,18,1061
3,1,1,19,972
3,1,1,20,1026
3,1,1,21,943
3,1,1,22,1861
3,1,1,23,1620
3,1,1,24,1035
3,1,1,25,960
3,1,1,26,1424
3,1,1,27,1261
3,1,1,28,1060
3,1,1,29,957
3,1,1,30,1045
3,1,1,31,2326
3,1,1,32,1373
3,1,1,33,2082
3,1,1,34,1471
3,1,1,35,1061
3,1,1,36,1501
3,1,1,37,982
3,1,1,38,890
3,1,1,39,900
3,1,1,40,978
3,1,1,41,938
3,1,1,42,966
3,1,1,43,945
3,1,1,44,1418
3,1,1,45,1103
3,1,1,46,949
3,1,1,47,1755
3,1,1,48,1120
3,1,1,49,942
3,1,1,50,923
3,1,1,51,1534
3,1,1,52,1037
3,1,1,53,1309
3,1,1,54,1165
3,1,1,55,1045
3,1,1,56,918
3,1,1,57,949
3,1,1,58,941
3,1,1,59,1091
3,1,1,60,1080
3,1,1,61,1023
3,1,1,62,1292
3,1,1,63,1528
3,1,1,64,924
3,1,1,65,917
3,1,1,66,1440
3,1,1,67,967
3,1,1,68,949
3,1,1,69,879
3,1,1,70,896
3,1,1,71,883
3,1,1,72,909
3,1,1,73,1339
3,1,1,74,933
3,1,1,75,1220
3,1,1,76,955
3,1,1,77,965
3,1,1,78,922
3,1,1,79,972
3,1,1,80,1081
3,1,1,81,1868
3,1,1,82,1593
3,1,1,83,1091
3,1,1,84,1696
3,1,1,85,1011
3,1,1,86,1008
3,1,1,87,1106
3,1,1,88,1920
3,1,1,89,1171
3,1,1,90,993
3,1,1,91,958
3,1,1,92,1945
3,1,1,93,1243
3,1,1,94,1052
3,1,1,95,996
3,1,1,96,1688
3,1,1,97,1039
3,1,1,98,899
3,1,1,99,961
3,1,1,100,1931
3,1,1,101,1635
3,1,1,102,1637
3,1,1,103,1063
3,1,1,104,987
3,1,1,105,892
3,1,1,106,1081
3,1,1,107,935
3,1,1,108,1435
3,1,1,109,948
3,1,1,110,952
3,1,1,111,1200
3,1,1,112,967
3,1,1,113,1014
3,1,1,114,1030
3,1,1,115,1020
3,1,1,116,1375
3,1,1,117,1127
3,1,1,118,880
3,1,1,119,2413
3,1,1,120,1300
3,1,1,121,1426
3,1,1,122,1023
3,1,1,123,1009
3,1,1,124,930
3,1,1,125,951
3,1,1,126,1832
3,1,1,127,1216
3,1,1,128,1300
3,1,1,129,1097
3,1,1,130,958
3,1,1,131,1124
3,1,1,132,1900
3,1,1,133,1053
3,1,1,134,989
3,1,1,135,1015
3,1,1,136,1106
3,1,1,137,975
3,1,1,138,1447
3,1,1,139,1055
3,1,1,140,950
3,1,1,141,1255
3,1,1,142,920
3,1,1,143,1444
3,1,1,144,1061
3,1,1,145,884
3,1,1,146,944
3,1,1,147,1970
3,1,1,148,1092
3,1,1,149,890
3,1,1,150,1196
3,1,1,151,1104
3,1,1,152,982
3,1,1,153,907
3,1,1,154,875
3,1,1,155,908
3,1,1,156,897
3,1,1,157,1022
3,1,1,158,1862
3,1,1,159,1381
3,1,1,160,1051
3,1,1,161,867
3,1,1,162,969
3,1,1,163,1269
3,1,1,164,908
3,1,1,165,938
3,1,1,166,1213
3,1,1,167,1004
3,1,1,168,1713
3,1,1,169,1442
3,1,1,170,960
3,1,1,171,947
3,1,1,172,1811
3,1,1,173,1016
3,1,1,174,2664
3,1,1,175,1251
3,1,1,176,1328
3,1,1,177,972
3,1,1,178,1153
3,1,1,179,954
3,1,1,180,867
3,1,1,181,2419
3,1,1,182,1293
3,1,1,183,1208
3,1,1,184,1319
3,1,1,185,939
3,1,1,186,1917
3,1,1,187,1445
3,1,1,188,958
3,1,1,189,984
3,1,1,190,903
3,1,1,191,962
3,1,1,192,1825
3,1,1,193,1076
3,1,1,194,1819
3,1,1,195,1424
3,1,1,196,987
3,1,1,197,906
3,1,1,198,837
3,1,1,199,1122
3,1,1,200,906
3,1,1,201,1077
3,1,1,202,1098
3,1,1,203,1149
3,1,1,204,1139
3,1,1,205,1009
3,1,1,206,942
3,1,1,207,936
3,1,1,208,1171
3,1,1,209,1948
3,1,1,210,1401
3,1,1,211,1057
3,1,1,212,2042
3,1,1,213,1651
3,1,1,214,1241
3,1,1,215,1474
3,1,1,216,999
3,1,1,217,939
3,1,1,218,973
3,1,1,219,2027
3,1,1,220,1285
3,1,1,221,1185
3,1,1,222,947
3,1,1,223,1706
3,1,1,224,1090
3,1,1,225,970
3,1,1,226,882
3,1,1,227,899
3,1,1,228,1313
3,1,1,229,1084
3,1,1,230,916
3,1,1,231,939
3,1,1,232,1024
3,1,1,233,1535
3,1,1,234,947
3,1,1,235,2640
3,1,1,236,1404
3,1,1,237,1060
3,1,1,238,1043
3,1,1,239,1358
3,1,1,240,959
3,1,1,241,869
3,1,1,242,1247
3,1,1,243,913
3,1,1,244,2206
3,1,1,245,1861
3,1,1,246,1196
3,1,1,247,1047
3,1,1,248,979
3,1,1,249,1419
3,4,2,0,6300
3,4,2,1,4354
3,4,2,2,4135
3,4,2,3,3562
3,4,2,4,3177
3,4,2,5,3332
3,4,2,6,3024
3,4,2,7,3246
3,4,2,8,2940
3,4,2,9,3040
3,4,2,10,3940
3,4,2,11,3456
3,4,2,12,3394
3,4,2,13,3353
3,4,2,14,3442
3,4,2,15,2882
3,4,2,16,3287
3,4,2,17,2923
3,4,2,18,3148
3,4,2,19,2749
3,4,2,20,3216
3,4,2,21,3124
3,4,2,22,3977
3,4,2,23,3700
3,4,2,24,3250
3,4,2,25,3053
3,4,2,26,3193
3,4,2,27,2957
3,4,2,28,3178
3,4,2,29,3336
3,4,2,30,3327
3,4,2,31,3093
3,4,2,32,3655
3,4,2,33,2976
3,4,2,34,3034
3,4,2,35,2890
3,4,2,36,2781
3,4,2,37,3667
3,4,2,38,3558
3,4,2,39,3110
3,4,2,40,3296
3,4,2,41,2972
3,4,2,42,3423
3,4,2,43,2945
3,4,2,44,3298
3,4,2,45,3072
3,4,2,46,3356
3,4,2,47,2955
3,4,2,48,3618
3,4,2,49,3438
3,4,2,50,3221
3,4,2,51,3012
3,4,2,52,3376
3,4,2,53,2903
3,4,2,54,3254
3,4,2,55,2819
3,4,2,56,3020
3,4,2,57,2752
3,4,2,58,2907
3,4,2,59,3058
3,4,2,60,2811
3,4,2,61,2842
3,4,2,62,3023
3,4,2,63,2805
3,4,2,64,3031
3,4,2,65,3038
3,4,2,66,3158
3,4,2,67,3299
3,4,2,68,3419
3,4,2,69,3928
3,4,2,70,3439
3,4,2,71,3417
3,4,2,72,3369
3,4,2,73,3532
3,4,2,74,3692
3,4,2,75,3199
3,4,2,76,4524
3,4,2,77,3640
3,4,2,78,3384
3,4,2,79,3179
3,4,2,80,3556
3,4,2,81,3248
3,4,2,82,4230
3,4,2,83,3216
3,4,2,84,3256
3,4,2,85,4074
3,4,2,86,3673
3,4,2,87,3200
3,4,2,88,3308
3,4,2,89,3384
3,4,2,90,3229
3,4,2,91,3163
3,4,2,92,3734
3,4,2,93,3206
3,4,2,94,3327
3,4,2,95,3379
3,4,2,96,3334
3,4,2,97,3464
3,4,2,98,3155
3,4,2,99,3333
3,4,2,100,3201
3,4,2,101,3088
3,4,2,102,3190
3,4,2,103,3211
3,4,2,104,3125
3,4,2,105,2999
3,4,2,106,3363
3,4,2,107,3259
3,4,2,108,3425
3,4,2,109,3003
3,4,2,110,2631
3,4,2,111,2228
3,4,2,112,2336
3,4,2,113,2492
3,4,2,114,4598
3,4,2,115,3434
3,4,2,116,3287
3,4,2,117,2982
3,4,2,118,6093
3,4,2,119,5293
3,4,2,120,5540
3,4,2,121,3750
3,4,2,122,3767
3,4,2,123,2861
3,4,2,124,3148
3,4,2,125,3170
3,4,2,126,3427
3,4,2,127,3063
3,4,2,128,3018
3,4,2,129,2904
3,4,2,130,2706
3,4,2,131,3179
3,4,2,132,4510
3,4,2,133,3399
3,4,2,134,3505
3,4,2,135,2910
3,4,2,136,3198
3,4,2,137,2772
3,4,2,138,3196
3,4,2,139,3062
3,4,2,140,3132
3,4,2,141,3280
3,4,2,142,4535
3,4,2,143,3817
3,4,2,144,3203
3,4,2,145,3406
3,4,2,146,3289
3,4,2,147,3393
3,4,2,148,2879
3,4,2,149,3106
3,4,2,150,3077
3,4,2,151,2941
3,4,2,152,3045
3,4,2,153,3213
3,4,2,154,3006
3,4,2,155,2949
3,4,2,156,2814
3,4,2,157,3109
3,4,2,158,2697
3,4,2,159,3007
3,4,2,160,3126
3,4,2,161,3191
3,4,2,162,2995
3,4,2,163,2860
3,4,2,164,3440
3,4,2,165,3775
3,4,2,166,3065
3,4,2,167,3129
3,4,2,168,3036
3,4,2,169,2904
3,4,2,170,3262
3,4,2,171,2789
3,4,2,172,3613
3,4,2,173,5344
3,4,2,174,3692
3,4,2,175,3529
3,4,2,176,3729
3,4,2,177,3417
3,4,2,178,3267
3,4,2,179,3115
3,4,2,180,3221
3,4,2,181,3267
3,4,2,182,3374
3,4,2,183,2789
3,4,2,184,3433
3,4,2,185,3102
3,4,2,186,3314
3,4,2,187,3275
3,4,2,188,4149
3,4,2,189,3445
3,4,2,190,3193
3,4,2,191,5068
3,4,2,192,3706
3,4,2,193,3528
3,4,2,194,3172
3,4,2,195,3137
3,4,2,196,4057
3,4,2,197,3448
3,4,2,198,3335
3,4,2,199,3092
3,4,2,200,3182
3,4,2,201,4344
3,4,2,202,3865
3,4,2,203,3156
3,4,2,204,3414
3,4,2,205,2710
3,4,2,206,3141
3,4,2,207,2467
3,4,2,208,2977
3,4,2,209,2876
3,4,2,210,3148
3,4,2,211,2852
3,4,2,212,2990
3,4,2,213,3007
3,4,2,214,2927
3,4,2,215,3271
3,4,2,216,3056
3,4,2,217,2858
3,4,2,218,5233
3,4,2,219,5770
3,4,2,220,3718
3,4,2,221,3701
3,4,2,222,3237
3,4,2,223,3739
3,4,2,224,3401
3,4,2,225,3063
3,4,2,226,3318
3,4,2,227,3379
3,4,2,228,3159
3,4,2,229,3624
3,4,2,230,3445
3,4,2,231,3916
3,4,2,232,3407
3,4,2,233,3041
3,4,2,234,3227
3,4,2,235,3176
3,4,2,236,3525
3,4,2,237,3541
3,4,2,238,3208
3,4,2,239,3429
3,4,2,240,3176
3,4,2,241,3240
3,4,2,242,3007
3,4,2,243,3251
3,4,2,244,2972
3,4,2,245,3335
3,4,2,246,3387
3,4,2,247,3572
3,4,2,248,2973
3,4,2,249,3091
3,4,2,250,2990
3,4,2,251,3037
3,4,2,252,3001
3,4,2,253,4685
3,4,2,254,3193
3,4,2,255,3312
3,4,2,256,3186
3,4,2,257,3254
3,4,2,258,5320
3,4,2,259,4137
3,4,2,260,3177
3,4,2,261,3770
3,4,2,262,3280
3,4,2,263,3373
3,4,2,264,3215
3,4,2,265,3121
3,4,2,266,3385
3,4,2,267,3266
3,4,2,268,2838
3,4,2,269,3355
3,4,2,270,3687
3,4,2,271,3035
3,4,2,272,3308
3,4,2,273,2919
3,4,2,274,2960
3,4,2,275,3180
3,4,2,276,3043
3,4,2,277,3059
3,4,2,278,3098
3,4,2,279,2967
3,4,2,280,2977
3,4,2,281,2998
3,4,2,282,3003
3,4,2,283,3502
3,4,2,284,3566
3,4,2,285,3057
3,4,2,286,2999
3,4,2,287,3497
3,4,2,288,3310
3,4,2,289,2611
3,4,2,290,3092
3,4,2,291,3008
3,4,2,292,2835
3,4,2,293,3041
3,4,2,294,6395
3,4,2,295,3436
3,4,2,296,3270
3,4,2,297,3381
3,4,2,298,3018
3,4,2,299,3271
3,4,2,300,3245
3,4,2,301,2973
3,4,2,302,3330
3,4,2,303,3143
3,4,2,304,4471
3,4,2,305,3549
3,4,2,306,3305
3,4,2,307,3624
3,4,2,308,3382
3,4,2,309,3013
3,4,2,310,3173
3,4,2,311,2939
3,4,2,312,3220
3,4,2,313,3468
3,4,2,314,3496
3,4,2,315,3278
3,4,2,316,3383
3,4,2,317,3101
3,4,2,318,3171
3,4,2,319,3108
3,4,2,320,3254
3,4,2,321,3091
3,4,2,322,3051
3,4,2,323,2932
3,4,2,324,2924
3,4,2,325,2847
3,4,2,326,3067
3,4,2,327,2789
3,4,2,328,3108
3,4,2,329,2877
3,4,2,330,3037
3,4,2,331,2994
3,4,2,332,3050
3,4,2,333,2693
3,4,2,334,2812
3,4,2,335,3258
3,4,2,336,2954
3,4,2,337,3025
3,4,2,338,3223
3,4,2,339,3121
3,4,2,340,2836
3,4,2,341,3197
3,4,2,342,2801
3,4,2,343,3070
3,4,2,344,2987
3,4,2,345,2907
3,4,2,346,3062
3,4,2,347,3199
3,4,2,348,3191
3,4,2,349,3095
3,4,2,350,2849
3,4,2,351,3020
3,4,2,352,3026
3,4,2,353,3070
3,4,2,354,3197
3,4,2,355,3012
3,4,2,356,2954
3,4,2,357,2850
3,4,2,358,2910
3,4,2,359,26060
3,4,2,360,3215
3,4,2,361,3255
3,4,2,362,3035
3,4,2,363,2945
3,4,2,364,3003
3,4,2,365,2878
3,4,2,366,3025
3,4,2,367,2949
3,4,2,368,2988
3,4,2,369,2936
3,4,2,370,3066
3,4,2,371,3349
3,4,2,372,2837
3,4,2,373,3013
3,4,2,374,3060
3,4,2,375,2970
3,4,2,376,2791
3,4,2,377,2982
3,4,2,378,2813
3,4,2,379,3233
3,4,2,380,3655
3,4,2,381,3375
3,4,2,382,3381
3,4,2,383,3214
3,4,2,384,3140
3,4,2,385,3016
3,4,2,386,3313
3,4,2,387,3118
3,4,2,388,3027
3,4,2,389,3103
3,4,2,390,2969
3,4,2,391,3236
3,4,2,392,3098
3,4,2,393,3132
3,4,2,394,3270
3,4,2,395,3462
3,4,2,396,3358
3,4,2,397,3323
3,4,2,398,3516
3,4,2,399,3363
3,4,2,400,3153
3,4,2,401,3324
3,4,2,402,3247
3,4,2,403,3350
3,4,2,404,3106
3,4,2,405,3183
3,4,2,406,3105
3,4,2,407,3179
3,4,2,408,3223
3,4,2,409,3103
3,4,2,410,3015
3,4,2,411,2932
3,4,2,412,2925
3,4,2,413,2932
3,4,2,414,3132
3,4,2,415,3365
3,4,2,416,2917
3,4,2,417,3282
3,4,2,418,3165
3,4,2,419,3256
3,4,2,420,3082
3,4,2,421,3173
3,4,2,422,3188
3,4,2,423,3295
3,4,2,424,3166
3,4,2,425,3407
3,4,2,426,3265
3,4,2,427,2962
3,4,2,428,4959
3,4,2,429,3265
3,4,2,430,2691
3,4,2,431,2949
3,4,2,432,2987
3,4,2,433,3304
3,4,2,434,3098
3,4,2,435,2847
3,4,2,436,2842
3,4,2,437,3056
3,4,2,438,3116
3,4,2,439,102462
3,4,2,440,3161
3,4,2,441,3266
3,4,2,442,2866
3,4,2,443,2852
3,4,2,444,2907
3,4,2,445,3078
3,4,2,446,3005
3,4,2,447,3220
3,4,2,448,2955
3,4,2,449,3603
3,4,2,450,3793
3,4,2,451,3097
3,4,2,452,3242
3,4,2,453,3508
3,4,2,454,3235
3,4,2,455,3211
3,4,2,456,3023
3,4,2,457,3135
3,4,2,458,3125
3,4,2,459,3076
3,4,2,460,3271
3,4,2,461,3001
3,4,2,462,3267
3,4,2,463,3046
3,4,2,464,3175
3,4,2,465,3018
3,4,2,466,3422
3,4,2,467,2858
3,4,2,468,3156
3,4,2,469,3051
3,4,2,470,3126
3,4,2,471,2957
3,4,2,472,3155
3,4,2,473,3516
3,4,2,474,3127
3,4,2,475,3250
3,4,2,476,3087
3,4,2,477,3364
3,4,2,478,2850
3,4,2,479,3282
3,4,2,480,3173
3,4,2,481,3378
3,4,2,482,2683
3,4,2,483,3107
3,4,2,484,2676
3,4,2,485,3098
3,4,2,486,3007
3,4,2,487,3272
3,4,2,488,3351
3,4,2,489,2868
3,4,2,490,2998
3,4,2,491,2796
3,4,2,492,2994
3,4,2,493,2913
3,4,2,494,3021
3,4,2,495,2653
3,4,2,496,2785
3,4,2,497,3181
3,4,2,498,82460113
3,4,2,499,3546
3,4,2,500,3846
3,4,2,501,2857
3,4,2,502,2962
3,4,2,503,82808993
3,4,2,504,2350
3,4,2,505,3991
3,4,2,506,2507
3,4,2,507,1191
3,4,2,508,1454
3,4,2,509,1169
3,4,2,510,3577
3,4,2,511,1921
3,4,2,512,3639
3,4,2,513,2262
3,4,2,514,2334
3,4,2,515,2223
3,4,2,516,2050
3,4,2,517,1883
3,4,2,518,2151
3,4,2,519,2079
3,4,2,520,2089
3,4,2,521,1032
3,4,2,522,2932
3,4,2,523,28589
3,4,2,524,1390
3,4,2,525,1421
3,4,2,526,1153
3,4,2,527,1078
3,4,2,528,988
3,4,2,529,1359
3,4,2,530,951
3,4,2,531,940
3,4,2,532,1601
3,4,2,533,1245
3,4,2,534,1300
3,4,2,535,1417
3,4,2,536,4289
3,4,2,537,2049
3,4,2,538,3260
3,4,2,539,2501
3,4,2,540,2774
3,4,2,541,1102
3,4,2,542,2377
3,4,2,543,2052
3,4,2,544,1900
3,4,2,545,1048
3,4,2,546,2161
3,4,2,547,2007
3,4,2,548,1956
3,4,2,549,993
3,4,2,550,1364
3,4,2,551,3034
3,4,2,552,2530
3,4,2,553,2524
3,4,2,554,2153
3,4,2,555,1878
3,4,2,556,2000
3,4,2,557,2996
3,4,2,558,2802
3,4,2,559,2293
3,4,2,560,2304
3,4,2,561,1852
3,4,2,562,2083
3,4,2,563,2099
3,4,2,564,2144
3,4,2,565,2178
3,4,2,566,2119
3,4,2,567,2243
3,4,2,568,2337
3,4,2,569,1099
3,4,2,570,1223
3,4,2,571,1010
3,4,2,572,2531
3,4,2,573,2083
3,4,2,574,1767
3,4,2,575,1998
3,4,2,576,2078
3,4,2,577,1364
3,4,2,578,2801
3,4,2,579,2249
3,4,2,580,2210
3,4,2,581,1878
3,4,2,582,1980
3,4,2,583,2548
3,4,2,584,2467
3,4,2,585,1942
3,4,2,586,1920
3,4,2,587,1964
3,4,2,588,2039
3,4,2,589,1925
3,4,2,590,2056
3,4,2,591,1921
3,4,2,592,2264
3,4,2,593,1040
3,4,2,594,2114
3,4,2,595,1887
3,4,2,596,1901
3,4,2,597,2074
3,4,2,598,1941
3,4,2,599,1980
3,4,2,600,1976
3,4,2,601,1981
3,4,2,602,1971
3,4,2,603,3067
3,4,2,604,1703
3,4,2,605,1566
3,4,2,606,1400
3,4,2,607,1030
3,4,2,608,973
3,4,2,609,1096
3,4,2,610,1097
3,4,2,611,1000
3,4,2,612,1038
3,4,2,613,976
3,4,2,614,967
3,4,2,615,1025
3,4,2,616,1106
3,4,2,617,4558
3,4,2,618,2087
3,4,2,619,2240
3,4,2,620,2554
3,4,2,621,2348
3,4,2,622,1975
3,4,2,623,1871
3,4,2,624,2088
3,4,2,625,2330
3,4,2,626,2251
3,4,2,627,1018
3,4,2,628,2303
3,4,2,629,1963
3,4,2,630,1929
3,4,2,631,2271
3,4,2,632,2238
3,4,2,633,2064
3,4,2,634,2539
3,4,2,635,1995
3,4,2,636,992
3,4,2,637,2302
3,4,2,638,1299
3,4,2,639,2748
3,4,2,640,1081
3,4,2,641,2246
3,4,2,642,2067
3,4,2,643,1912
3,4,2,644,2157
3,4,2,645,1989
3,4,2,646,2074
3,4,2,647,2397
3,4,2,648,2144
3,4,2,649,2178
3,4,2,650,953
3,4,2,651,2634
3,4,2,652,2236
3,4,2,653,2010
3,4,2,654,2033
3,4,2,655,2255
3,4,2,656,1951
3,4,2,657,2061
3,4,2,658,1952
3,4,2,659,1571
3,4,2,660,992
3,4,2,661,4021
3,4,2,662,2006
3,4,2,663,2517
3,4,2,664,2063
3,4,2,665,2236
3,4,2,666,1936
3,4,2,667,2263
3,4,2,668,2074
3,4,2,669,2149
3,4,2,670,2057
3,4,2,671,1235
3,4,2,672,2520
3,4,2,673,63082
3,4,2,674,2168
3,4,2,675,2858
3,4,2,676,2277
3,4,2,677,2355
3,4,2,678,2065
3,4,2,679,1898
3,4,2,680,2013
3,4,2,681,2188
3,4,2,682,2184
3,4,2,683,977
3,4,2,684,2113
3,4,2,685,2090
3,4,2,686,1846
3,4,2,687,1970
3,4,2,688,1888
3,4,2,689,2125
3,4,2,690,1873
3,4,2,691,2007
3,4,2,692,1967
3,4,2,693,1896
3,4,2,694,2025
3,4,2,695,2111
3,4,2,696,2554
3,4,2,697,2139
3,4,2,698,1846
3,4,2,699,2220
3,4,2,700,1964
3,4,2,701,1994
3,4,2,702,2100
3,4,2,703,2085
3,4,2,704,2179
3,4,2,705,1911
3,4,2,706,1916
3,4,2,707,1845
3,4,2,708,1893
3,4,2,709,1900
3,4,2,710,2746
3,4,2,711,1873
3,4,2,712,2271
3,4,2,713,2007
3,4,2,714,976
3,4,2,715,2058
3,4,2,716,2027
3,4,2,717,1973
3,4,2,718,2044
3,4,2,719,1872
3,4,2,720,1042
3,4,2,721,2262
3,4,2,722,2269
3,4,2,723,2121
3,4,2,724,1869
3,4,2,725,1962
3,4,2,726,2420
3,4,2,727,2112
3,4,2,728,2020
3,4,2,729,1893
3,4,2,730,2072
3,4,2,731,1931
3,4,2,732,2144
3,4,2,733,2062
3,4,2,734,1895
3,4,2,735,1993
3,4,2,736,1854
3,4,2,737,1831
3,4,2,738,2046
3,4,2,739,2143
3,4,2,740,1041
3,4,2,741,2299
3,4,2,742,1958
3,4,2,743,1927
3,4,2,744,1908
3,4,2,745,1954
3,4,2,746,1975
3,4,2,747,1761
3,4,2,748,1902
3,4,2,749,2219
3,4,2,750,1904
3,4,2,751,2117
3,4,2,752,2108
3,4,2,753,2458
3,4,2,754,1865
3,4,2,755,1269
3,4,2,756,2493
3,4,2,757,2098
3,4,2,758,1828
3,4,2,759,1754
3,4,2,760,1055
3,4,2,761,967
3,4,2,762,2909
3,4,2,763,1582
3,4,2,764,2498
3,4,2,765,2177
3,4,2,766,2157
3,4,2,767,2253
3,4,2,768,2052
3,4,2,769,1916
3,4,2,770,2062
3,4,2,771,1828
3,4,2,772,1984
3,4,2,773,1807
3,4,2,774,2121
3,4,2,775,1975
3,4,2,776,1871
3,4,2,777,2100
3,4,2,778,1925
3,4,2,779,2000
3,4,2,780,1932
3,4,2,781,1877
3,4,2,782,1982
3,4,2,783,1998
3,4,2,784,2179
3,4,2,785,1951
3,4,2,786,1959
3,4,2,787,2117
3,4,2,788,2380
3,4,2,789,2096
3,4,2,790,2555
3,4,2,791,1107
3,4,2,792,2225
3,4,2,793,1877
3,4,2,794,2026
3,4,2,795,1966
3,4,2,796,1917
3,4,2,797,2117
3,4,2,798,2254
3,4,2,799,2025
3,4,2,800,2064
3,4,2,801,965
3,4,2,802,2197
3,4,2,803,1739
3,4,2,804,1936
3,4,2,805,1898
3,4,2,806,1943
3,4,2,807,1876
3,4,2,808,1893
3,4,2,809,1825
3,4,2,810,2311
3,4,2,811,2173
3,4,2,812,2669
3,4,2,813,2346
3,4,2,814,1933
3,4,2,815,1972
3,4,2,816,2173
3,4,2,817,2512
3,4,2,818,2119
3,4,2,819,2192
3,4,2,820,1871
3,4,2,821,1905
3,4,2,822,1996
3,4,2,823,1924
3,4,2,824,1846
3,4,2,825,2028
3,4,2,826,2187
3,4,2,827,2056
3,4,2,828,950
3,4,2,829,2434
3,4,2,830,1812
3,4,2,831,2006
3,4,2,832,1933
3,4,2,833,1906
3,4,2,834,1865
3,4,2,835,1862
3,4,2,836,1988
3,4,2,837,880
3,4,2,838,2312
3,4,2,839,1834
3,4,2,840,1340
3,4,2,841,2128
3,4,2,842,1895
3,4,2,843,2155
3,4,2,844,2354
3,4,2,845,2336
3,4,2,846,2115
3,4,2,847,2284
3,4,2,848,2042
3,4,2,849,2190
3,4,2,850,1961
3,4,2,851,2228
3,4,2,852,1828
3,4,2,853,3447
3,4,2,854,2607
3,4,2,855,2204
3,4,2,856,1351
3,4,2,857,2483
3,4,2,858,1020
3,4,2,859,873
3,4,2,860,2346
3,4,2,861,1983
3,4,2,862,1869
3,4,2,863,2341
3,4,2,864,2299
3,4,2,865,2205
3,4,2,866,1062
3,4,2,867,2263
3,4,2,868,2171
3,4,2,869,2364
3,4,2,870,2015
3,4,2,871,2092
3,4,2,872,1980
3,4,2,873,1923
3,4,2,874,1920
3,4,2,875,1890
3,4,2,876,3236
3,4,2,877,2017
3,4,2,878,1976
3,4,2,879,2096
3,4,2,880,1965
3,4,2,881,943
3,4,2,882,2330
3,4,2,883,1904
3,4,2,884,983
3,4,2,885,1029
3,4,2,886,2359
3,4,2,887,1671
3,4,2,888,2028
3,4,2,889,2008
3,4,2,890,962
3,4,2,891,2750
3,4,2,892,2030
3,4,2,893,2363
3,4,2,894,4032
3,4,2,895,1407
3,4,2,896,2742
3,4,2,897,2157
3,4,2,898,1623
3,4,2,899,2388
3,4,2,900,1458
3,4,2,901,2139
3,4,2,902,2038
3,4,2,903,1999
3,4,2,904,2035
3,4,2,905,2122
3,4,2,906,2537
3,4,2,907,2008
3,4,2,908,2213
3,4,2,909,2133
3,4,2,910,2119
3,4,2,911,1980
3,4,2,912,2268
3,4,2,913,2032
3,4,2,914,1956
3,4,2,915,2084
3,4,2,916,2190
3,4,2,917,1825
3,4,2,918,1309
3,4,2,919,1011
3,4,2,920,3008
3,4,2,921,2249
3,4,2,922,2093
3,4,2,923,2029
3,4,2,924,1446
3,4,2,925,2933
3,4,2,926,2116
3,4,2,927,2147
3,4,2,928,1856
3,4,2,929,1804
3,4,2,930,2481
3,4,2,931,2088
3,4,2,932,2057
3,4,2,933,1036
3,4,2,934,1706
3,4,2,935,1511
3,4,2,936,1030
3,4,2,937,1413
3,4,2,938,1338
3,4,2,939,1003
3,4,2,940,1145
3,4,2,941,4786
3,4,2,942,2204
3,4,2,943,2540
3,4,2,944,2153
3,4,2,945,2113
3,4,2,946,2015
3,4,2,947,1977
3,4,2,948,2067
3,4,2,949,2073
3,4,2,950,2024
3,4,2,951,2416
3,4,2,952,2260
3,4,2,953,2142
3,4,2,954,2048
3,4,2,955,2167
3,4,2,956,2199
3,4,2,957,2065
3,4,2,958,2051
3,4,2,959,8139
3,4,2,960,2643
3,4,2,961,3018
3,4,2,962,2046
3,4,2,963,1380
3,4,2,964,2337
3,4,2,965,1470
3,4,2,966,3411
3,4,2,967,1230
3,4,2,968,3079
3,4,2,969,1849
3,4,2,970,1007
3,4,2,971,999
3,4,2,972,2834
3,4,2,973,1566
3,4,2,974,1357
3,4,2,975,1321
3,4,2,976,1608
3,4,2,977,1600
3,4,2,978,1339
3,4,2,979,1781
3,4,2,980,1166
3,4,2,981,4333
3,4,2,982,2423
3,4,2,983,2060
3,4,2,984,5157
3,4,2,985,2897
3,4,2,986,1384
3,4,2,987,3399
3,4,2,988,2342
3,4,2,989,2057
3,4,2,990,1554
3,4,2,991,2486
3,4,2,992,2155
3,4,2,993,2091
3,4,2,994,1976
3,4,2,995,1058
3,4,2,996,2617
3,4,2,997,1940
3,4,2,998,1587
3,4,2,999,1593
3,8,2,0,5917
3,8,2,1,7162
3,8,2,2,2742
3,8,2,3,3247
3,8,2,4,2846
3,8,2,5,2656
3,8,2,6,2273
3,8,2,7,2714
3,8,2,8,2977
3,8,2,9,2185
3,8,2,10,24916
3,8,2,11,1864
3,8,2,12,2365
3,8,2,13,31929
3,8,2,14,2341
3,8,2,15,2398
3,8,2,16,2158
3,8,2,17,2397
3,8,2,18,1962
3,8,2,19,3056
3,8,2,20,1991
3,8,2,21,2216
3,8,2,22,2068
3,8,2,23,2272
3,8,2,24,2100
3,8,2,25,3083
3,8,2,26,1977
3,8,2,27,1289
3,8,2,28,2601
3,8,2,29,2510
3,8,2,30,3034
3,8,2,31,2874
3,8,2,32,1440
3,8,2,33,970
3,8,2,34,1477
3,8,2,35,1643
3,8,2,36,3995
3,8,2,37,3228
3,8,2,38,2426
3,8,2,39,3436
3,8,2,40,2941
3,8,2,41,2359
3,8,2,42,2842
3,8,2,43,2183
3,8,2,44,3384
3,8,2,45,2074
3,8,2,46,2363
3,8,2,47,2507
3,8,2,48,2577
3,8,2,49,2526
3,8,2,50,2970
3,8,2,51,2266
3,8,2,52,2382
3,8,2,53,2029
3,8,2,54,2407
3,8,2,55,1965
3,8,2,56,2890
3,8,2,57,2255
3,8,2,58,2306
3,8,2,59,2044
3,8,2,60,2387
3,8,2,61,1901
3,8,2,62,2998
3,8,2,63,2139
3,8,2,64,1611
3,8,2,65,1304
3,8,2,66,2466
3,8,2,67,2382
3,8,2,68,2280
3,8,2,69,2069
3,8,2,70,2068
3,8,2,71,2002
3,8,2,72,2312
3,8,2,73,1936
3,8,2,74,2205
3,8,2,75,2271
3,8,2,76,2416
3,8,2,77,2648
3,8,2,78,1926
3,8,2,79,2012
3,8,2,80,2038
3,8,2,81,2074
3,8,2,82,2346
3,8,2,83,1636
3,8,2,84,2273
3,8,2,85,2068
3,8,2,86,2114
3,8,2,87,2085
3,8,2,88,2722
3,8,2,89,2026
3,8,2,90,2283
3,8,2,91,2188
3,8,2,92,2372
3,8,2,93,2346
3,8,2,94,3162
3,8,2,95,2290
3,8,2,96,2262
3,8,2,97,1928
3,8,2,98,2129
3,8,2,99,1502
3,8,2,100,2502
3,8,2,101,2583
3,8,2,102,2072
3,8,2,103,2451
3,8,2,104,1731
3,8,2,105,2393
3,8,2,106,2434
3,8,2,107,2125
3,8,2,108,5802
3,8,2,109,2570
3,8,2,110,2310
3,8,2,111,1574
3,8,2,112,3299
3,8,2,113,2189
3,8,2,114,2516
3,8,2,115,2073
3,8,2,116,2318
3,8,2,117,1646
3,8,2,118,2564
3,8,2,119,2100
3,8,2,120,2208
3,8,2,121,2523
3,8,2,122,2017
3,8,2,123,2166
3,8,2,124,2210
3,8,2,125,2775
3,8,2,126,1845
3,8,2,127,2492
3,8,2,128,1970
3,8,2,129,2585
3,8,2,130,2135
3,8,2,131,2130
3,8,2,132,1747
3,8,2,133,2464
3,8,2,134,2423
3,8,2,135,2547
3,8,2,136,2442
3,8,2,137,2964
3,8,2,138,1926
3,8,2,139,2422
3,8,2,140,1740
3,8,2,141,2358
3,8,2,142,2014
3,8,2,143,2502
3,8,2,144,2430
3,8,2,145,2025
3,8,2,146,2280
3,8,2,147,2358
3,8,2,148,1298
3,8,2,149,1563
3,8,2,150,2604
3,8,2,151,2192
3,8,2,152,1035
3,8,2,153,3209
3,8,2,154,2305
3,8,2,155,2378
3,8,2,156,1945
3,8,2,157,2231
3,8,2,158,1612
3,8,2,159,2707
3,8,2,160,2545
3,8,2,161,2028
3,8,2,162,2381
3,8,2,163,2002
3,8,2,164,1047
3,8,2,165,3174
3,8,2,166,2709
3,8,2,167,1555
3,8,2,168,2499
3,8,2,169,1937
3,8,2,170,2331
3,8,2,171,2272
3,8,2,172,3012
3,8,2,173,2589
3,8,2,174,2565
3,8,2,175,2003
3,8,2,176,1352
3,8,2,177,2398
3,8,2,178,2242
3,8,2,179,1665
3,8,2,180,4376
3,8,2,181,2891
3,8,2,182,2394
3,8,2,183,3012
3,8,2,184,2592
3,8,2,185,2366
3,8,2,186,2098
3,8,2,187,3030
3,8,2,188,1821
3,8,2,189,2729
3,8,2,190,2891
3,8,2,191,2399
3,8,2,192,2487
3,8,2,193,1683
3,8,2,194,1936
3,8,2,195,5246
3,8,2,196,2154
3,8,2,197,2227
3,8,2,198,2283
3,8,2,199,2293
3,8,2,200,1695
3,8,2,201,2162
3,8,2,202,3109
3,8,2,203,2138
3,8,2,204,2189
3,8,2,205,1827
3,8,2,206,2202
3,8,2,207,2265
3,8,2,208,2996
3,8,2,209,1322
3,8,2,210,2125
3,8,2,211,2016
3,8,2,212,1699
3,8,2,213,2520
3,8,2,214,2071
3,8,2,215,2091
3,8,2,216,1934
3,8,2,217,2005
3,8,2,218,1614
3,8,2,219,2589
3,8,2,220,1755
3,8,2,221,2695
3,8,2,222,1656
3,8,2,223,2216
3,8,2,224,1889
3,8,2,225,2610
3,8,2,226,3624
3,8,2,227,1915
3,8,2,228,4098
3,8,2,229,2419
3,8,2,230,2585
3,8,2,231,2575
3,8,2,232,2975
3,8,2,233,2809
3,8,2,234,31349
3,8,2,235,2066
3,8,2,236,3116
3,8,2,237,2412
3,8,2,238,2433
3,8,2,239,2661
3,8,2,240,2661
3,8,2,241,2219
3,8,2,242,2020
3,8,2,243,2369
3,8,2,244,2465
3,8,2,245,2479
3,8,2,246,2506
3,8,2,247,2265
3,8,2,248,2203
3,8,2,249,3012
3,8,2,250,2501
3,8,2,251,3272
3,8,2,252,2222
3,8,2,253,2633
3,8,2,254,1927
3,8,2,255,2957
3,8,2,256,2498
3,8,2,257,2214
3,8,2,258,2089
3,8,2,259,1098
3,8,2,260,2411
3,8,2,261,2214
3,8,2,262,2740
3,8,2,263,2344
3,8,2,264,2446
3,8,2,265,1930
3,8,2,266,2314
3,8,2,267,2226
3,8,2,268,1631
3,8,2,269,10063
3,8,2,270,1967
3,8,2,271,2152
3,8,2,272,19178
3,8,2,273,3247
3,8,2,274,2605
3,8,2,275,2002
3,8,2,276,1757
3,8,2,277,2174
3,8,2,278,2213
3,8,2,279,2517
3,8,2,280,2813
3,8,2,281,2326
3,8,2,282,2215
3,8,2,283,2043
3,8,2,284,1140
3,8,2,285,3254
3,8,2,286,2395
3,8,2,287,2196
3,8,2,288,2101
3,8,2,289,2445
3,8,2,290,1873
3,8,2,291,2749
3,8,2,292,2876
3,8,2,293,2228
3,8,2,294,2147
3,8,2,295,2487
3,8,2,296,1632
3,8,2,297,2067
3,8,2,298,1956
3,8,2,299,1228
3,8,2,300,1567
3,8,2,301,2207
3,8,2,302,1997
3,8,2,303,1560
3,8,2,304,2246
3,8,2,305,1984
3,8,2,306,1540
3,8,2,307,2158
3,8,2,308,2205
3,8,2,309,30363
3,8,2,310,2927
3,8,2,311,2628
3,8,2,312,2349
3,8,2,313,2442
3,8,2,314,2719
3,8,2,315,2611
3,8,2,316,2715
3,8,2,317,2094
3,8,2,318,113589
3,8,2,319,2463
3,8,2,320,3061
3,8,2,321,2420
3,8,2,322,2911
3,8,2,323,2255
3,8,2,324,2316
3,8,2,325,2071
3,8,2,326,2612
3,8,2,327,2376
3,8,2,328,2789
3,8,2,329,2065
3,8,2,330,2384
3,8,2,331,1878
3,8,2,332,2262
3,8,2,333,2621
3,8,2,334,56545
3,8,2,335,3646
3,8,2,336,2914
3,8,2,337,2780
3,8,2,338,2975
3,8,2,339,3054
3,8,2,340,2554
3,8,2,341,2847
3,8,2,342,2066
3,8,2,343,2405
3,8,2,344,5625
3,8,2,345,2984
3,8,2,346,1844
3,8,2,347,1921
3,8,2,348,1544
3,8,2,349,2908
3,8,2,350,2959
3,8,2,351,1456
3,8,2,352,1695
3,8,2,353,2582
3,8,2,354,1443
3,8,2,355,2459
3,8,2,356,3638
3,8,2,357,2309
3,8,2,358,6139
3,8,2,359,2715
3,8,2,360,1776
3,8,2,361,1951
3,8,2,362,2378
3,8,2,363,1458
3,8,2,364,3711
3,8,2,365,2249
3,8,2,366,2848
3,8,2,367,15751
3,8,2,368,2395
3,8,2,369,3349
3,8,2,370,2448
3,8,2,371,2887
3,8,2,372,3065
3,8,2,373,2172
3,8,2,374,3005
3,8,2,375,2594
3,8,2,376,2213
3,8,2,377,2586
3,8,2,378,2900
3,8,2,379,1594
3,8,2,380,2142
3,8,2,381,3428
3,8,2,382,1998
3,8,2,383,36757
3,8,2,384,2601
3,8,2,385,2771
3,8,2,386,2902
3,8,2,387,1859
3,8,2,388,3119
3,8,2,389,2455
3,8,2,390,2267
3,8,2,391,2420
3,8,2,392,2894
3,8,2,393,2507
3,8,2,394,2303
3,8,2,395,2207
3,8,2,396,2194
3,8,2,397,2264
3,8,2,398,3009
3,8,2,399,2337
3,8,2,400,1739
3,8,2,401,2417
3,8,2,402,2415
3,8,2,403,2130
3,8,2,404,2073
3,8,2,405,2225
3,8,2,406,2417
3,8,2,407,1556
3,8,2,408,1620
3,8,2,409,1918
3,8,2,410,4428
3,8,2,411,2025
3,8,2,412,1616
3,8,2,413,3828
3,8,2,414,2467
3,8,2,415,2856
3,8,2,416,2231
3,8,2,417,2708
3,8,2,418,3453
3,8,2,419,3692
3,8,2,420,2399
3,8,2,421,3346
3,8,2,422,2105
3,8,2,423,3256
3,8,2,424,2192
3,8,2,425,3312
3,8,2,426,2345
3,8,2,427,2530
3,8,2,428,2282
3,8,2,429,2566
3,8,2,430,2285
3,8,2,431,3185
3,8,2,432,2881
3,8,2,433,1493
3,8,2,434,3484
3,8,2,435,2194
3,8,2,436,1545
3,8,2,437,3092
3,8,2,438,2366
3,8,2,439,2555
3,8,2,440,2119
3,8,2,441,3074
3,8,2,442,2246
3,8,2,443,2145
3,8,2,444,1984
3,8,2,445,2495
3,8,2,446,2252
3,8,2,447,3013
3,8,2,448,2353
3,8,2,449,2672
3,8,2,450,1554
3,8,2,451,2443
3,8,2,452,3554
3,8,2,453,2370
3,8,2,454,2126
3,8,2,455,1734
3,8,2,456,2139
3,8,2,457,2213
3,8,2,458,2638
3,8,2,459,3213
3,8,2,460,2494
3,8,2,461,2626
3,8,2,462,2595
3,8,2,463,2767
3,8,2,464,2901
3,8,2,465,2312
3,8,2,466,3989
3,8,2,467,2402
3,8,2,468,1967
3,8,2,469,2194
3,8,2,470,2556
3,8,2,471,2822
3,8,2,472,2242
3,8,2,473,50881382
3,8,2,474,2569
3,8,2,475,1745
3,8,2,476,1747
3,8,2,477,1983
3,8,2,478,1755
3,8,2,479,1704
3,8,2,480,1740
3,8,2,481,1737
3,8,2,482,1662
3,8,2,483,1787
3,8,2,484,1559
3,8,2,485,1531
3,8,2,486,1516
3,8,2,487,1439
3,8,2,488,1646
3,8,2,489,1804
3,8,2,490,1665
3,8,2,491,1485
3,8,2,492,2534
3,8,2,493,2114
3,8,2,494,1781
3,8,2,495,1604
3,8,2,496,1654
3,8,2,497,1697
3,8,2,498,1485
3,8,2,499,1607
3,8,2,500,1471
3,8,2,501,1553
3,8,2,502,1505
3,8,2,503,4647
3,8,2,504,2299
3,8,2,505,2856
3,8,2,506,1593
3,8,2,507,2449
3,8,2,508,2493
3,8,2,509,2337
3,8,2,510,2314
3,8,2,511,3453
3,8,2,512,2271
3,8,2,513,1767
3,8,2,514,2741
3,8,2,515,2205
3,8,2,516,1478
3,8,2,517,3150
3,8,2,518,24216
3,8,2,519,1379
3,8,2,520,1532
3,8,2,521,3668
3,8,2,522,2578
3,8,2,523,2971
3,8,2,524,2721
3,8,2,525,3107
3,8,2,526,2437
3,8,2,527,2483
3,8,2,528,58442083
3,8,2,529,2848
3,8,2,530,3370
3,8,2,531,2942
3,8,2,532,3284
3,8,2,533,2549
3,8,2,534,2883
3,8,2,535,2731
3,8,2,536,3019
3,8,2,537,2576
3,8,2,538,2498
3,8,2,539,2593
3,8,2,540,3427
3,8,2,541,2938
3,8,2,542,2804
3,8,2,543,2840
3,8,2,544,2954
3,8,2,545,2492
3,8,2,546,2919
3,8,2,547,2676
3,8,2,548,2736
3,8,2,549,2587
3,8,2,550,2614
3,8,2,551,2809
3,8,2,552,2719
3,8,2,553,2758
3,8,2,554,2747
3,8,2,555,2824
3,8,2,556,2696
3,8,2,557,2816
3,8,2,558,2821
3,8,2,559,3080
3,8,2,560,2767
3,8,2,561,30279
3,8,2,562,4033
3,8,2,563,3345
3,8,2,564,3157
3,8,2,565,2824
3,8,2,566,2721
3,8,2,567,3039
3,8,2,568,2940
3,8,2,569,2936
3,8,2,570,2538
3,8,2,571,23324
3,8,2,572,2740
3,8,2,573,566194
3,8,2,574,4071
3,8,2,575,3589
3,8,2,576,2848
3,8,2,577,3009
3,8,2,578,2996
3,8,2,579,2991
3,8,2,580,2690
3,8,2,581,2978
3,8,2,582,3175
3,8,2,583,2795
3,8,2,584,2413
3,8,2,585,2786
3,8,2,586,3050
3,8,2,587,2679
3,8,2,588,2564
3,8,2,589,3328
3,8,2,590,3289
3,8,2,591,2779
3,8,2,592,2554
3,8,2,593,2913
3,8,2,594,3465
3,8,2,595,2948
3,8,2,596,3120
3,8,2,597,2974
3,8,2,598,2925
3,8,2,599,2853
3,8,2,600,2735
3,8,2,601,2703
3,8,2,602,3412
3,8,2,603,3523
3,8,2,604,3658
3,8,2,605,3414
3,8,2,606,2850
3,8,2,607,3128
3,8,2,608,2613
3,8,2,609,3403
3,8,2,610,3442
3,8,2,611,3188
3,8,2,612,2679
3,8,2,613,2912
3,8,2,614,3005
3,8,2,615,2816
3,8,2,616,2575
3,8,2,617,3160
3,8,2,618,3239
3,8,2,619,2616
3,8,2,620,2546
3,8,2,621,2859
3,8,2,622,3055
3,8,2,623,2736
3,8,2,624,2365
3,8,2,625,2781
3,8,2,626,24646
3,8,2,627,3159
3,8,2,628,2331
3,8,2,629,3030
3,8,2,630,3512
3,8,2,631,2974
3,8,2,632,2755
3,8,2,633,2874
3,8,2,634,3145
3,8,2,635,2936
3,8,2,636,3006
3,8,2,637,2994
3,8,2,638,3086
3,8,2,639,2948
3,8,2,640,2610
3,8,2,641,2731
3,8,2,642,2964
3,8,2,643,2658
3,8,2,644,2675
3,8,2,645,2983
3,8,2,646,2916
3,8,2,647,2653
3,8,2,648,2227
3,8,2,649,2929
3,8,2,650,2986
3,8,2,651,2624
3,8,2,652,2409
3,8,2,653,2732
3,8,2,654,3000
3,8,2,655,2671
3,8,2,656,2872
3,8,2,657,3046
3,8,2,658,3184
3,8,2,659,2401
3,8,2,660,2692
3,8,2,661,2618
3,8,2,662,3121
3,8,2,663,2630
3,8,2,664,2649
3,8,2,665,2778
3,8,2,666,2988
3,8,2,667,2786
3,8,2,668,2502
3,8,2,669,3108
3,8,2,670,3251
3,8,2,671,2915
3,8,2,672,2722
3,8,2,673,2856
3,8,2,674,3123
3,8,2,675,2690
3,8,2,676,2942
3,8,2,677,3441
3,8,2,678,3472
3,8,2,679,3329
3,8,2,680,2911
3,8,2,681,3144
3,8,2,682,3329
3,8,2,683,3050
3,8,2,684,2706
3,8,2,685,3183
3,8,2,686,3163
3,8,2,687,2626
3,8,2,688,2811
3,8,2,689,3928
3,8,2,690,3879
3,8,2,691,3014
3,8,2,692,2838
3,8,2,693,3787
3,8,2,694,3379
3,8,2,695,3278
3,8,2,696,2615
3,8,2,697,3075
3,8,2,698,3194
3,8,2,699,3490
3,8,2,700,2661
3,8,2,701,3219
3,8,2,702,3115
3,8,2,703,3130
3,8,2,704,2536
3,8,2,705,3147
3,8,2,706,3141
3,8,2,707,2836
3,8,2,708,2803
3,8,2,709,3081
3,8,2,710,3143
3,8,2,711,3413
3,8,2,712,2952
3,8,2,713,2905
3,8,2,714,3135
3,8,2,715,2934
3,8,2,716,3336
3,8,2,717,242587
3,8,2,718,3124
3,8,2,719,3295
3,8,2,720,2744
3,8,2,721,26143
3,8,2,722,2858
3,8,2,723,2851
3,8,2,724,2958
3,8,2,725,3019
3,8,2,726,2728
3,8,2,727,2673
3,8,2,728,3087
3,8,2,729,2864
3,8,2,730,4561
3,8,2,731,4034
3,8,2,732,3135
3,8,2,733,3189
3,8,2,734,2989
3,8,2,735,3513
3,8,2,736,2686
3,8,2,737,2708
3,8,2,738,2882
3,8,2,739,3176
3,8,2,740,2689
3,8,2,741,3288
3,8,2,742,3534
3,8,2,743,179932
3,8,2,744,3095
3,8,2,745,3232
3,8,2,746,3039
3,8,2,747,3104
3,8,2,748,3202
3,8,2,749,2891
3,8,2,750,3022
3,8,2,751,3114
3,8,2,752,2943
3,8,2,753,2914
3,8,2,754,3350
3,8,2,755,3216
3,8,2,756,3263
3,8,2,757,3390
3,8,2,758,3394
3,8,2,759,3027
3,8,2,760,3147
3,8,2,761,3187
3,8,2,762,3649
3,8,2,763,3314
3,8,2,764,2968
3,8,2,765,3029
3,8,2,766,2675
3,8,2,767,2968
3,8,2,768,2749
3,8,2,769,2936
3,8,2,770,2863
3,8,2,771,2736
3,8,2,772,2704
3,8,2,773,2730
3,8,2,774,2494
3,8,2,775,2780
3,8,2,776,2907
3,8,2,777,3013
3,8,2,778,2976
3,8,2,779,3680
3,8,2,780,3378
3,8,2,781,6561
3,8,2,782,3240
3,8,2,783,1610
3,8,2,784,2397
3,8,2,785,1492
3,8,2,786,2272
3,8,2,787,1906
3,8,2,788,4463
3,8,2,789,2773
3,8,2,790,1959
3,8,2,791,1409
3,8,2,792,2049
3,8,2,793,1773
3,8,2,794,1816
3,8,2,795,4528
3,8,2,796,4072
3,8,2,797,2092
3,8,2,798,4888
3,8,2,799,3513
3,8,2,800,2025
3,8,2,801,2328
3,8,2,802,2425
3,8,2,803,1272
3,8,2,804,2145
3,8,2,805,2378
3,8,2,806,2243
3,8,2,807,2270
3,8,2,808,2470
3,8,2,809,2513
3,8,2,810,4795
3,8,2,811,3504
3,8,2,812,2025
3,8,2,813,3504
3,8,2,814,3059
3,8,2,815,1588
3,8,2,816,3426
3,8,2,817,2982
3,8,2,818,2776
3,8,2,819,2896
3,8,2,820,3268
3,8,2,821,2071
3,8,2,822,1486
3,8,2,823,3459
3,8,2,824,3583
3,8,2,825,3123
3,8,2,826,2645
3,8,2,827,3046
3,8,2,828,2097
3,8,2,829,2496
3,8,2,830,3156
3,8,2,831,2576
3,8,2,832,5103
3,8,2,833,4092
3,8,2,834,2971
3,8,2,835,3255
3,8,2,836,3028
3,8,2,837,3275
3,8,2,838,3054
3,8,2,839,2738
3,8,2,840,3820
3,8,2,841,3034
3,8,2,842,3232
3,8,2,843,3079
3,8,2,844,5010
3,8,2,845,2640
3,8,2,846,2620
3,8,2,847,3193
3,8,2,848,1780
3,8,2,849,1148
3,8,2,850,2321
3,8,2,851,3260
3,8,2,852,2126
3,8,2,853,3387
3,8,2,854,2671
3,8,2,855,2590
3,8,2,856,2670
3,8,2,857,3213
3,8,2,858,2709
3,8,2,859,2936
3,8,2,860,3154
3,8,2,861,2693
3,8,2,862,2716
3,8,2,863,3394
3,8,2,864,3263
3,8,2,865,2326
3,8,2,866,3244
3,8,2,867,2834
3,8,2,868,3139
3,8,2,869,2755
3,8,2,870,2516
3,8,2,871,3035
3,8,2,872,2631
3,8,2,873,1796
3,8,2,874,3398
3,8,2,875,3033
3,8,2,876,3548
3,8,2,877,2963
3,8,2,878,3345
3,8,2,879,2972
3,8,2,880,3370
3,8,2,881,3085
3,8,2,882,3232
3,8,2,883,3053
3,8,2,884,3318
3,8,2,885,3060
3,8,2,886,3141
3,8,2,887,3081
3,8,2,888,3192
3,8,2,889,2855
3,8,2,890,3104
3,8,2,891,3036
3,8,2,892,3052
3,8,2,893,3200
3,8,2,894,1649
3,8,2,895,3381
3,8,2,896,2386
3,8,2,897,3259
3,8,2,898,2579
3,8,2,899,3657
3,8,2,900,3125
3,8,2,901,3348
3,8,2,902,3463
3,8,2,903,3166
3,8,2,904,1713
3,8,2,905,3085
3,8,2,906,3216
3,8,2,907,3057
3,8,2,908,2820
3,8,2,909,3143
3,8,2,910,2898
3,8,2,911,2263
3,8,2,912,3650
3,8,2,913,2246
3,8,2,914,3140
3,8,2,915,2612
3,8,2,916,3344
3,8,2,917,3207
3,8,2,918,2510
3,8,2,919,2352
3,8,2,920,3516
3,8,2,921,3910
3,8,2,922,2808
3,8,2,923,3255
3,8,2,924,2884
3,8,2,925,3237
3,8,2,926,2799
3,8,2,927,3221
3,8,2,928,3375
3,8,2,929,3694
3,8,2,930,3547
3,8,2,931,2271
3,8,2,932,3267
3,8,2,933,3040
3,8,2,934,3103
3,8,2,935,2390
3,8,2,936,2961
3,8,2,937,3029
3,8,2,938,2998
3,8,2,939,2478
3,8,2,940,2952
3,8,2,941,2674
3,8,2,942,3024
3,8,2,943,2353
3,8,2,944,2782
3,8,2,945,2855
3,8,2,946,3024
3,8,2,947,2494
3,8,2,948,2400
3,8,2,949,3341
3,8,2,950,3540
3,8,2,951,3909
3,8,2,952,3239
3,8,2,953,2893
3,8,2,954,3291
3,8,2,955,3510
3,8,2,956,3456
3,8,2,957,3635
3,8,2,958,2977
3,8,2,959,3766
3,8,2,960,3266
3,8,2,961,2383
3,8,2,962,3592
3,8,2,963,2783
3,8,2,964,3168
3,8,2,965,2670
3,8,2,966,2814
3,8,2,967,2757
3,8,2,968,2788
3,8,2,969,2676
3,8,2,970,2903
3,8,2,971,2592
3,8,2,972,2569
3,8,2,973,2748
3,8,2,974,2966
3,8,2,975,2945
3,8,2,976,2821
3,8,2,977,3279
3,8,2,978,2934
3,8,2,979,3482
3,8,2,980,2785
3,8,2,981,3150
3,8,2,982,2817
3,8,2,983,2908
3,8,2,984,2799
3,8,2,985,3281
3,8,2,986,2899
3,8,2,987,2970
3,8,2,988,2850
3,8,2,989,2814
3,8,2,990,119147239
3,8,2,991,3191
3,8,2,992,3274
3,8,2,993,2562
3,8,2,994,3178
3,8,2,995,2611
3,8,2,996,2353
3,8,2,997,3233
3,8,2,998,3018
3,8,2,999,3454
3,8,2,1000,3190
3,8,2,1001,3073
3,8,2,1002,2988
3,8,2,1003,3136
3,8,2,1004,2985
3,8,2,1005,2856
3,8,2,1006,2865
3,8,2,1007,3314
3,8,2,1008,3256
3,8,2,1009,3254
3,8,2,1010,2975
3,8,2,1011,122971693
3,8,2,1012,2004
3,8,2,1013,2028
3,8,2,1014,1917
3,8,2,1015,1611
3,8,2,1016,1730
3,8,2,1017,1732
3,8,2,1018,1955
3,8,2,1019,1839
3,8,2,1020,1703
3,8,2,1021,1642
3,8,2,1022,1033
3,8,2,1023,1061
3,8,2,1024,2834
3,8,2,1025,2608
3,8,2,1026,3758
3,8,2,1027,3033
3,8,2,1028,3218
3,8,2,1029,3047
3,8,2,1030,3213
3,8,2,1031,3004
3,8,2,1032,3149
3,8,2,1033,2905
3,8,2,1034,3020
3,8,2,1035,3210
3,8,2,1036,2974
3,8,2,1037,3036
3,8,2,1038,3134
3,8,2,1039,3402
3,8,2,1040,3177
3,8,2,1041,3074
3,8,2,1042,3989
3,8,2,1043,3135
3,8,2,1044,2517
3,8,2,1045,2914
3,8,2,1046,3003
3,8,2,1047,2889
3,8,2,1048,3080
3,8,2,1049,3055
3,8,2,1050,2336
3,8,2,1051,3037
3,8,2,1052,2749
3,8,2,1053,2975
3,8,2,1054,3374
3,8,2,1055,2617
3,8,2,1056,3336
3,8,2,1057,3144
3,8,2,1058,2915
3,8,2,1059,3131
3,8,2,1060,3009
3,8,2,1061,3513
3,8,2,1062,3333
3,8,2,1063,3209
3,8,2,1064,3345
3,8,2,1065,3199
3,8,2,1066,3276
3,8,2,1067,3216
3,8,2,1068,3424
3,8,2,1069,2951
3,8,2,1070,3134
3,8,2,1071,3081
3,8,2,1072,3194
3,8,2,1073,2771
3,8,2,1074,4447
3,8,2,1075,3729
3,8,2,1076,3279
3,8,2,1077,3431
3,8,2,1078,3058
3,8,2,1079,3389
3,8,2,1080,3116
3,8,2,1081,3102
3,8,2,1082,3328
3,8,2,1083,3315
3,8,2,1084,2968
3,8,2,1085,3277
3,8,2,1086,3182
3,8,2,1087,3370
3,8,2,1088,3128
3,8,2,1089,3209
3,8,2,1090,3577
3,8,2,1091,3256
3,8,2,1092,3191
3,8,2,1093,3131
3,8,2,1094,3079
3,8,2,1095,3141
3,8,2,1096,3188
3,8,2,1097,3219
3,8,2,1098,3080
3,8,2,1099,3148
3,8,2,1100,3088
3,8,2,1101,3156
3,8,2,1102,3268
3,8,2,1103,3005
3,8,2,1104,3165
3,8,2,1105,3002
3,8,2,1106,3143
3,8,2,1107,3197
3,8,2,1108,3021
3,8,2,1109,2973
3,8,2,1110,3172
3,8,2,1111,2977
3,8,2,1112,2605
3,8,2,1113,3141
3,8,2,1114,3121
3,8,2,1115,3119
3,8,2,1116,3185
3,8,2,1117,3197
3,8,2,1118,3268
3,8,2,1119,3144
3,8,2,1120,3090
3,8,2,1121,3700
3,8,2,1122,3963
3,8,2,1123,3114
3,8,2,1124,3311
3,8,2,1125,2849
3,8,2,1126,3445
3,8,2,1127,3192
3,8,2,1128,3420
3,8,2,1129,2954
3,8,2,1130,3178
3,8,2,1131,3339
3,8,2,1132,3071
3,8,2,1133,2404
3,8,2,1134,2527
3,8,2,1135,2683
3,8,2,1136,2251
3,8,2,1137,2932
3,8,2,1138,3130
3,8,2,1139,3965
3,8,2,1140,3177
3,8,2,1141,3046
3,8,2,1142,3042
3,8,2,1143,3442
3,8,2,1144,2996
3,8,2,1145,3017
3,8,2,1146,2896
3,8,2,1147,3409
3,8,2,1148,3008
3,8,2,1149,3748
3,8,2,1150,3049
3,8,2,1151,3324
3,8,2,1152,3025
3,8,2,1153,3323
3,8,2,1154,2991
3,8,2,1155,3365
3,8,2,1156,3090
3,8,2,1157,3068
3,8,2,1158,2868
3,8,2,1159,3138
3,8,2,1160,161571
3,8,2,1161,3342
3,8,2,1162,3302
3,8,2,1163,3195
3,8,2,1164,3052
3,8,2,1165,3245
3,8,2,1166,3157
3,8,2,1167,3557
3,8,2,1168,3151
3,8,2,1169,3228
3,8,2,1170,3108
3,8,2,1171,3180
3,8,2,1172,3236
3,8,2,1173,3110
3,8,2,1174,3139
3,8,2,1175,3172
3,8,2,1176,3261
3,8,2,1177,3122
3,8,2,1178,3227
3,8,2,1179,3062
3,8,2,1180,3025
3,8,2,1181,3015
3,8,2,1182,3107
3,8,2,1183,2968
3,8,2,1184,2987
3,8,2,1185,3240
3,8,2,1186,3138
3,8,2,1187,3328
3,8,2,1188,2993
3,8,2,1189,2993
3,8,2,1190,2908
3,8,2,1191,2949
3,8,2,1192,3036
3,8,2,1193,3076
3,8,2,1194,3222
3,8,2,1195,2994
3,8,2,1196,3086
3,8,2,1197,3057
3,8,2,1198,3073
3,8,2,1199,3033
3,8,2,1200,3060
3,8,2,1201,2905
3,8,2,1202,3307
3,8,2,1203,2859
3,8,2,1204,3108
3,8,2,1205,3367
3,8,2,1206,2962
3,8,2,1207,3129
3,8,2,1208,2946
3,8,2,1209,2842
3,8,2,1210,2825
3,8,2,1211,3017
3,8,2,1212,2736
3,8,2,1213,2236
3,8,2,1214,2172
3,8,2,1215,2986
3,8,2,1216,3117
3,8,2,1217,3116
3,8,2,1218,2881
3,8,2,1219,3323
3,8,2,1220,2784
3,8,2,1221,3522
3,8,2,1222,3060
3,8,2,1223,2827
3,8,2,1224,2831
3,8,2,1225,3094
3,8,2,1226,3278
3,8,2,1227,2497
3,8,2,1228,2616
3,8,2,1229,2520
3,8,2,1230,3145
3,8,2,1231,3159
3,8,2,1232,3466
3,8,2,1233,2808
3,8,2,1234,3098
3,8,2,1235,2892
3,8,2,1236,3199
3,8,2,1237,3021
3,8,2,1238,3107
3,8,2,1239,2896
3,8,2,1240,3114
3,8,2,1241,2937
3,8,2,1242,3261
3,8,2,1243,2722
3,8,2,1244,3048
3,8,2,1245,2172
3,8,2,1246,3207
3,8,2,1247,2966
3,8,2,1248,3114
3,8,2,1249,3037
3,8,2,1250,2965
3,8,2,1251,2405
3,8,2,1252,3070
3,8,2,1253,3074
3,8,2,1254,3451
3,8,2,1255,3086
3,8,2,1256,3317
3,8,2,1257,3181
3,8,2,1258,3045
3,8,2,1259,2671
3,8,2,1260,3078
3,8,2,1261,3027
3,8,2,1262,3006
3,8,2,1263,3146
3,8,2,1264,3180
3,8,2,1265,3016
3,8,2,1266,3124
3,8,2,1267,3113
3,8,2,1268,3130
3,8,2,1269,3631
3,8,2,1270,3125
3,8,2,1271,3378
3,8,2,1272,3391
3,8,2,1273,3555
3,8,2,1274,3106
3,8,2,1275,3062
3,8,2,1276,3175
3,8,2,1277,2782
3,8,2,1278,3244
3,8,2,1279,2908
3,8,2,1280,2683
3,8,2,1281,2379
3,8,2,1282,2976
3,8,2,1283,2764
3,8,2,1284,2970
3,8,2,1285,2961
3,8,2,1286,3262
3,8,2,1287,3546
3,8,2,1288,3121
3,8,2,1289,2916
3,8,2,1290,2967
3,8,2,1291,3143
3,8,2,1292,3183
3,8,2,1293,3095
3,8,2,1294,2929
3,8,2,1295,3155
3,8,2,1296,3026
3,8,2,1297,3217
3,8,2,1298,2420
3,8,2,1299,2875
3,8,2,1300,2723
3,8,2,1301,3151
3,8,2,1302,3216
3,8,2,1303,3210
3,8,2,1304,3156
3,8,2,1305,3102
3,8,2,1306,3132
3,8,2,1307,3191
3,8,2,1308,3274
3,8,2,1309,3107
3,8,2,1310,3261
3,8,2,1311,3298
3,8,2,1312,3240
3,8,2,1313,4194
3,8,2,1314,3583
3,8,2,1315,3269
3,8,2,1316,3605
3,8,2,1317,3253
3,8,2,1318,3582
3,8,2,1319,3220
3,8,2,1320,3513
3,8,2,1321,3090
3,8,2,1322,3508
3,8,2,1323,3107
3,8,2,1324,3470
3,8,2,1325,3235
3,8,2,1326,3290
3,8,2,1327,3340
3,8,2,1328,3618
3,8,2,1329,3691
3,8,2,1330,3290
3,8,2,1331,3137
3,8,2,1332,3107
3,8,2,1333,3329
3,8,2,1334,3044
3,8,2,1335,3332
3,8,2,1336,3233
3,8,2,1337,3046
3,8,2,1338,3025
3,8,2,1339,3038
3,8,2,1340,3061
3,8,2,1341,2955
3,8,2,1342,2919
3,8,2,1343,2906
3,8,2,1344,3262
3,8,2,1345,2970
3,8,2,1346,2933
3,8,2,1347,2642
3,8,2,1348,2949
3,8,2,1349,3056
3,8,2,1350,3044
3,8,2,1351,2909
3,8,2,1352,3322
3,8,2,1353,163882
3,8,2,1354,3324
3,8,2,1355,8938
3,8,2,1356,3372
3,8,2,1357,3496
3,8,2,1358,3207
3,8,2,1359,2971
3,8,2,1360,2652
3,8,2,1361,2489
3,8,2,1362,2885
3,8,2,1363,3023
3,8,2,1364,2653
3,8,2,1365,2597
3,8,2,1366,3003
3,8,2,1367,2820
3,8,2,1368,3033
3,8,2,1369,3391
3,8,2,1370,2962
3,8,2,1371,3216
3,8,2,1372,3267
3,8,2,1373,3261
3,8,2,1374,3022
3,8,2,1375,3356
3,8,2,1376,3155
3,8,2,1377,3897
3,8,2,1378,3180
3,8,2,1379,3401
3,8,2,1380,3273
3,8,2,1381,3225
3,8,2,1382,2700
3,8,2,1383,2625
3,8,2,1384,2492
3,8,2,1385,3782
3,8,2,1386,3214
3,8,2,1387,3110
3,8,2,1388,3071
3,8,2,1389,3073
3,8,2,1390,3180
3,8,2,1391,3495
3,8,2,1392,3296
3,8,2,1393,3112
3,8,2,1394,3076
3,8,2,1395,3066
3,8,2,1396,2975
3,8,2,1397,3495
3,8,2,1398,3176
3,8,2,1399,3326
3,8,2,1400,3025
3,8,2,1401,3264
3,8,2,1402,2968
3,8,2,1403,3234
3,8,2,1404,3002
3,8,2,1405,3486
3,8,2,1406,3086
3,8,2,1407,3202
3,8,2,1408,3008
3,8,2,1409,2863
3,8,2,1410,3074
3,8,2,1411,3144
3,8,2,1412,3038
3,8,2,1413,2899
3,8,2,1414,2980
3,8,2,1415,3447
3,8,2,1416,3197
3,8,2,1417,2982
3,8,2,1418,3329
3,8,2,1419,3087
3,8,2,1420,3142
3,8,2,1421,3027
3,8,2,1422,3026
3,8,2,1423,2960
3,8,2,1424,3080
3,8,2,1425,3172
3,8,2,1426,2956
3,8,2,1427,2459
3,8,2,1428,2400
3,8,2,1429,2305
3,8,2,1430,3301
3,8,2,1431,3157
3,8,2,1432,3252
3,8,2,1433,3134
3,8,2,1434,3412
3,8,2,1435,3144
3,8,2,1436,29685
3,8,2,1437,3270
3,8,2,1438,3362
3,8,2,1439,3191
3,8,2,1440,3195
3,8,2,1441,3252
3,8,2,1442,3320
3,8,2,1443,3266
3,8,2,1444,3350
3,8,2,1445,3504
3,8,2,1446,3596
3,8,2,1447,3478
3,8,2,1448,4010
3,8,2,1449,3948
3,8,2,1450,3328
3,8,2,1451,3376
3,8,2,1452,3229
3,8,2,1453,3163
3,8,2,1454,3234
3,8,2,1455,3690
3,8,2,1456,3495
3,8,2,1457,3703
3,8,2,1458,3379
3,8,2,1459,3686
3,8,2,1460,3323
3,8,2,1461,3740
3,8,2,1462,3361
3,8,2,1463,3394
3,8,2,1464,3143
3,8,2,1465,3665
3,8,2,1466,3134
3,8,2,1467,2769
3,8,2,1468,2658
3,8,2,1469,2842
3,8,2,1470,3120
3,8,2,1471,3378
3,8,2,1472,3144
3,8,2,1473,3221
3,8,2,1474,3103
3,8,2,1475,3271
3,8,2,1476,3256
3,8,2,1477,3342
3,8,2,1478,3340
3,8,2,1479,3202
3,8,2,1480,3293
3,8,2,1481,3765
3,8,2,1482,3431
3,8,2,1483,3093
3,8,2,1484,3312
3,8,2,1485,3442
3,8,2,1486,3300
3,8,2,1487,2948
3,8,2,1488,3129
3,8,2,1489,3085
3,8,2,1490,279863
3,8,2,1491,3874
3,8,2,1492,3645
3,8,2,1493,3155
3,8,2,1494,3586
3,8,2,1495,3236
3,8,2,1496,3306
3,8,2,1497,3018
3,8,2,1498,184828829
3,8,2,1499,3830
3,8,2,1500,4058
3,8,2,1501,3198
3,8,2,1502,2783
3,8,2,1503,185394502
3,8,2,1504,2289
3,8,2,1505,1556
3,8,2,1506,2003
3,8,2,1507,2295
3,8,2,1508,1317
3,8,2,1509,1854
3,8,2,1510,1338
3,8,2,1511,1306
3,8,2,1512,2015
3,8,2,1513,1281
3,8,2,1514,1080
3,8,2,1515,1601
3,8,2,1516,1201
3,8,2,1517,1377
3,8,2,1518,1092
3,8,2,1519,1177
3,8,2,1520,1150
3,8,2,1521,1025
3,8,2,1522,1075
3,8,2,1523,900
3,8,2,1524,994
3,8,2,1525,970
3,8,2,1526,1677
3,8,2,1527,2978
3,8,2,1528,2471
3,8,2,1529,2537
3,8,2,1530,2110
3,8,2,1531,2151
3,8,2,1532,1943
3,8,2,1533,2346
3,8,2,1534,2418
3,8,2,1535,2232
3,8,2,1536,3371
3,8,2,1537,2385
3,8,2,1538,2418
3,8,2,1539,954
3,8,2,1540,1239
3,8,2,1541,2920
3,8,2,1542,1817
3,8,2,1543,2170
3,8,2,1544,2047
3,8,2,1545,2083
3,8,2,1546,2070
3,8,2,1547,1991
3,8,2,1548,2047
3,8,2,1549,2033
3,8,2,1550,1958
3,8,2,1551,2177
3,8,2,1552,1099
3,8,2,1553,3323
3,8,2,1554,2119
3,8,2,1555,2388
3,8,2,1556,2053
3,8,2,1557,1960
3,8,2,1558,2902
3,8,2,1559,2814
3,8,2,1560,1698
3,8,2,1561,1193
3,8,2,1562,1336
3,8,2,1563,3151
3,8,2,1564,1359
3,8,2,1565,1163
3,8,2,1566,1052
3,8,2,1567,1023
3,8,2,1568,1551
3,8,2,1569,2863
3,8,2,1570,3325
3,8,2,1571,4627
3,8,2,1572,2593
3,8,2,1573,2812
3,8,2,1574,2162
3,8,2,1575,1065
3,8,2,1576,1144
3,8,2,1577,3171
3,8,2,1578,2093
3,8,2,1579,2369
3,8,2,1580,1401
3,8,2,1581,971
3,8,2,1582,924
3,8,2,1583,995
3,8,2,1584,956
3,8,2,1585,1232
3,8,2,1586,3476
3,8,2,1587,3274
3,8,2,1588,2878
3,8,2,1589,2712
3,8,2,1590,3044
3,8,2,1591,2441
3,8,2,1592,2365
3,8,2,1593,2140
3,8,2,1594,2004
3,8,2,1595,945
3,8,2,1596,3407
3,8,2,1597,1283
3,8,2,1598,1532
3,8,2,1599,1213
3,8,2,1600,1476
3,8,2,1601,1133
3,8,2,1602,1570
3,8,2,1603,1025
3,8,2,1604,1102
3,8,2,1605,1237
3,8,2,1606,4172
3,8,2,1607,2287
3,8,2,1608,1385
3,8,2,1609,2325
3,8,2,1610,1622
3,8,2,1611,4035
3,8,2,1612,1519
3,8,2,1613,2271
3,8,2,1614,1362
3,8,2,1615,1004
3,8,2,1616,976
3,8,2,1617,1228
3,8,2,1618,1119
3,8,2,1619,3936
3,8,2,1620,1829
3,8,2,1621,1532
3,8,2,1622,1663
3,8,2,1623,1408
3,8,2,1624,1203
3,8,2,1625,1127
3,8,2,1626,1118
3,8,2,1627,933
3,8,2,1628,995
3,8,2,1629,1234
3,8,2,1630,4641
3,8,2,1631,3431
3,8,2,1632,2266
3,8,2,1633,2030
3,8,2,1634,2210
3,8,2,1635,1175
3,8,2,1636,2609
3,8,2,1637,1286
3,8,2,1638,1865
3,8,2,1639,1023
3,8,2,1640,1565
3,8,2,1641,1018
3,8,2,1642,1160
3,8,2,1643,2596
3,8,2,1644,1479
3,8,2,1645,1534
3,8,2,1646,4987
3,8,2,1647,3188
3,8,2,1648,2671
3,8,2,1649,2273
3,8,2,1650,2182
3,8,2,1651,2130
3,8,2,1652,2196
3,8,2,1653,2214
3,8,2,1654,2111
3,8,2,1655,2143
3,8,2,1656,1935
3,8,2,1657,1571
3,8,2,1658,1181
3,8,2,1659,918
3,8,2,1660,1004
3,8,2,1661,1062
3,8,2,1662,922
3,8,2,1663,1051
3,8,2,1664,1213
3,8,2,1665,4402
3,8,2,1666,4042
3,8,2,1667,2964
3,8,2,1668,1362
3,8,2,1669,1181
3,8,2,1670,1451
3,8,2,1671,1051
3,8,2,1672,1060
3,8,2,1673,3148
3,8,2,1674,2376
3,8,2,1675,4411
3,8,2,1676,2477
3,8,2,1677,2681
3,8,2,1678,2217
3,8,2,1679,2457
3,8,2,1680,3112
3,8,2,1681,1656
3,8,2,1682,1070
3,8,2,1683,1049
3,8,2,1684,982
3,8,2,1685,1729
3,8,2,1686,1060
3,8,2,1687,1126
3,8,2,1688,943
3,8,2,1689,1330
3,8,2,1690,4359
3,8,2,1691,2183
3,8,2,1692,2475
3,8,2,1693,2110
3,8,2,1694,2143
3,8,2,1695,2189
3,8,2,1696,1207
3,8,2,1697,3048
3,8,2,1698,2290
3,8,2,1699,2297
3,8,2,1700,2060
3,8,2,1701,2326
3,8,2,1702,2027
3,8,2,1703,2105
3,8,2,1704,1046
3,8,2,1705,987
3,8,2,1706,929
3,8,2,1707,2880
3,8,2,1708,1951
3,8,2,1709,2295
3,8,2,1710,2321
3,8,2,1711,3243
3,8,2,1712,2857
3,8,2,1713,998
3,8,2,1714,2475
3,8,2,1715,2156
3,8,2,1716,2313
3,8,2,1717,2030
3,8,2,1718,1821
3,8,2,1719,2138
3,8,2,1720,2001
3,8,2,1721,1988
3,8,2,1722,2661
3,8,2,1723,2550
3,8,2,1724,2427
3,8,2,1725,2379
3,8,2,1726,2161
3,8,2,1727,2353
3,8,2,1728,2000
3,8,2,1729,2077
3,8,2,1730,2067
3,8,2,1731,1884
3,8,2,1732,2590
3,8,2,1733,1445
3,8,2,1734,1089
3,8,2,1735,3570
3,8,2,1736,1731
3,8,2,1737,2671
3,8,2,1738,2171
3,8,2,1739,2030
3,8,2,1740,2223
3,8,2,1741,2344
3,8,2,1742,1017
3,8,2,1743,2674
3,8,2,1744,2275
3,8,2,1745,2165
3,8,2,1746,1922
3,8,2,1747,1975
3,8,2,1748,2229
3,8,2,1749,2148
3,8,2,1750,2253
3,8,2,1751,2015
3,8,2,1752,2131
3,8,2,1753,2092
3,8,2,1754,2140
3,8,2,1755,2127
3,8,2,1756,2044
3,8,2,1757,2165
3,8,2,1758,2110
3,8,2,1759,2210
3,8,2,1760,1404
3,8,2,1761,2682
3,8,2,1762,2235
3,8,2,1763,2169
3,8,2,1764,2010
3,8,2,1765,2183
3,8,2,1766,981
3,8,2,1767,2327
3,8,2,1768,1968
3,8,2,1769,2099
3,8,2,1770,1953
3,8,2,1771,2083
3,8,2,1772,2122
3,8,2,1773,2109
3,8,2,1774,2587
3,8,2,1775,2598
3,8,2,1776,2545
3,8,2,1777,2419
3,8,2,1778,2218
3,8,2,1779,2399
3,8,2,1780,1124
3,8,2,1781,1989
3,8,2,1782,2276
3,8,2,1783,1308
3,8,2,1784,1003
3,8,2,1785,969
3,8,2,1786,1796
3,8,2,1787,1452
3,8,2,1788,1077
3,8,2,1789,917
3,8,2,1790,867
3,8,2,1791,1145
3,8,2,1792,972
3,8,2,1793,1184
3,8,2,1794,990
3,8,2,1795,965
3,8,2,1796,2131
3,8,2,1797,4802
3,8,2,1798,2513
3,8,2,1799,1174
3,8,2,1800,1073
3,8,2,1801,1011
3,8,2,1802,1089
3,8,2,1803,1282
3,8,2,1804,2010
3,8,2,1805,1214
3,8,2,1806,964
3,8,2,1807,1117
3,8,2,1808,4590
3,8,2,1809,2404
3,8,2,1810,1204
3,8,2,1811,970
3,8,2,1812,3633
3,8,2,1813,2200
3,8,2,1814,2623
3,8,2,1815,2071
3,8,2,1816,2119
3,8,2,1817,2058
3,8,2,1818,2002
3,8,2,1819,2122
3,8,2,1820,1983
3,8,2,1821,2112
3,8,2,1822,2138
3,8,2,1823,1295
3,8,2,1824,1008
3,8,2,1825,953
3,8,2,1826,1065
3,8,2,1827,1070
3,8,2,1828,4272
3,8,2,1829,2037
3,8,2,1830,2275
3,8,2,1831,2216
3,8,2,1832,1245
3,8,2,1833,1121
3,8,2,1834,1523
3,8,2,1835,1062
3,8,2,1836,1008
3,8,2,1837,920
3,8,2,1838,932
3,8,2,1839,989
3,8,2,1840,1024
3,8,2,1841,4950
3,8,2,1842,132115
3,8,2,1843,2538
3,8,2,1844,1368
3,8,2,1845,2859
3,8,2,1846,1723
3,8,2,1847,1583
3,8,2,1848,1433
3,8,2,1849,1050
3,8,2,1850,1327
3,8,2,1851,1139
3,8,2,1852,989
3,8,2,1853,1290
3,8,2,1854,1228
3,8,2,1855,1440
3,8,2,1856,3241
3,8,2,1857,4754
3,8,2,1858,2353
3,8,2,1859,2311
3,8,2,1860,2481
3,8,2,1861,1071
3,8,2,1862,1047
3,8,2,1863,2887
3,8,2,1864,1896
3,8,2,1865,2258
3,8,2,1866,1194
3,8,2,1867,2501
3,8,2,1868,976
3,8,2,1869,2353
3,8,2,1870,1272
3,8,2,1871,1015
3,8,2,1872,1976
3,8,2,1873,1360
3,8,2,1874,4090
3,8,2,1875,1361
3,8,2,1876,2258
3,8,2,1877,2103
3,8,2,1878,2006
3,8,2,1879,2118
3,8,2,1880,1995
3,8,2,1881,2430
3,8,2,1882,2786
3,8,2,1883,2356
3,8,2,1884,2111
3,8,2,1885,2074
3,8,2,1886,2120
3,8,2,1887,2115
3,8,2,1888,1050
3,8,2,1889,1287
3,8,2,1890,2550
3,8,2,1891,1974
3,8,2,1892,2099
3,8,2,1893,2088
3,8,2,1894,4680
3,8,2,1895,2953
3,8,2,1896,2208
3,8,2,1897,2472
3,8,2,1898,2527
3,8,2,1899,2051
3,8,2,1900,1980
3,8,2,1901,2063
3,8,2,1902,2034
3,8,2,1903,2262
3,8,2,1904,2024
3,8,2,1905,2138
3,8,2,1906,2603
3,8,2,1907,2534
3,8,2,1908,2433
3,8,2,1909,1437
3,8,2,1910,2248
3,8,2,1911,1140
3,8,2,1912,2152
3,8,2,1913,2022
3,8,2,1914,2145
3,8,2,1915,5429
3,8,2,1916,2226
3,8,2,1917,874
3,8,2,1918,1072
3,8,2,1919,2304
3,8,2,1920,1619
3,8,2,1921,2406
3,8,2,1922,2071
3,8,2,1923,2461
3,8,2,1924,2898
3,8,2,1925,3197
3,8,2,1926,2721
3,8,2,1927,2370
3,8,2,1928,2252
3,8,2,1929,2145
3,8,2,1930,2072
3,8,2,1931,2067
3,8,2,1932,2187
3,8,2,1933,2187
3,8,2,1934,1628
3,8,2,1935,2973
3,8,2,1936,1311
3,8,2,1937,2542
3,8,2,1938,1652
3,8,2,1939,2137
3,8,2,1940,2071
3,8,2,1941,2110
3,8,2,1942,1924
3,8,2,1943,1913
3,8,2,1944,1961
3,8,2,1945,2153
3,8,2,1946,2127
3,8,2,1947,2420
3,8,2,1948,2453
3,8,2,1949,2390
3,8,2,1950,1509
3,8,2,1951,2524
3,8,2,1952,2126
3,8,2,1953,2177
3,8,2,1954,1994
3,8,2,1955,2151
3,8,2,1956,2509
3,8,2,1957,2167
3,8,2,1958,2232
3,8,2,1959,2172
3,8,2,1960,2122
3,8,2,1961,2227
3,8,2,1962,2168
3,8,2,1963,2252
3,8,2,1964,1620
3,8,2,1965,2369
3,8,2,1966,2061
3,8,2,1967,2327
3,8,2,1968,2171
3,8,2,1969,2084
3,8,2,1970,2035
3,8,2,1971,2040
3,8,2,1972,2151
3,8,2,1973,2004
3,8,2,1974,2351
3,8,2,1975,2057
3,8,2,1976,2270
3,8,2,1977,2130
3,8,2,1978,2401
3,8,2,1979,2394
3,8,2,1980,2940
3,8,2,1981,2660
3,8,2,1982,2443
3,8,2,1983,2333
3,8,2,1984,2498
3,8,2,1985,2341
3,8,2,1986,2462
3,8,2,1987,2349
3,8,2,1988,2395
3,8,2,1989,2272
3,8,2,1990,2844
3,8,2,1991,3160
3,8,2,1992,1991
3,8,2,1993,1379
3,8,2,1994,2116
3,8,2,1995,1655
3,8,2,1996,1117
3,8,2,1997,1020
3,8,2,1998,1006
3,8,2,1999,1015
4,8,2,0,7037
4,8,2,1,7346
4,8,2,2,4091
4,8,2,3,3789
4,8,2,4,3971
4,8,2,5,3099
4,8,2,6,24815
4,8,2,7,3488
4,8,2,8,3642
4,8,2,9,2768
4,8,2,10,2657
4,8,2,11,2348
4,8,2,12,3421
4,8,2,13,2615
4,8,2,14,2548
4,8,2,15,2486
4,8,2,16,2405
4,8,2,17,2251
4,8,2,18,3380
4,8,2,19,2441
4,8,2,20,5623
4,8,2,21,2515
4,8,2,22,3499
4,8,2,23,2760
4,8,2,24,1587
4,8,2,25,3040
4,8,2,26,3550
4,8,2,27,3559
4,8,2,28,2661
4,8,2,29,2838
4,8,2,30,2456
4,8,2,31,2609
4,8,2,32,2414
4,8,2,33,2095
4,8,2,34,3764
4,8,2,35,2508
4,8,2,36,2670
4,8,2,37,2514
4,8,2,38,3151
4,8,2,39,2518
4,8,2,40,2987
4,8,2,41,2426
4,8,2,42,2435
4,8,2,43,2286
4,8,2,44,2373
4,8,2,45,3203
4,8,2,46,2444
4,8,2,47,2626
4,8,2,48,2596
4,8,2,49,2406
4,8,2,50,2239
4,8,2,51,2337
4,8,2,52,2616
4,8,2,53,3410
4,8,2,54,2563
4,8,2,55,2420
4,8,2,56,3353
4,8,2,57,3112
4,8,2,58,3174
4,8,2,59,1842
4,8,2,60,2993
4,8,2,61,2493
4,8,2,62,2998
4,8,2,63,2380
4,8,2,64,2872
4,8,2,65,2471
4,8,2,66,1992
4,8,2,67,2851
4,8,2,68,1853
4,8,2,69,1611
4,8,2,70,4560
4,8,2,71,3079
4,8,2,72,1805
4,8,2,73,1398
4,8,2,74,3295
4,8,2,75,2566
4,8,2,76,3773
4,8,2,77,2422
4,8,2,78,2729
4,8,2,79,2552
4,8,2,80,2969
4,8,2,81,2751
4,8,2,82,2463
4,8,2,83,3805
4,8,2,84,2865
4,8,2,85,2931
4,8,2,86,2717
4,8,2,87,2888
4,8,2,88,2991
4,8,2,89,2599
4,8,2,90,2436
4,8,2,91,2540
4,8,2,92,2402
4,8,2,93,2538
4,8,2,94,2195
4,8,2,95,2330
4,8,2,96,2714
4,8,2,97,2501
4,8,2,98,2116
4,8,2,99,2098
4,8,2,100,3062
4,8,2,101,2488
4,8,2,102,2511
4,8,2,103,2279
4,8,2,104,2329
4,8,2,105,2548
4,8,2,106,2689
4,8,2,107,2485
4,8,2,108,2934
4,8,2,109,2518
4,8,2,110,2384
4,8,2,111,2264
4,8,2,112,2583
4,8,2,113,2273
4,8,2,114,2589
4,8,2,115,3109
4,8,2,116,271119
4,8,2,117,2507
4,8,2,118,2753
4,8,2,119,2392
4,8,2,120,1740
4,8,2,121,1106
4,8,2,122,3237
4,8,2,123,2508
4,8,2,124,2806
4,8,2,125,2386
4,8,2,126,2132
4,8,2,127,2882
4,8,2,128,2085
4,8,2,129,2709
4,8,2,130,2219
4,8,2,131,1505
4,8,2,132,1512
4,8,2,133,1662
4,8,2,134,1347
4,8,2,135,3073
4,8,2,136,2150
4,8,2,137,3436
4,8,2,138,2849
4,8,2,139,3566
4,8,2,140,2691
4,8,2,141,2607
4,8,2,142,2058
4,8,2,143,1541
4,8,2,144,2691
4,8,2,145,2302
4,8,2,146,3628
4,8,2,147,3036
4,8,2,148,2730
4,8,2,149,2417
4,8,2,150,2498
4,8,2,151,2392
4,8,2,152,3342
4,8,2,153,2421
4,8,2,154,2367
4,8,2,155,2150
4,8,2,156,1896
4,8,2,157,57882
4,8,2,158,2099
4,8,2,159,3533
4,8,2,160,2387
4,8,2,161,1511
4,8,2,162,1688
4,8,2,163,1608
4,8,2,164,1696
4,8,2,165,4604
4,8,2,166,2538
4,8,2,167,1644
4,8,2,168,3953
4,8,2,169,2265
4,8,2,170,1685
4,8,2,171,1049
4,8,2,172,1565
4,8,2,173,3432
4,8,2,174,2320
4,8,2,175,2127
4,8,2,176,3434
4,8,2,177,2423
4,8,2,178,2767
4,8,2,179,2045
4,8,2,180,3346
4,8,2,181,2484
4,8,2,182,1714
4,8,2,183,2743
4,8,2,184,2424
4,8,2,185,5306
4,8,2,186,4517
4,8,2,187,3105
4,8,2,188,2005
4,8,2,189,1743
4,8,2,190,1653
4,8,2,191,5519
4,8,2,192,2714
4,8,2,193,1968
4,8,2,194,1845
4,8,2,195,4232
4,8,2,196,2560
4,8,2,197,1829
4,8,2,198,4135
4,8,2,199,2636
4,8,2,200,3029
4,8,2,201,2273
4,8,2,202,1704
4,8,2,203,3072
4,8,2,204,2241
4,8,2,205,2887
4,8,2,206,2458
4,8,2,207,3188
4,8,2,208,2399
4,8,2,209,3035
4,8,2,210,2678
4,8,2,211,3275
4,8,2,212,1645
4,8,2,213,2933
4,8,2,214,2450
4,8,2,215,2693
4,8,2,216,2527
4,8,2,217,3080
4,8,2,218,2218
4,8,2,219,2574
4,8,2,220,2147
4,8,2,221,2107
4,8,2,222,2399
4,8,2,223,3503
4,8,2,224,2593
4,8,2,225,3236
4,8,2,226,2193
4,8,2,227,3513
4,8,2,228,2247
4,8,2,229,1818
4,8,2,230,3391
4,8,2,231,2214
4,8,2,232,3066
4,8,2,233,2024
4,8,2,234,1567
4,8,2,235,3078
4,8,2,236,1668
4,8,2,237,1944
4,8,2,238,1699
4,8,2,239,77127
4,8,2,240,2092
4,8,2,241,1248
4,8,2,242,1757
4,8,2,243,1881
4,8,2,244,1712
4,8,2,245,1583
4,8,2,246,1031
4,8,2,247,1787
4,8,2,248,1738
4,8,2,249,1680
4,8,2,250,1822
4,8,2,251,1726
4,8,2,252,1793
4,8,2,253,1587
4,8,2,254,2466
4,8,2,255,2392
4,8,2,256,5281
4,8,2,257,2847
4,8,2,258,3685
4,8,2,259,2284
4,8,2,260,3015
4,8,2,261,2570
4,8,2,262,3340
4,8,2,263,2889
4,8,2,264,3729
4,8,2,265,2761
4,8,2,266,1809
4,8,2,267,3331
4,8,2,268,2126
4,8,2,269,2441
4,8,2,270,2516
4,8,2,271,4018
4,8,2,272,2379
4,8,2,273,3020
4,8,2,274,2660
4,8,2,275,2595
4,8,2,276,2900
4,8,2,277,3457
4,8,2,278,2689
4,8,2,279,2596
4,8,2,280,2730
4,8,2,281,3170
4,8,2,282,2653
4,8,2,283,3817
4,8,2,284,2704
4,8,2,285,1975
4,8,2,286,3129
4,8,2,287,2599
4,8,2,288,3333
4,8,2,289,2376
4,8,2,290,2584
4,8,2,291,2457
4,8,2,292,2439
4,8,2,293,2359
4,8,2,294,3394
4,8,2,295,2483
4,8,2,296,2901
4,8,2,297,2715
4,8,2,298,2601
4,8,2,299,2746
4,8,2,300,1690
4,8,2,301,3354
4,8,2,302,3005
4,8,2,303,2748
4,8,2,304,3689
4,8,2,305,2487
4,8,2,306,3358
4,8,2,307,3017
4,8,2,308,3082
4,8,2,309,2570
4,8,2,310,2533
4,8,2,311,2442
4,8,2,312,2647
4,8,2,313,3158
4,8,2,314,3304
4,8,2,315,2483
4,8,2,316,1720
4,8,2,317,2907
4,8,2,318,3068
4,8,2,319,2798
4,8,2,320,2767
4,8,2,321,3289
4,8,2,322,2599
4,8,2,323,2678
4,8,2,324,185680
4,8,2,325,2481
4,8,2,326,2980
4,8,2,327,1742
4,8,2,328,2709
4,8,2,329,2715
4,8,2,330,3062
4,8,2,331,3077
4,8,2,332,1623
4,8,2,333,2759
4,8,2,334,2664
4,8,2,335,1666
4,8,2,336,2938
4,8,2,337,3159
4,8,2,338,2515
4,8,2,339,1646
4,8,2,340,1706
4,8,2,341,3179
4,8,2,342,2927
4,8,2,343,2788
4,8,2,344,2532
4,8,2,345,2153
4,8,2,346,2657
4,8,2,347,1725
4,8,2,348,3605
4,8,2,349,2580
4,8,2,350,2908
4,8,2,351,2846
4,8,2,352,3076
4,8,2,353,2148
4,8,2,354,2603
4,8,2,355,3051
4,8,2,356,2737
4,8,2,357,2884
4,8,2,358,2745
4,8,2,359,2547
4,8,2,360,2763
4,8,2,361,3318
4,8,2,362,2810
4,8,2,363,2443
4,8,2,364,2469
4,8,2,365,3349
4,8,2,366,2941
4,8,2,367,1911
4,8,2,368,2958
4,8,2,369,2324
4,8,2,370,3177
4,8,2,371,2207
4,8,2,372,2143
4,8,2,373,2491
4,8,2,374,2214
4,8,2,375,3227
4,8,2,376,2368
4,8,2,377,1743
4,8,2,378,2522
4,8,2,379,2784
4,8,2,380,3424
4,8,2,381,2743
4,8,2,382,55352
4,8,2,383,2560
4,8,2,384,2800
4,8,2,385,2593
4,8,2,386,1786
4,8,2,387,2619
4,8,2,388,2478
4,8,2,389,2568
4,8,2,390,2089
4,8,2,391,3406
4,8,2,392,2876
4,8,2,393,2598
4,8,2,394,2593
4,8,2,395,2930
4,8,2,396,2464
4,8,2,397,3166
4,8,2,398,2519
4,8,2,399,2720
4,8,2,400,2425
4,8,2,401,2903
4,8,2,402,2685
4,8,2,403,1917
4,8,2,404,2726
4,8,2,405,2546
4,8,2,406,2988
4,8,2,407,2414
4,8,2,408,2733
4,8,2,409,2470
4,8,2,410,3046
4,8,2,411,2645
4,8,2,412,3648
4,8,2,413,3306
4,8,2,414,2068
4,8,2,415,3647
4,8,2,416,2422
4,8,2,417,2912
4,8,2,418,2230
4,8,2,419,2836
4,8,2,420,2444
4,8,2,421,2649
4,8,2,422,2174
4,8,2,423,2564
4,8,2,424,2514
4,8,2,425,2481
4,8,2,426,2441
4,8,2,427,2421
4,8,2,428,2443
4,8,2,429,2545
4,8,2,430,2354
4,8,2,431,2555
4,8,2,432,2306
4,8,2,433,1601
4,8,2,434,2641
4,8,2,435,2756
4,8,2,436,2714
4,8,2,437,2274
4,8,2,438,2822
4,8,2,439,2446
4,8,2,440,2402
4,8,2,441,2238
4,8,2,442,2839
4,8,2,443,2318
4,8,2,444,2260
4,8,2,445,1792
4,8,2,446,2880
4,8,2,447,1981
4,8,2,448,2246
4,8,2,449,3206
4,8,2,450,2491
4,8,2,451,2317
4,8,2,452,2886
4,8,2,453,2945
4,8,2,454,2957
4,8,2,455,2504
4,8,2,456,52182167
4,8,2,457,2678
4,8,2,458,3439
4,8,2,459,2344
4,8,2,460,2624
4,8,2,461,1988
4,8,2,462,3106
4,8,2,463,2497
4,8,2,464,2672
4,8,2,465,2405
4,8,2,466,2611
4,8,2,467,2381
4,8,2,468,1620
4,8,2,469,3184
4,8,2,470,2133
4,8,2,471,1534
4,8,2,472,2933
4,8,2,473,2493
4,8,2,474,2635
4,8,2,475,1804
4,8,2,476,1325
4,8,2,477,3888
4,8,2,478,2469
4,8,2,479,3023
4,8,2,480,1957
4,8,2,481,2342
4,8,2,482,2164
4,8,2,483,2920
4,8,2,484,2217
4,8,2,485,2744
4,8,2,486,1887
4,8,2,487,2771
4,8,2,488,2045
4,8,2,489,2222
4,8,2,490,1952
4,8,2,491,2335
4,8,2,492,2025
4,8,2,493,2748
4,8,2,494,3734
4,8,2,495,2264
4,8,2,496,1633
4,8,2,497,4869
4,8,2,498,2297
4,8,2,499,1551
4,8,2,500,3555
4,8,2,501,2073
4,8,2,502,1484
4,8,2,503,1919
4,8,2,504,1731
4,8,2,505,1098
4,8,2,506,1890
4,8,2,507,1293
4,8,2,508,1053
4,8,2,509,3681
4,8,2,510,5219
4,8,2,511,2358
4,8,2,512,2415
4,8,2,513,3220
4,8,2,514,1281
4,8,2,515,1427
4,8,2,516,1433
4,8,2,517,1108
4,8,2,518,1054
4,8,2,519,1186
4,8,2,520,1048
4,8,2,521,1285
4,8,2,522,1103
4,8,2,523,2060
4,8,2,524,1618
4,8,2,525,1132
4,8,2,526,1514
4,8,2,527,1925
4,8,2,528,1141
4,8,2,529,1026
4,8,2,530,2176
4,8,2,531,1839
4,8,2,532,1172
4,8,2,533,2088
4,8,2,534,1563
4,8,2,535,4598
4,8,2,536,2325
4,8,2,537,2953
4,8,2,538,2557
4,8,2,539,1866
4,8,2,540,1402
4,8,2,541,1182
4,8,2,542,1107
4,8,2,543,1745
4,8,2,544,4342
4,8,2,545,5146
4,8,2,546,2635
4,8,2,547,2790
4,8,2,548,2407
4,8,2,549,2709
4,8,2,550,2028
4,8,2,551,1510
4,8,2,552,1062
4,8,2,553,2040
4,8,2,554,1387
4,8,2,555,3967
4,8,2,556,2416
4,8,2,557,3242
4,8,2,558,1978
4,8,2,559,3145
4,8,2,560,2214
4,8,2,561,1916
4,8,2,562,1216
4,8,2,563,1118
4,8,2,564,2546
4,8,2,565,2183
4,8,2,566,2587
4,8,2,567,2611
4,8,2,568,3283
4,8,2,569,2605
4,8,2,570,2847
4,8,2,571,2133
4,8,2,572,2458
4,8,2,573,25895
4,8,2,574,3399
4,8,2,575,2489
4,8,2,576,2003
4,8,2,577,3095
4,8,2,578,1775
4,8,2,579,2024
4,8,2,580,1299
4,8,2,581,2212
4,8,2,582,2781
4,8,2,583,2171
4,8,2,584,72265140
4,8,2,585,2217
4,8,2,586,1574
4,8,2,587,1671
4,8,2,588,1529
4,8,2,589,1073
4,8,2,590,3810
4,8,2,591,1555
4,8,2,592,4228
4,8,2,593,2659
4,8,2,594,2418
4,8,2,595,1700
4,8,2,596,2392
4,8,2,597,2417
4,8,2,598,2063
4,8,2,599,2348
4,8,2,600,3246
4,8,2,601,1877
4,8,2,602,4100
4,8,2,603,2261
4,8,2,604,3191
4,8,2,605,3275
4,8,2,606,1706
4,8,2,607,2691
4,8,2,608,4258
4,8,2,609,3029
4,8,2,610,2523
4,8,2,611,2443
4,8,2,612,2773
4,8,2,613,2578
4,8,2,614,2500
4,8,2,615,2234
4,8,2,616,3652
4,8,2,617,3594
4,8,2,618,3006
4,8,2,619,2361
4,8,2,620,3590
4,8,2,621,4653
4,8,2,622,2216
4,8,2,623,2876
4,8,2,624,2626
4,8,2,625,2827
4,8,2,626,3926
4,8,2,627,1994
4,8,2,628,1529
4,8,2,629,1674
4,8,2,630,1107
4,8,2,631,1432
4,8,2,632,1200
4,8,2,633,1540
4,8,2,634,1658
4,8,2,635,1296
4,8,2,636,1107
4,8,2,637,1528
4,8,2,638,4408
4,8,2,639,2571
4,8,2,640,4183
4,8,2,641,2317
4,8,2,642,3854
4,8,2,643,2375
4,8,2,644,2571
4,8,2,645,3566
4,8,2,646,2163
4,8,2,647,3875
4,8,2,648,2417
4,8,2,649,1794
4,8,2,650,1324
4,8,2,651,1548
4,8,2,652,1027
4,8,2,653,1254
4,8,2,654,1041
4,8,2,655,1079
4,8,2,656,1323
4,8,2,657,1215
4,8,2,658,966
4,8,2,659,2213
4,8,2,660,4240
4,8,2,661,2198
4,8,2,662,2861
4,8,2,663,3532
4,8,2,664,2456
4,8,2,665,1246
4,8,2,666,1772
4,8,2,667,1966
4,8,2,668,1457
4,8,2,669,3225
4,8,2,670,2736
4,8,2,671,3537
4,8,2,672,2288
4,8,2,673,2891
4,8,2,674,2282
4,8,2,675,3275
4,8,2,676,2173
4,8,2,677,1644
4,8,2,678,3762
4,8,2,679,2645
4,8,2,680,3531
4,8,2,681,2089
4,8,2,682,3238
4,8,2,683,2325
4,8,2,684,3189
4,8,2,685,19539
4,8,2,686,3141
4,8,2,687,2060
4,8,2,688,3102
4,8,2,689,2324
4,8,2,690,3169
4,8,2,691,2184
4,8,2,692,3273
4,8,2,693,2237
4,8,2,694,3324
4,8,2,695,1967
4,8,2,696,2956
4,8,2,697,2265
4,8,2,698,2964
4,8,2,699,1916
4,8,2,700,3059
4,8,2,701,2113
4,8,2,702,3284
4,8,2,703,2418
4,8,2,704,3077
4,8,2,705,2128
4,8,2,706,1483
4,8,2,707,3585
4,8,2,708,2244
4,8,2,709,3975
4,8,2,710,2487
4,8,2,711,3317
4,8,2,712,2640
4,8,2,713,3209
4,8,2,714,1801
4,8,2,715,3048
4,8,2,716,2324
4,8,2,717,3115
4,8,2,718,1675
4,8,2,719,2409
4,8,2,720,2186
4,8,2,721,2266
4,8,2,722,2948
4,8,2,723,1210
4,8,2,724,3987
4,8,2,725,2357
4,8,2,726,3559
4,8,2,727,2389
4,8,2,728,3273
4,8,2,729,2440
4,8,2,730,2703
4,8,2,731,2387
4,8,2,732,2909
4,8,2,733,2166
4,8,2,734,2620
4,8,2,735,2800
4,8,2,736,3107
4,8,2,737,2041
4,8,2,738,1525
4,8,2,739,3047
4,8,2,740,2059
4,8,2,741,3022
4,8,2,742,2029
4,8,2,743,1855
4,8,2,744,3116
4,8,2,745,2271
4,8,2,746,1645
4,8,2,747,3396
4,8,2,748,2353
4,8,2,749,2777
4,8,2,750,2262
4,8,2,751,4278
4,8,2,752,2151
4,8,2,753,1484
4,8,2,754,2945
4,8,2,755,4740
4,8,2,756,2419
4,8,2,757,1396
4,8,2,758,1918
4,8,2,759,1847
4,8,2,760,5340
4,8,2,761,2901
4,8,2,762,3639
4,8,2,763,2336
4,8,2,764,2655
4,8,2,765,3547
4,8,2,766,2488
4,8,2,767,2336
4,8,2,768,2224
4,8,2,769,1653
4,8,2,770,5665
4,8,2,771,2571
4,8,2,772,3371
4,8,2,773,1998
4,8,2,774,3382
4,8,2,775,2456
4,8,2,776,1671
4,8,2,777,1883
4,8,2,778,1782
4,8,2,779,1663
4,8,2,780,5240
4,8,2,781,3116
4,8,2,782,3601
4,8,2,783,2484
4,8,2,784,1701
4,8,2,785,2378
4,8,2,786,1510
4,8,2,787,1283
4,8,2,788,1786
4,8,2,789,5114
4,8,2,790,2354
4,8,2,791,3091
4,8,2,792,2166
4,8,2,793,3391
4,8,2,794,2207
4,8,2,795,2724
4,8,2,796,2297
4,8,2,797,3471
4,8,2,798,2617
4,8,2,799,1691
4,8,2,800,1520
4,8,2,801,4207
4,8,2,802,2404
4,8,2,803,2632
4,8,2,804,1972
4,8,2,805,1469
4,8,2,806,1683
4,8,2,807,3442
4,8,2,808,1869
4,8,2,809,964
4,8,2,810,2468
4,8,2,811,3969
4,8,2,812,2266
4,8,2,813,3876
4,8,2,814,2767
4,8,2,815,1606
4,8,2,816,1571
4,8,2,817,94575
4,8,2,818,2485
4,8,2,819,1580
4,8,2,820,3505
4,8,2,821,2241
4,8,2,822,3431
4,8,2,823,1998
4,8,2,824,1549
4,8,2,825,3611
4,8,2,826,2366
4,8,2,827,3073
4,8,2,828,2052
4,8,2,829,3052
4,8,2,830,2256
4,8,2,831,3228
4,8,2,832,2151
4,8,2,833,2010
4,8,2,834,2950
4,8,2,835,2340
4,8,2,836,3025
4,8,2,837,2341
4,8,2,838,67907
4,8,2,839,2171
4,8,2,840,3555
4,8,2,841,1831
4,8,2,842,2229
4,8,2,843,3961
4,8,2,844,2293
4,8,2,845,1338
4,8,2,846,3520
4,8,2,847,3098
4,8,2,848,2374
4,8,2,849,1860
4,8,2,850,2437
4,8,2,851,3546
4,8,2,852,3190
4,8,2,853,2886
4,8,2,854,1896
4,8,2,855,3813
4,8,2,856,2537
4,8,2,857,2873
4,8,2,858,2229
4,8,2,859,2807
4,8,2,860,1781
4,8,2,861,2427
4,8,2,862,2123
4,8,2,863,3715
4,8,2,864,2020
4,8,2,865,1860
4,8,2,866,1546
4,8,2,867,1864
4,8,2,868,1676
4,8,2,869,1761
4,8,2,870,1556
4,8,2,871,1897
4,8,2,872,117860107
4,8,2,873,1979
4,8,2,874,1738
4,8,2,875,1382
4,8,2,876,1716
4,8,2,877,1742
4,8,2,878,1718
4,8,2,879,2017
4,8,2,880,5657
4,8,2,881,2356
4,8,2,882,1395
4,8,2,883,1903
4,8,2,884,4779
4,8,2,885,2460
4,8,2,886,1760
4,8,2,887,1726
4,8,2,888,1557
4,8,2,889,1406
4,8,2,890,999
4,8,2,891,1128
4,8,2,892,4487
4,8,2,893,4038
4,8,2,894,3153
4,8,2,895,2401
4,8,2,896,3048
4,8,2,897,3811
4,8,2,898,2117
4,8,2,899,4043
4,8,2,900,2518
4,8,2,901,1969
4,8,2,902,3868
4,8,2,903,3280
4,8,2,904,1834
4,8,2,905,2189
4,8,2,906,4672
4,8,2,907,2627
4,8,2,908,3375
4,8,2,909,2739
4,8,2,910,2020
4,8,2,911,3570
4,8,2,912,2439
4,8,2,913,3210
4,8,2,914,2303
4,8,2,915,1903
4,8,2,916,4098
4,8,2,917,2544
4,8,2,918,3431
4,8,2,919,2284
4,8,2,920,3222
4,8,2,921,2351
4,8,2,922,1666
4,8,2,923,1091
4,8,2,924,1706
4,8,2,925,3756
4,8,2,926,2570
4,8,2,927,6041
4,8,2,928,2925
4,8,2,929,2199
4,8,2,930,3904
4,8,2,931,2348
4,8,2,932,3655
4,8,2,933,2118
4,8,2,934,3156
4,8,2,935,2501
4,8,2,936,2430
4,8,2,937,3093
4,8,2,938,2553
4,8,2,939,2309
4,8,2,940,3568
4,8,2,941,3074
4,8,2,942,1205
4,8,2,943,1815
4,8,2,944,3421
4,8,2,945,2126
4,8,2,946,3027
4,8,2,947,3078
4,8,2,948,2912
4,8,2,949,2446
4,8,2,950,56286
4,8,2,951,2552
4,8,2,952,3681
4,8,2,953,2366
4,8,2,954,2783
4,8,2,955,2704
4,8,2,956,2579
4,8,2,957,2490
4,8,2,958,1997
4,8,2,959,3114
4,8,2,960,2388
4,8,2,961,3816
4,8,2,962,2263
4,8,2,963,3007
4,8,2,964,2094
4,8,2,965,2488
4,8,2,966,2779
4,8,2,967,1639
4,8,2,968,3107
4,8,2,969,2451
4,8,2,970,3319
4,8,2,971,3513
4,8,2,972,2825
4,8,2,973,2539
4,8,2,974,2713
4,8,2,975,2468
4,8,2,976,2709
4,8,2,977,3324
4,8,2,978,2482
4,8,2,979,3227
4,8,2,980,2006
4,8,2,981,2498
4,8,2,982,2612
4,8,2,983,1716
4,8,2,984,1517
4,8,2,985,1594
4,8,2,986,1754
4,8,2,987,4042
4,8,2,988,4716
4,8,2,989,2195
4,8,2,990,2563
4,8,2,991,4626
4,8,2,992,3854
4,8,2,993,2551
4,8,2,994,2354
4,8,2,995,3545
4,8,2,996,3165
4,8,2,997,3118
4,8,2,998,3005
4,8,2,999,2658
4,8,2,1000,2743
4,8,2,1001,2222
4,8,2,1002,4114
4,8,2,1003,3069
4,8,2,1004,3013
4,8,2,1005,3222
4,8,2,1006,2454
4,8,2,1007,3454
4,8,2,1008,2769
4,8,2,1009,1946
4,8,2,1010,1326
4,8,2,1011,241743
4,8,2,1012,2971
4,8,2,1013,1308
4,8,2,1014,1699
4,8,2,1015,1838
4,8,2,1016,4205
4,8,2,1017,2295
4,8,2,1018,3833
4,8,2,1019,2349
4,8,2,1020,1789
4,8,2,1021,4125
4,8,2,1022,2489
4,8,2,1023,3735
4,8,2,1024,2459
4,8,2,1025,1727
4,8,2,1026,3810
4,8,2,1027,2281
4,8,2,1028,3351
4,8,2,1029,2207
4,8,2,1030,1662
4,8,2,1031,3616
4,8,2,1032,2399
4,8,2,1033,3438
4,8,2,1034,2388
4,8,2,1035,3620
4,8,2,1036,2666
4,8,2,1037,2596
4,8,2,1038,3576
4,8,2,1039,2876
4,8,2,1040,2872
4,8,2,1041,3202
4,8,2,1042,2658
4,8,2,1043,2708
4,8,2,1044,3705
4,8,2,1045,3251
4,8,2,1046,2693
4,8,2,1047,1909
4,8,2,1048,3755
4,8,2,1049,2578
4,8,2,1050,1907
4,8,2,1051,3333
4,8,2,1052,2349
4,8,2,1053,3168
4,8,2,1054,2497
4,8,2,1055,3127
4,8,2,1056,2229
4,8,2,1057,2091
4,8,2,1058,2309
4,8,2,1059,2830
4,8,2,1060,2242
4,8,2,1061,2661
4,8,2,1062,2053
4,8,2,1063,2684
4,8,2,1064,2271
4,8,2,1065,2937
4,8,2,1066,2417
4,8,2,1067,2430
4,8,2,1068,2911
4,8,2,1069,2569
4,8,2,1070,2687
4,8,2,1071,2340
4,8,2,1072,2293
4,8,2,1073,2661
4,8,2,1074,2230
4,8,2,1075,2865
4,8,2,1076,2299
4,8,2,1077,1612
4,8,2,1078,2897
4,8,2,1079,2177
4,8,2,1080,2897
4,8,2,1081,2167
4,8,2,1082,1744
4,8,2,1083,2874
4,8,2,1084,2334
4,8,2,1085,1609
4,8,2,1086,3486
4,8,2,1087,2674
4,8,2,1088,3509
4,8,2,1089,2341
4,8,2,1090,2530
4,8,2,1091,2488
4,8,2,1092,3256
4,8,2,1093,2720
4,8,2,1094,3092
4,8,2,1095,2232
4,8,2,1096,2863
4,8,2,1097,2328
4,8,2,1098,1684
4,8,2,1099,3236
4,8,2,1100,2402
4,8,2,1101,2939
4,8,2,1102,2343
4,8,2,1103,2920
4,8,2,1104,2398
4,8,2,1105,1756
4,8,2,1106,3070
4,8,2,1107,2266
4,8,2,1108,3044
4,8,2,1109,2546
4,8,2,1110,2986
4,8,2,1111,2273
4,8,2,1112,2976
4,8,2,1113,2225
4,8,2,1114,2958
4,8,2,1115,2351
4,8,2,1116,1602
4,8,2,1117,3461
4,8,2,1118,2273
4,8,2,1119,1434
4,8,2,1120,3244
4,8,2,1121,2471
4,8,2,1122,3544
4,8,2,1123,2346
4,8,2,1124,3061
4,8,2,1125,2513
4,8,2,1126,1610
4,8,2,1127,3116
4,8,2,1128,2290
4,8,2,1129,1602
4,8,2,1130,2898
4,8,2,1131,2540
4,8,2,1132,3268
4,8,2,1133,2235
4,8,2,1134,3006
4,8,2,1135,2372
4,8,2,1136,3246
4,8,2,1137,2296
4,8,2,1138,2508
4,8,2,1139,2395
4,8,2,1140,2943
4,8,2,1141,2493
4,8,2,1142,3140
4,8,2,1143,2506
4,8,2,1144,3062
4,8,2,1145,2756
4,8,2,1146,2842
4,8,2,1147,2406
4,8,2,1148,3012
4,8,2,1149,2347
4,8,2,1150,2841
4,8,2,1151,2392
4,8,2,1152,2718
4,8,2,1153,2476
4,8,2,1154,3611
4,8,2,1155,2374
4,8,2,1156,1627
4,8,2,1157,1634
4,8,2,1158,1231
4,8,2,1159,3593
4,8,2,1160,2272
4,8,2,1161,1602
4,8,2,1162,3423
4,8,2,1163,2548
4,8,2,1164,3498
4,8,2,1165,2540
4,8,2,1166,3396
4,8,2,1167,2216
4,8,2,1168,1900
4,8,2,1169,3807
4,8,2,1170,2338
4,8,2,1171,1727
4,8,2,1172,158169021
4,8,2,1173,2251
4,8,2,1174,4075
4,8,2,1175,2804
4,8,2,1176,2661
4,8,2,1177,2648
4,8,2,1178,2867
4,8,2,1179,2197
4,8,2,1180,3042
4,8,2,1181,2310
4,8,2,1182,1652
4,8,2,1183,2580
4,8,2,1184,89271
4,8,2,1185,2490
4,8,2,1186,1902
4,8,2,1187,2929
4,8,2,1188,2346
4,8,2,1189,6104
4,8,2,1190,2188
4,8,2,1191,2400
4,8,2,1192,2181
4,8,2,1193,2340
4,8,2,1194,2905
4,8,2,1195,2407
4,8,2,1196,1493
4,8,2,1197,2948
4,8,2,1198,1978
4,8,2,1199,2353
4,8,2,1200,2105
4,8,2,1201,2221
4,8,2,1202,1956
4,8,2,1203,2240
4,8,2,1204,2130
4,8,2,1205,2255
4,8,2,1206,2435
4,8,2,1207,1926
4,8,2,1208,2348
4,8,2,1209,2387
4,8,2,1210,2372
4,8,2,1211,2112
4,8,2,1212,2347
4,8,2,1213,2191
4,8,2,1214,2405
4,8,2,1215,2184
4,8,2,1216,2330
4,8,2,1217,2553
4,8,2,1218,2438
4,8,2,1219,2552
4,8,2,1220,2161
4,8,2,1221,3462
4,8,2,1222,2420
4,8,2,1223,2873
4,8,2,1224,2524
4,8,2,1225,2338
4,8,2,1226,2490
4,8,2,1227,2489
4,8,2,1228,2352
4,8,2,1229,2441
4,8,2,1230,2417
4,8,2,1231,2404
4,8,2,1232,2475
4,8,2,1233,2434
4,8,2,1234,2406
4,8,2,1235,2353
4,8,2,1236,2638
4,8,2,1237,2991
4,8,2,1238,2221
4,8,2,1239,2867
4,8,2,1240,2321
4,8,2,1241,2509
4,8,2,1242,2312
4,8,2,1243,2708
4,8,2,1244,2484
4,8,2,1245,2317
4,8,2,1246,2366
4,8,2,1247,2452
4,8,2,1248,2343
4,8,2,1249,2621
4,8,2,1250,2281
4,8,2,1251,2157
4,8,2,1252,2197
4,8,2,1253,2074
4,8,2,1254,2189
4,8,2,1255,2524
4,8,2,1256,2437
4,8,2,1257,2621
4,8,2,1258,2593
4,8,2,1259,2362
4,8,2,1260,2389
4,8,2,1261,2440
4,8,2,1262,2322
4,8,2,1263,2472
4,8,2,1264,2487
4,8,2,1265,2410
4,8,2,1266,2587
4,8,2,1267,1306
4,8,2,1268,2911
4,8,2,1269,2257
4,8,2,1270,2477
4,8,2,1271,2195
4,8,2,1272,3119
4,8,2,1273,2363
4,8,2,1274,3026
4,8,2,1275,2328
4,8,2,1276,2895
4,8,2,1277,2489
4,8,2,1278,2518
4,8,2,1279,2344
4,8,2,1280,2389
4,8,2,1281,2399
4,8,2,1282,2421
4,8,2,1283,2289
4,8,2,1284,2282
4,8,2,1285,2380
4,8,2,1286,2241
4,8,2,1287,2380
4,8,2,1288,2032
4,8,2,1289,1773
4,8,2,1290,2232
4,8,2,1291,1761
4,8,2,1292,2314
4,8,2,1293,2350
4,8,2,1294,2107
4,8,2,1295,2327
4,8,2,1296,2056
4,8,2,1297,2427
4,8,2,1298,2316
4,8,2,1299,1759
4,8,2,1300,2575
4,8,2,1301,1940
4,8,2,1302,3386
4,8,2,1303,2372
4,8,2,1304,2655
4,8,2,1305,2413
4,8,2,1306,2247
4,8,2,1307,2139
4,8,2,1308,2217
4,8,2,1309,2293
4,8,2,1310,2137
4,8,2,1311,1933
4,8,2,1312,2067
4,8,2,1313,2519
4,8,2,1314,2206
4,8,2,1315,1984
4,8,2,1316,2020
4,8,2,1317,1782
4,8,2,1318,3072
4,8,2,1319,2155
4,8,2,1320,2273
4,8,2,1321,24643
4,8,2,1322,2082
4,8,2,1323,2557
4,8,2,1324,2536
4,8,2,1325,2497
4,8,2,1326,2476
4,8,2,1327,2424
4,8,2,1328,2840
4,8,2,1329,1763
4,8,2,1330,2454
4,8,2,1331,173674252
4,8,2,1332,2173
4,8,2,1333,3687
4,8,2,1334,2321
4,8,2,1335,3031
4,8,2,1336,2396
4,8,2,1337,20961
4,8,2,1338,2211
4,8,2,1339,2581
4,8,2,1340,2172
4,8,2,1341,2097
4,8,2,1342,2259
4,8,2,1343,2074
4,8,2,1344,2201
4,8,2,1345,2436
4,8,2,1346,2189
4,8,2,1347,2156
4,8,2,1348,2327
4,8,2,1349,5986
4,8,2,1350,2543
4,8,2,1351,2725
4,8,2,1352,2648
4,8,2,1353,2981
4,8,2,1354,2516
4,8,2,1355,2558
4,8,2,1356,2664
4,8,2,1357,2462
4,8,2,1358,2422
4,8,2,1359,2462
4,8,2,1360,2544
4,8,2,1361,1854
4,8,2,1362,1815
4,8,2,1363,1683
4,8,2,1364,1657
4,8,2,1365,3083
4,8,2,1366,2651
4,8,2,1367,2599
4,8,2,1368,2412
4,8,2,1369,2505
4,8,2,1370,2545
4,8,2,1371,2520
4,8,2,1372,2499
4,8,2,1373,2488
4,8,2,1374,2533
4,8,2,1375,2446
4,8,2,1376,2359
4,8,2,1377,2326
4,8,2,1378,2257
4,8,2,1379,2403
4,8,2,1380,2115
4,8,2,1381,2224
4,8,2,1382,1659
4,8,2,1383,2664
4,8,2,1384,2352
4,8,2,1385,2278
4,8,2,1386,2163
4,8,2,1387,2582
4,8,2,1388,2687
4,8,2,1389,2601
4,8,2,1390,2321
4,8,2,1391,2364
4,8,2,1392,1732
4,8,2,1393,2381
4,8,2,1394,2599
4,8,2,1395,2372
4,8,2,1396,1833
4,8,2,1397,2685
4,8,2,1398,2153
4,8,2,1399,2047
4,8,2,1400,1161
4,8,2,1401,1553
4,8,2,1402,1642
4,8,2,1403,3402
4,8,2,1404,2341
4,8,2,1405,1701
4,8,2,1406,1531
4,8,2,1407,4129
4,8,2,1408,2142
4,8,2,1409,3225
4,8,2,1410,2432
4,8,2,1411,2571
4,8,2,1412,2365
4,8,2,1413,2846
4,8,2,1414,2467
4,8,2,1415,2685
4,8,2,1416,2603
4,8,2,1417,2421
4,8,2,1418,2392
4,8,2,1419,2208
4,8,2,1420,2267
4,8,2,1421,2425
4,8,2,1422,2686
4,8,2,1423,1612
4,8,2,1424,2595
4,8,2,1425,2311
4,8,2,1426,2208
4,8,2,1427,2250
4,8,2,1428,2489
4,8,2,1429,2501
4,8,2,1430,2389
4,8,2,1431,2373
4,8,2,1432,2018
4,8,2,1433,2314
4,8,2,1434,2095
4,8,2,1435,2518
4,8,2,1436,2336
4,8,2,1437,2232
4,8,2,1438,2263
4,8,2,1439,2357
4,8,2,1440,2287
4,8,2,1441,2306
4,8,2,1442,1609
4,8,2,1443,1599
4,8,2,1444,2764
4,8,2,1445,1869
4,8,2,1446,2635
4,8,2,1447,2366
4,8,2,1448,2658
4,8,2,1449,2621
4,8,2,1450,2297
4,8,2,1451,1655
4,8,2,1452,2131
4,8,2,1453,2126
4,8,2,1454,2350
4,8,2,1455,2273
4,8,2,1456,2182
4,8,2,1457,2370
4,8,2,1458,2159
4,8,2,1459,2420
4,8,2,1460,2313
4,8,2,1461,2511
4,8,2,1462,2343
4,8,2,1463,2404
4,8,2,1464,2298
4,8,2,1465,2309
4,8,2,1466,2341
4,8,2,1467,2321
4,8,2,1468,2287
4,8,2,1469,3087
4,8,2,1470,2227
4,8,2,1471,1648
4,8,2,1472,2620
4,8,2,1473,2388
4,8,2,1474,2305
4,8,2,1475,2330
4,8,2,1476,2249
4,8,2,1477,2215
4,8,2,1478,2622
4,8,2,1479,2676
4,8,2,1480,2442
4,8,2,1481,2420
4,8,2,1482,2414
4,8,2,1483,2428
4,8,2,1484,2409
4,8,2,1485,2341
4,8,2,1486,2563
4,8,2,1487,2441
4,8,2,1488,2200
4,8,2,1489,2287
4,8,2,1490,2352
4,8,2,1491,2369
4,8,2,1492,2334
4,8,2,1493,1433
4,8,2,1494,2079
4,8,2,1495,2493
4,8,2,1496,2464
4,8,2,1497,2383
4,8,2,1498,2214
4,8,2,1499,2430
4,8,2,1500,2414
4,8,2,1501,2358
4,8,2,1502,2358
4,8,2,1503,2394
4,8,2,1504,2336
4,8,2,1505,2382
4,8,2,1506,2406
4,8,2,1507,2358
4,8,2,1508,2223
4,8,2,1509,2398
4,8,2,1510,2299
4,8,2,1511,2266
4,8,2,1512,2417
4,8,2,1513,2378
4,8,2,1514,2272
4,8,2,1515,2574
4,8,2,1516,2741
4,8,2,1517,2389
4,8,2,1518,2412
4,8,2,1519,2633
4,8,2,1520,2417
4,8,2,1521,3340
4,8,2,1522,1826
4,8,2,1523,2952
4,8,2,1524,2602
4,8,2,1525,2704
4,8,2,1526,2434
4,8,2,1527,2838
4,8,2,1528,2400
4,8,2,1529,2364
4,8,2,1530,2479
4,8,2,1531,1788
4,8,2,1532,2946
4,8,2,1533,2366
4,8,2,1534,2661
4,8,2,1535,2444
4,8,2,1536,2467
4,8,2,1537,2418
4,8,2,1538,2430
4,8,2,1539,2479
4,8,2,1540,2489
4,8,2,1541,2614
4,8,2,1542,2520
4,8,2,1543,2271
4,8,2,1544,2360
4,8,2,1545,2224
4,8,2,1546,2397
4,8,2,1547,2331
4,8,2,1548,2425
4,8,2,1549,2395
4,8,2,1550,2512
4,8,2,1551,2370
4,8,2,1552,2434
4,8,2,1553,2158
4,8,2,1554,2365
4,8,2,1555,2278
4,8,2,1556,3599
4,8,2,1557,2251
4,8,2,1558,1506
4,8,2,1559,2318
4,8,2,1560,2011
4,8,2,1561,1883
4,8,2,1562,3800
4,8,2,1563,2352
4,8,2,1564,2508
4,8,2,1565,2454
4,8,2,1566,2657
4,8,2,1567,2258
4,8,2,1568,2829
4,8,2,1569,2387
4,8,2,1570,2703
4,8,2,1571,2597
4,8,2,1572,2681
4,8,2,1573,2344
4,8,2,1574,2616
4,8,2,1575,19212
4,8,2,1576,2659
4,8,2,1577,2410
4,8,2,1578,3138
4,8,2,1579,2479
4,8,2,1580,2614
4,8,2,1581,2478
4,8,2,1582,2626
4,8,2,1583,2306
4,8,2,1584,2632
4,8,2,1585,1671
4,8,2,1586,2669
4,8,2,1587,2620
4,8,2,1588,2707
4,8,2,1589,2536
4,8,2,1590,2265
4,8,2,1591,2519
4,8,2,1592,2543
4,8,2,1593,2552
4,8,2,1594,2303
4,8,2,1595,2362
4,8,2,1596,1833
4,8,2,1597,2161
4,8,2,1598,2369
4,8,2,1599,2378
4,8,2,1600,2310
4,8,2,1601,2244
4,8,2,1602,2396
4,8,2,1603,2363
4,8,2,1604,2314
4,8,2,1605,2412
4,8,2,1606,2410
4,8,2,1607,2179
4,8,2,1608,2370
4,8,2,1609,2308
4,8,2,1610,2342
4,8,2,1611,2471
4,8,2,1612,2344
4,8,2,1613,2425
4,8,2,1614,2499
4,8,2,1615,2450
4,8,2,1616,2201
4,8,2,1617,2447
4,8,2,1618,2074
4,8,2,1619,2325
4,8,2,1620,2387
4,8,2,1621,2329
4,8,2,1622,1731
4,8,2,1623,2679
4,8,2,1624,2221
4,8,2,1625,2521
4,8,2,1626,2252
4,8,2,1627,2232
4,8,2,1628,2455
4,8,2,1629,2307
4,8,2,1630,2422
4,8,2,1631,2257
4,8,2,1632,2335
4,8,2,1633,2456
4,8,2,1634,2299
4,8,2,1635,2456
4,8,2,1636,2395
4,8,2,1637,2307
4,8,2,1638,2434
4,8,2,1639,2369
4,8,2,1640,2449
4,8,2,1641,2358
4,8,2,1642,2419
4,8,2,1643,2828
4,8,2,1644,2156
4,8,2,1645,2672
4,8,2,1646,2418
4,8,2,1647,2440
4,8,2,1648,2367
4,8,2,1649,2414
4,8,2,1650,100672
4,8,2,1651,2537
4,8,2,1652,23520
4,8,2,1653,2313
4,8,2,1654,2318
4,8,2,1655,1733
4,8,2,1656,1681
4,8,2,1657,2999
4,8,2,1658,2295
4,8,2,1659,203765508
4,8,2,1660,1824
4,8,2,1661,1020
4,8,2,1662,3502
4,8,2,1663,1809
4,8,2,1664,2213
4,8,2,1665,1993
4,8,2,1666,2306
4,8,2,1667,2133
4,8,2,1668,2023
4,8,2,1669,1966
4,8,2,1670,2110
4,8,2,1671,1991
4,8,2,1672,2024
4,8,2,1673,1985
4,8,2,1674,1840
4,8,2,1675,1860
4,8,2,1676,1228
4,8,2,1677,2468
4,8,2,1678,1813
4,8,2,1679,2157
4,8,2,1680,1907
4,8,2,1681,2029
4,8,2,1682,1854
4,8,2,1683,2232
4,8,2,1684,1875
4,8,2,1685,891
4,8,2,1686,2372
4,8,2,1687,1840
4,8,2,1688,2216
4,8,2,1689,1809
4,8,2,1690,1939
4,8,2,1691,2201
4,8,2,1692,2068
4,8,2,1693,2382
4,8,2,1694,2218
4,8,2,1695,2090
4,8,2,1696,2047
4,8,2,1697,2086
4,8,2,1698,2197
4,8,2,1699,1951
4,8,2,1700,984
4,8,2,1701,2169
4,8,2,1702,2146
4,8,2,1703,2126
4,8,2,1704,2040
4,8,2,1705,2127
4,8,2,1706,2246
4,8,2,1707,1998
4,8,2,1708,2178
4,8,2,1709,1076
4,8,2,1710,878
4,8,2,1711,818
4,8,2,1712,2304
4,8,2,1713,1791
4,8,2,1714,2009
4,8,2,1715,2119
4,8,2,1716,2240
4,8,2,1717,1912
4,8,2,1718,2224
4,8,2,1719,2093
4,8,2,1720,2152
4,8,2,1721,1896
4,8,2,1722,858
4,8,2,1723,2340
4,8,2,1724,2084
4,8,2,1725,970
4,8,2,1726,2464
4,8,2,1727,2028
4,8,2,1728,990
4,8,2,1729,2368
4,8,2,1730,1918
4,8,2,1731,2075
4,8,2,1732,1806
4,8,2,1733,2289
4,8,2,1734,2009
4,8,2,1735,2047
4,8,2,1736,2038
4,8,2,1737,1917
4,8,2,1738,1892
4,8,2,1739,2171
4,8,2,1740,1874
4,8,2,1741,2301
4,8,2,1742,2087
4,8,2,1743,2117
4,8,2,1744,1993
4,8,2,1745,2154
4,8,2,1746,2012
4,8,2,1747,2053
4,8,2,1748,1935
4,8,2,1749,2444
4,8,2,1750,2456
4,8,2,1751,2349
4,8,2,1752,1965
4,8,2,1753,2079
4,8,2,1754,1985
4,8,2,1755,2107
4,8,2,1756,1926
4,8,2,1757,1951
4,8,2,1758,2025
4,8,2,1759,2138
4,8,2,1760,2848
4,8,2,1761,2025
4,8,2,1762,2359
4,8,2,1763,1995
4,8,2,1764,2020
4,8,2,1765,2002
4,8,2,1766,1940
4,8,2,1767,1891
4,8,2,1768,2045
4,8,2,1769,2480
4,8,2,1770,2152
4,8,2,1771,2171
4,8,2,1772,2036
4,8,2,1773,2023
4,8,2,1774,1834
4,8,2,1775,2283
4,8,2,1776,1148
4,8,2,1777,2544
4,8,2,1778,2282
4,8,2,1779,2019
4,8,2,1780,2051
4,8,2,1781,1824
4,8,2,1782,2611
4,8,2,1783,1967
4,8,2,1784,2099
4,8,2,1785,1936
4,8,2,1786,1995
4,8,2,1787,1860
4,8,2,1788,2109
4,8,2,1789,2061
4,8,2,1790,1964
4,8,2,1791,1997
4,8,2,1792,1011
4,8,2,1793,2199
4,8,2,1794,1970
4,8,2,1795,987
4,8,2,1796,2547
4,8,2,1797,2490
4,8,2,1798,2031
4,8,2,1799,2044
4,8,2,1800,1949
4,8,2,1801,1994
4,8,2,1802,2113
4,8,2,1803,2010
4,8,2,1804,2123
4,8,2,1805,1876
4,8,2,1806,2206
4,8,2,1807,2024
4,8,2,1808,2035
4,8,2,1809,1993
4,8,2,1810,2025
4,8,2,1811,1934
4,8,2,1812,2090
4,8,2,1813,2031
4,8,2,1814,2060
4,8,2,1815,1920
4,8,2,1816,2248
4,8,2,1817,2569
4,8,2,1818,2011
4,8,2,1819,2303
4,8,2,1820,1008
4,8,2,1821,1207
4,8,2,1822,2477
4,8,2,1823,2087
4,8,2,1824,2081
4,8,2,1825,1855
4,8,2,1826,2077
4,8,2,1827,1939
4,8,2,1828,1997
4,8,2,1829,1743
4,8,2,1830,1469
4,8,2,1831,1032
4,8,2,1832,935
4,8,2,1833,1057
4,8,2,1834,1064
4,8,2,1835,1165
4,8,2,1836,1717
4,8,2,1837,1859
4,8,2,1838,1060
4,8,2,1839,1134
4,8,2,1840,1006
4,8,2,1841,1059
4,8,2,1842,1069
4,8,2,1843,974
4,8,2,1844,1436
4,8,2,1845,1087
4,8,2,1846,1022
4,8,2,1847,979
4,8,2,1848,955
4,8,2,1849,898
4,8,2,1850,917
4,8,2,1851,938
4,8,2,1852,1274
4,8,2,1853,944
4,8,2,1854,1306
4,8,2,1855,1190
4,8,2,1856,1099
4,8,2,1857,880
4,8,2,1858,936
4,8,2,1859,1084
4,8,2,1860,1301
4,8,2,1861,1045
4,8,2,1862,924
4,8,2,1863,1010
4,8,2,1864,893
4,8,2,1865,1881
4,8,2,1866,1420
4,8,2,1867,1102
4,8,2,1868,1151
4,8,2,1869,1371
4,8,2,1870,934
4,8,2,1871,937
4,8,2,1872,901
4,8,2,1873,1471
4,8,2,1874,874
4,8,2,1875,1066
4,8,2,1876,900
4,8,2,1877,1045
4,8,2,1878,991
4,8,2,1879,885
4,8,2,1880,830
4,8,2,1881,1125
4,8,2,1882,945
4,8,2,1883,915
4,8,2,1884,1118
4,8,2,1885,1486
4,8,2,1886,1567
4,8,2,1887,1067
4,8,2,1888,1028
4,8,2,1889,963
4,8,2,1890,856
4,8,2,1891,997
4,8,2,1892,1094
4,8,2,1893,992
4,8,2,1894,927
4,8,2,1895,983
4,8,2,1896,1742
4,8,2,1897,1122
4,8,2,1898,978
4,8,2,1899,993
4,8,2,1900,1262
4,8,2,1901,972
4,8,2,1902,1673
4,8,2,1903,1239
4,8,2,1904,1340
4,8,2,1905,1007
4,8,2,1906,989
4,8,2,1907,1367
4,8,2,1908,1068
4,8,2,1909,1030
4,8,2,1910,925
4,8,2,1911,1308
4,8,2,1912,985
4,8,2,1913,937
4,8,2,1914,952
4,8,2,1915,919
4,8,2,1916,1300
4,8,2,1917,1280
4,8,2,1918,30613
4,8,2,1919,1160
4,8,2,1920,987
4,8,2,1921,937
4,8,2,1922,879
4,8,2,1923,1670
4,8,2,1924,1270
4,8,2,1925,1739
4,8,2,1926,1066
4,8,2,1927,930
4,8,2,1928,1687
4,8,2,1929,1062
4,8,2,1930,1387
4,8,2,1931,1456
4,8,2,1932,905
4,8,2,1933,1049
4,8,2,1934,1040
4,8,2,1935,1071
4,8,2,1936,2000
4,8,2,1937,1478
4,8,2,1938,1789
4,8,2,1939,1593
4,8,2,1940,1129
4,8,2,1941,1085
4,8,2,1942,927
4,8,2,1943,1544
4,8,2,1944,927
4,8,2,1945,948
4,8,2,1946,1127
4,8,2,1947,1014
4,8,2,1948,918
4,8,2,1949,1082
4,8,2,1950,937
4,8,2,1951,929
4,8,2,1952,1489
4,8,2,1953,1504
4,8,2,1954,1122
4,8,2,1955,1258
4,8,2,1956,982
4,8,2,1957,917
4,8,2,1958,1398
4,8,2,1959,1278
4,8,2,1960,1000
4,8,2,1961,1423
4,8,2,1962,914
4,8,2,1963,1009
4,8,2,1964,911
4,8,2,1965,2008
4,8,2,1966,1206
4,8,2,1967,1089
4,8,2,1968,1497
4,8,2,1969,1360
4,8,2,1970,977
4,8,2,1971,1085
4,8,2,1972,1033
4,8,2,1973,1178
4,8,2,1974,920
4,8,2,1975,981
4,8,2,1976,1696
4,8,2,1977,1287
4,8,2,1978,960
4,8,2,1979,979
4,8,2,1980,954
4,8,2,1981,1553
4,8,2,1982,1006
4,8,2,1983,1347
4,8,2,1984,881
4,8,2,1985,1010
4,8,2,1986,2129
4,8,2,1987,1509
4,8,2,1988,1333
4,8,2,1989,1233
4,8,2,1990,955
4,8,2,1991,1439
4,8,2,1992,1028
4,8,2,1993,954
4,8,2,1994,1349
4,8,2,1995,1321
4,8,2,1996,1003
4,8,2,1997,965
4,8,2,1998,991
4,8,2,1999,965
4,1,1,0,7975
4,1,1,1,2095
4,1,1,2,1392
4,1,1,3,1103
4,1,1,4,1464
4,1,1,5,1125
4,1,1,6,1786
4,1,1,7,1496
4,1,1,8,1092
4,1,1,9,1316
4,1,1,10,1156
4,1,1,11,1524
4,1,1,12,1031
4,1,1,13,1000
4,1,1,14,891
4,1,1,15,1022
4,1,1,16,881
4,1,1,17,962
4,1,1,18,927
4,1,1,19,859
4,1,1,20,1298
4,1,1,21,1329
4,1,1,22,801
4,1,1,23,807
4,1,1,24,808
4,1,1,25,871
4,1,1,26,1052
4,1,1,27,891
4,1,1,28,1401
4,1,1,29,1159
4,1,1,30,951
4,1,1,31,1070
4,1,1,32,1253
4,1,1,33,987
4,1,1,34,938
4,1,1,35,933
4,1,1,36,939
4,1,1,37,1369
4,1,1,38,1408
4,1,1,39,1362
4,1,1,40,1444
4,1,1,41,1014
4,1,1,42,1000
4,1,1,43,939
4,1,1,44,1255
4,1,1,45,922
4,1,1,46,914
4,1,1,47,977
4,1,1,48,923
4,1,1,49,886
4,1,1,50,886
4,1,1,51,864
4,1,1,52,1577
4,1,1,53,1038
4,1,1,54,981
4,1,1,55,888
4,1,1,56,916
4,1,1,57,997
4,1,1,58,937
4,1,1,59,956
4,1,1,60,1050
4,1,1,61,920
4,1,1,62,935
4,1,1,63,1081
4,1,1,64,865
4,1,1,65,889
4,1,1,66,1197
4,1,1,67,954
4,1,1,68,833
4,1,1,69,1126
4,1,1,70,965
4,1,1,71,1095
4,1,1,72,900
4,1,1,73,1122
4,1,1,74,845
4,1,1,75,842
4,1,1,76,1957
4,1,1,77,1072
4,1,1,78,1136
4,1,1,79,909
4,1,1,80,897
4,1,1,81,1187
4,1,1,82,818
4,1,1,83,1613
4,1,1,84,1390
4,1,1,85,981
4,1,1,86,1268
4,1,1,87,890
4,1,1,88,956
4,1,1,89,1022
4,1,1,90,929
4,1,1,91,996
4,1,1,92,1602
4,1,1,93,1080
4,1,1,94,1177
4,1,1,95,1042
4,1,1,96,881
4,1,1,97,849
4,1,1,98,933
4,1,1,99,860
4,1,1,100,1344
4,1,1,101,1047
4,1,1,102,1072
4,1,1,103,1694
4,1,1,104,998
4,1,1,105,1007
4,1,1,106,1072
4,1,1,107,903
4,1,1,108,882
4,1,1,109,2438
4,1,1,110,1471
4,1,1,111,1040
4,1,1,112,1061
4,1,1,113,909
4,1,1,114,1490
4,1,1,115,1047
4,1,1,116,1308
4,1,1,117,1445
4,1,1,118,1080
4,1,1,119,988
4,1,1,120,885
4,1,1,121,873
4,1,1,122,904
4,1,1,123,1744
4,1,1,124,1067
4,1,1,125,990
4,1,1,126,1203
4,1,1,127,1673
4,1,1,128,950
4,1,1,129,1267
4,1,1,130,893
4,1,1,131,2364
4,1,1,132,2029
4,1,1,133,1484
4,1,1,134,1635
4,1,1,135,1065
4,1,1,136,1064
4,1,1,137,1195
4,1,1,138,1421
4,1,1,139,1088
4,1,1,140,1024
4,1,1,141,1209
4,1,1,142,1347
4,1,1,143,1146
4,1,1,144,917
4,1,1,145,1033
4,1,1,146,944
4,1,1,147,1027
4,1,1,148,1454
4,1,1,149,1112
4,1,1,150,897
4,1,1,151,912
4,1,1,152,1892
4,1,1,153,1157
4,1,1,154,947
4,1,1,155,950
4,1,1,156,1885
4,1,1,157,2168
4,1,1,158,1185
4,1,1,159,978
4,1,1,160,1045
4,1,1,161,933
4,1,1,162,1459
4,1,1,163,1044
4,1,1,164,966
4,1,1,165,1590
4,1,1,166,981
4,1,1,167,881
4,1,1,168,1493
4,1,1,169,1068
4,1,1,170,1007
4,1,1,171,882
4,1,1,172,988
4,1,1,173,891
4,1,1,174,887
4,1,1,175,973
4,1,1,176,903
4,1,1,177,1567
4,1,1,178,1053
4,1,1,179,1718
4,1,1,180,998
4,1,1,181,941
4,1,1,182,1235
4,1,1,183,1154
4,1,1,184,915
4,1,1,185,1564
4,1,1,186,980
4,1,1,187,1000
4,1,1,188,911
4,1,1,189,1228
4,1,1,190,1188
4,1,1,191,1551
4,1,1,192,1028
4,1,1,193,924
4,1,1,194,1654
4,1,1,195,1386
4,1,1,196,1134
4,1,1,197,1080
4,1,1,198,942
4,1,1,199,1694
4,1,1,200,1118
4,1,1,201,1358
4,1,1,202,990
4,1,1,203,1111
4,1,1,204,1073
4,1,1,205,954
4,1,1,206,801
4,1,1,207,1683
4,1,1,208,1337
4,1,1,209,1050
4,1,1,210,951
4,1,1,211,953
4,1,1,212,868
4,1,1,213,958
4,1,1,214,870
4,1,1,215,942
4,1,1,216,1048
4,1,1,217,1315
4,1,1,218,1644
4,1,1,219,1151
4,1,1,220,890
4,1,1,221,951
4,1,1,222,933
4,1,1,223,1051
4,1,1,224,1408
4,1,1,225,1097
4,1,1,226,931
4,1,1,227,927
4,1,1,228,1013
4,1,1,229,1661
4,1,1,230,1032
4,1,1,231,1502
4,1,1,232,1962
4,1,1,233,1066
4,1,1,234,1642
4,1,1,235,1113
4,1,1,236,1158
4,1,1,237,1171
4,1,1,238,971
4,1,1,239,977
4,1,1,240,1593
4,1,1,241,1097
4,1,1,242,995
4,1,1,243,1000
4,1,1,244,874
4,1,1,245,1240
4,1,1,246,1034
4,1,1,247,1487
4,1,1,248,999
4,1,1,249,1040
4,4,2,0,7551
4,4,2,1,6662
4,4,2,2,2750
4,4,2,3,3311
4,4,2,4,55276
4,4,2,5,2009
4,4,2,6,3580
4,4,2,7,2216
4,4,2,8,3267
4,4,2,9,2364
4,4,2,10,1558
4,4,2,11,3228
4,4,2,12,2624
4,4,2,13,3587
4,4,2,14,2241
4,4,2,15,1528
4,4,2,16,2957
4,4,2,17,2111
4,4,2,18,2726
4,4,2,19,2289
4,4,2,20,2635
4,4,2,21,2236
4,4,2,22,2943
4,4,2,23,2326
4,4,2,24,2852
4,4,2,25,2047
4,4,2,26,2799
4,4,2,27,2547
4,4,2,28,2719
4,4,2,29,2557
4,4,2,30,2917
4,4,2,31,2388
4,4,2,32,1661
4,4,2,33,2464
4,4,2,34,2272
4,4,2,35,3031
4,4,2,36,2467
4,4,2,37,2769
4,4,2,38,2387
4,4,2,39,3146
4,4,2,40,2089
4,4,2,41,2609
4,4,2,42,2491
4,4,2,43,2778
4,4,2,44,2494
4,4,2,45,1602
4,4,2,46,2987
4,4,2,47,2520
4,4,2,48,3003
4,4,2,49,2876
4,4,2,50,2887
4,4,2,51,2885
4,4,2,52,2823
4,4,2,53,1842
4,4,2,54,2520
4,4,2,55,2023
4,4,2,56,2927
4,4,2,57,2134
4,4,2,58,2673
4,4,2,59,2365
4,4,2,60,1578
4,4,2,61,3192
4,4,2,62,2416
4,4,2,63,3021
4,4,2,64,2429
4,4,2,65,2838
4,4,2,66,2449
4,4,2,67,3013
4,4,2,68,2424
4,4,2,69,3100
4,4,2,70,2295
4,4,2,71,1735
4,4,2,72,1566
4,4,2,73,3246
4,4,2,74,2380
4,4,2,75,2980
4,4,2,76,3178
4,4,2,77,2626
4,4,2,78,2337
4,4,2,79,2501
4,4,2,80,2787
4,4,2,81,3371
4,4,2,82,2367
4,4,2,83,3183
4,4,2,84,2303
4,4,2,85,1634
4,4,2,86,3285
4,4,2,87,2528
4,4,2,88,3304
4,4,2,89,2388
4,4,2,90,3072
4,4,2,91,2522
4,4,2,92,3027
4,4,2,93,2306
4,4,2,94,2752
4,4,2,95,2412
4,4,2,96,3035
4,4,2,97,24846
4,4,2,98,3082
4,4,2,99,2458
4,4,2,100,3085
4,4,2,101,2351
4,4,2,102,3176
4,4,2,103,2494
4,4,2,104,3113
4,4,2,105,5428
4,4,2,106,2872
4,4,2,107,2337
4,4,2,108,2903
4,4,2,109,2222
4,4,2,110,3065
4,4,2,111,2301
4,4,2,112,2709
4,4,2,113,2320
4,4,2,114,2844
4,4,2,115,2259
4,4,2,116,2830
4,4,2,117,2202
4,4,2,118,3018
4,4,2,119,2374
4,4,2,120,2925
4,4,2,121,2485
4,4,2,122,1618
4,4,2,123,2784
4,4,2,124,2346
4,4,2,125,2664
4,4,2,126,2307
4,4,2,127,3086
4,4,2,128,2144
4,4,2,129,2881
4,4,2,130,2252
4,4,2,131,2623
4,4,2,132,2139
4,4,2,133,2744
4,4,2,134,2109
4,4,2,135,2592
4,4,2,136,2253
4,4,2,137,2750
4,4,2,138,2172
4,4,2,139,1366
4,4,2,140,1477
4,4,2,141,1398
4,4,2,142,4165
4,4,2,143,2371
4,4,2,144,3263
4,4,2,145,2139
4,4,2,146,1527
4,4,2,147,3377
4,4,2,148,2309
4,4,2,149,2939
4,4,2,150,2377
4,4,2,151,1480
4,4,2,152,3436
4,4,2,153,2425
4,4,2,154,3273
4,4,2,155,2385
4,4,2,156,3289
4,4,2,157,2394
4,4,2,158,1606
4,4,2,159,3136
4,4,2,160,2265
4,4,2,161,2878
4,4,2,162,2506
4,4,2,163,3122
4,4,2,164,2434
4,4,2,165,2851
4,4,2,166,2375
4,4,2,167,2941
4,4,2,168,2282
4,4,2,169,3031
4,4,2,170,2425
4,4,2,171,3184
4,4,2,172,2429
4,4,2,173,3449
4,4,2,174,2918
4,4,2,175,3165
4,4,2,176,2508
4,4,2,177,3249
4,4,2,178,2367
4,4,2,179,3146
4,4,2,180,2220
4,4,2,181,3158
4,4,2,182,2357
4,4,2,183,2994
4,4,2,184,2312
4,4,2,185,2979
4,4,2,186,2447
4,4,2,187,3322
4,4,2,188,2372
4,4,2,189,3300
4,4,2,190,2056
4,4,2,191,3354
4,4,2,192,2823
4,4,2,193,2125
4,4,2,194,3303
4,4,2,195,3058
4,4,2,196,2973
4,4,2,197,2504
4,4,2,198,3226
4,4,2,199,2424
4,4,2,200,3153
4,4,2,201,2605
4,4,2,202,3134
4,4,2,203,2429
4,4,2,204,2288
4,4,2,205,3156
4,4,2,206,2363
4,4,2,207,2987
4,4,2,208,2371
4,4,2,209,3047
4,4,2,210,2106
4,4,2,211,2889
4,4,2,212,2261
4,4,2,213,3028
4,4,2,214,2264
4,4,2,215,4423
4,4,2,216,2272
4,4,2,217,2864
4,4,2,218,2301
4,4,2,219,2891
4,4,2,220,2182
4,4,2,221,3037
4,4,2,222,2412
4,4,2,223,3737
4,4,2,224,2321
4,4,2,225,3259
4,4,2,226,2293
4,4,2,227,3333
4,4,2,228,2287
4,4,2,229,2630
4,4,2,230,2293
4,4,2,231,3077
4,4,2,232,2323
4,4,2,233,3175
4,4,2,234,2242
4,4,2,235,3074
4,4,2,236,2176
4,4,2,237,2916
4,4,2,238,2221
4,4,2,239,3049
4,4,2,240,2466
4,4,2,241,3020
4,4,2,242,2248
4,4,2,243,3047
4,4,2,244,2292
4,4,2,245,1568
4,4,2,246,1551
4,4,2,247,3559
4,4,2,248,2207
4,4,2,249,3008
4,4,2,250,2084
4,4,2,251,2954
4,4,2,252,2095
4,4,2,253,2743
4,4,2,254,2184
4,4,2,255,2713
4,4,2,256,2296
4,4,2,257,1761
4,4,2,258,2900
4,4,2,259,2564
4,4,2,260,3192
4,4,2,261,2231
4,4,2,262,2934
4,4,2,263,2082
4,4,2,264,4227
4,4,2,265,2168
4,4,2,266,1513
4,4,2,267,3693
4,4,2,268,2128
4,4,2,269,3339
4,4,2,270,2151
4,4,2,271,3060
4,4,2,272,2335
4,4,2,273,1497
4,4,2,274,3380
4,4,2,275,2272
4,4,2,276,2398
4,4,2,277,2504
4,4,2,278,1739
4,4,2,279,3155
4,4,2,280,2240
4,4,2,281,2355
4,4,2,282,2360
4,4,2,283,2957
4,4,2,284,2323
4,4,2,285,3017
4,4,2,286,2413
4,4,2,287,3264
4,4,2,288,2386
4,4,2,289,3165
4,4,2,290,2247
4,4,2,291,1616
4,4,2,292,3189
4,4,2,293,2189
4,4,2,294,2855
4,4,2,295,2241
4,4,2,296,1673
4,4,2,297,2979
4,4,2,298,2196
4,4,2,299,2879
4,4,2,300,2313
4,4,2,301,2969
4,4,2,302,2188
4,4,2,303,2909
4,4,2,304,2251
4,4,2,305,23486
4,4,2,306,2335
4,4,2,307,2943
4,4,2,308,2113
4,4,2,309,1676
4,4,2,310,3226
4,4,2,311,2361
4,4,2,312,3843
4,4,2,313,2787
4,4,2,314,3542
4,4,2,315,2625
4,4,2,316,1970
4,4,2,317,3646
4,4,2,318,2363
4,4,2,319,3092
4,4,2,320,2152
4,4,2,321,3174
4,4,2,322,2348
4,4,2,323,3014
4,4,2,324,2276
4,4,2,325,1886
4,4,2,326,3384
4,4,2,327,3585
4,4,2,328,3591
4,4,2,329,2551
4,4,2,330,3226
4,4,2,331,3061
4,4,2,332,2070
4,4,2,333,4041
4,4,2,334,2674
4,4,2,335,3490
4,4,2,336,2427
4,4,2,337,3287
4,4,2,338,2560
4,4,2,339,2179
4,4,2,340,1697
4,4,2,341,1705
4,4,2,342,1765
4,4,2,343,4636
4,4,2,344,2374
4,4,2,345,1917
4,4,2,346,1903
4,4,2,347,1708
4,4,2,348,4200
4,4,2,349,2246
4,4,2,350,1505
4,4,2,351,1996
4,4,2,352,3705
4,4,2,353,2317
4,4,2,354,1622
4,4,2,355,3519
4,4,2,356,2375
4,4,2,357,3326
4,4,2,358,2615
4,4,2,359,3169
4,4,2,360,2260
4,4,2,361,3298
4,4,2,362,2379
4,4,2,363,1850
4,4,2,364,2215
4,4,2,365,1623
4,4,2,366,1643
4,4,2,367,6400
4,4,2,368,2618
4,4,2,369,2937
4,4,2,370,2432
4,4,2,371,1651
4,4,2,372,3820
4,4,2,373,2133
4,4,2,374,3170
4,4,2,375,2305
4,4,2,376,130115
4,4,2,377,2661
4,4,2,378,3367
4,4,2,379,2581
4,4,2,380,1794
4,4,2,381,4150
4,4,2,382,2334
4,4,2,383,3704
4,4,2,384,2357
4,4,2,385,1774
4,4,2,386,1688
4,4,2,387,1762
4,4,2,388,12779
4,4,2,389,2806
4,4,2,390,3323
4,4,2,391,3268
4,4,2,392,2565
4,4,2,393,3334
4,4,2,394,2520
4,4,2,395,3147
4,4,2,396,2377
4,4,2,397,3081
4,4,2,398,2367
4,4,2,399,3109
4,4,2,400,2466
4,4,2,401,3097
4,4,2,402,2755
4,4,2,403,3423
4,4,2,404,2425
4,4,2,405,2849
4,4,2,406,2340
4,4,2,407,1727
4,4,2,408,3480
4,4,2,409,2119
4,4,2,410,2906
4,4,2,411,3007
4,4,2,412,2686
4,4,2,413,2445
4,4,2,414,2733
4,4,2,415,2561
4,4,2,416,2407
4,4,2,417,2846
4,4,2,418,3171
4,4,2,419,2533
4,4,2,420,1895
4,4,2,421,3175
4,4,2,422,2511
4,4,2,423,3287
4,4,2,424,2455
4,4,2,425,3041
4,4,2,426,2284
4,4,2,427,1793
4,4,2,428,2939
4,4,2,429,2383
4,4,2,430,2947
4,4,2,431,2234
4,4,2,432,3021
4,4,2,433,2369
4,4,2,434,2801
4,4,2,435,2231
4,4,2,436,2596
4,4,2,437,2610
4,4,2,438,2964
4,4,2,439,2500
4,4,2,440,92978
4,4,2,441,3748
4,4,2,442,2466
4,4,2,443,3320
4,4,2,444,2641
4,4,2,445,3011
4,4,2,446,2489
4,4,2,447,3091
4,4,2,448,48834856
4,4,2,449,3037
4,4,2,450,3924
4,4,2,451,2871
4,4,2,452,3840
4,4,2,453,3001
4,4,2,454,3272
4,4,2,455,2971
4,4,2,456,3355
4,4,2,457,2950
4,4,2,458,3188
4,4,2,459,2955
4,4,2,460,3216
4,4,2,461,2807
4,4,2,462,3000
4,4,2,463,2227
4,4,2,464,3302
4,4,2,465,3445
4,4,2,466,3229
4,4,2,467,2967
4,4,2,468,3205
4,4,2,469,3354
4,4,2,470,3046
4,4,2,471,3278
4,4,2,472,25769
4,4,2,473,3186
4,4,2,474,3170
4,4,2,475,3409
4,4,2,476,2858
4,4,2,477,3205
4,4,2,478,3087
4,4,2,479,3248
4,4,2,480,3053
4,4,2,481,4151
4,4,2,482,2998
4,4,2,483,3247
4,4,2,484,2953
4,4,2,485,3043
4,4,2,486,3269
4,4,2,487,3262
4,4,2,488,2971
4,4,2,489,3217
4,4,2,490,3187
4,4,2,491,3212
4,4,2,492,3096
4,4,2,493,3126
4,4,2,494,3337
4,4,2,495,3409
4,4,2,496,3347
4,4,2,497,3227
4,4,2,498,3150
4,4,2,499,3136
4,4,2,500,3106
4,4,2,501,3252
4,4,2,502,3415
4,4,2,503,3269
4,4,2,504,3285
4,4,2,505,3173
4,4,2,506,3192
4,4,2,507,3327
4,4,2,508,228474
4,4,2,509,2812
4,4,2,510,3511
4,4,2,511,3290
4,4,2,512,3347
4,4,2,513,3104
4,4,2,514,3215
4,4,2,515,3432
4,4,2,516,3094
4,4,2,517,2600
4,4,2,518,3044
4,4,2,519,3206
4,4,2,520,3313
4,4,2,521,3481
4,4,2,522,3310
4,4,2,523,3354
4,4,2,524,3541
4,4,2,525,24860
4,4,2,526,2892
4,4,2,527,3457
4,4,2,528,3396
4,4,2,529,3566
4,4,2,530,3921
4,4,2,531,3340
4,4,2,532,2969
4,4,2,533,3381
4,4,2,534,3306
4,4,2,535,3054
4,4,2,536,3198
4,4,2,537,3189
4,4,2,538,3434
4,4,2,539,3106
4,4,2,540,3067
4,4,2,541,3379
4,4,2,542,3302
4,4,2,543,3465
4,4,2,544,3413
4,4,2,545,3219
4,4,2,546,3366
4,4,2,547,3244
4,4,2,548,3177
4,4,2,549,3194
4,4,2,550,3194
4,4,2,551,2949
4,4,2,552,3159
4,4,2,553,61997622
4,4,2,554,3409
4,4,2,555,4156
4,4,2,556,2654
4,4,2,557,2322
4,4,2,558,1292
4,4,2,559,3150
4,4,2,560,2316
4,4,2,561,2308
4,4,2,562,2124
4,4,2,563,2427
4,4,2,564,2193
4,4,2,565,2054
4,4,2,566,2233
4,4,2,567,2063
4,4,2,568,2083
4,4,2,569,2251
4,4,2,570,1639
4,4,2,571,2902
4,4,2,572,1367
4,4,2,573,2716
4,4,2,574,2483
4,4,2,575,2552
4,4,2,576,2382
4,4,2,577,2123
4,4,2,578,1067
4,4,2,579,2123
4,4,2,580,2331
4,4,2,581,2166
4,4,2,582,2196
4,4,2,583,2036
4,4,2,584,2923
4,4,2,585,2303
4,4,2,586,1038
4,4,2,587,1199
4,4,2,588,2932
4,4,2,589,2065
4,4,2,590,1735
4,4,2,591,2093
4,4,2,592,2186
4,4,2,593,1944
4,4,2,594,2089
4,4,2,595,958
4,4,2,596,3114
4,4,2,597,2161
4,4,2,598,2445
4,4,2,599,2170
4,4,2,600,2431
4,4,2,601,2415
4,4,2,602,2172
4,4,2,603,2081
4,4,2,604,2172
4,4,2,605,1962
4,4,2,606,1705
4,4,2,607,1255
4,4,2,608,981
4,4,2,609,2889
4,4,2,610,2080
4,4,2,611,2366
4,4,2,612,2069
4,4,2,613,2339
4,4,2,614,2234
4,4,2,615,2432
4,4,2,616,2158
4,4,2,617,2076
4,4,2,618,2000
4,4,2,619,2145
4,4,2,620,2403
4,4,2,621,916
4,4,2,622,2555
4,4,2,623,1675
4,4,2,624,2364
4,4,2,625,2044
4,4,2,626,2142
4,4,2,627,2067
4,4,2,628,2143
4,4,2,629,2011
4,4,2,630,2128
4,4,2,631,2191
4,4,2,632,2090
4,4,2,633,1948
4,4,2,634,2082
4,4,2,635,2104
4,4,2,636,1973
4,4,2,637,2095
4,4,2,638,2089
4,4,2,639,2720
4,4,2,640,2098
4,4,2,641,2307
4,4,2,642,2041
4,4,2,643,2161
4,4,2,644,1011
4,4,2,645,2640
4,4,2,646,1931
4,4,2,647,2391
4,4,2,648,2014
4,4,2,649,2077
4,4,2,650,2061
4,4,2,651,2164
4,4,2,652,1983
4,4,2,653,2283
4,4,2,654,2214
4,4,2,655,2137
4,4,2,656,2039
4,4,2,657,2227
4,4,2,658,2376
4,4,2,659,2235
4,4,2,660,2054
4,4,2,661,2039
4,4,2,662,1677
4,4,2,663,1263
4,4,2,664,1102
4,4,2,665,2721
4,4,2,666,1774
4,4,2,667,2066
4,4,2,668,996
4,4,2,669,2729
4,4,2,670,2453
4,4,2,671,1118
4,4,2,672,2725
4,4,2,673,1775
4,4,2,674,2356
4,4,2,675,2114
4,4,2,676,2139
4,4,2,677,2494
4,4,2,678,27078
4,4,2,679,2683
4,4,2,680,2438
4,4,2,681,2209
4,4,2,682,2173
4,4,2,683,2178
4,4,2,684,2110
4,4,2,685,2223
4,4,2,686,2126
4,4,2,687,2186
4,4,2,688,2206
4,4,2,689,926
4,4,2,690,2804
4,4,2,691,2091
4,4,2,692,2466
4,4,2,693,2317
4,4,2,694,2273
4,4,2,695,2129
4,4,2,696,1962
4,4,2,697,2000
4,4,2,698,2063
4,4,2,699,2523
4,4,2,700,2164
4,4,2,701,2093
4,4,2,702,2182
4,4,2,703,2209
4,4,2,704,2195
4,4,2,705,2126
4,4,2,706,2291
4,4,2,707,3091
4,4,2,708,1125
4,4,2,709,972
4,4,2,710,2826
4,4,2,711,2395
4,4,2,712,2534
4,4,2,713,2230
4,4,2,714,2356
4,4,2,715,2324
4,4,2,716,2002
4,4,2,717,2046
4,4,2,718,2057
4,4,2,719,2131
4,4,2,720,1986
4,4,2,721,2446
4,4,2,722,2210
4,4,2,723,2017
4,4,2,724,2106
4,4,2,725,3134
4,4,2,726,2330
4,4,2,727,2799
4,4,2,728,2061
4,4,2,729,2192
4,4,2,730,2063
4,4,2,731,1995
4,4,2,732,2070
4,4,2,733,2634
4,4,2,734,1631
4,4,2,735,2812
4,4,2,736,2118
4,4,2,737,2380
4,4,2,738,2180
4,4,2,739,1100
4,4,2,740,2591
4,4,2,741,2115
4,4,2,742,1191
4,4,2,743,956
4,4,2,744,2659
4,4,2,745,2129
4,4,2,746,2274
4,4,2,747,2206
4,4,2,748,2384
4,4,2,749,2188
4,4,2,750,2206
4,4,2,751,2480
4,4,2,752,1136
4,4,2,753,2919
4,4,2,754,1398
4,4,2,755,2311
4,4,2,756,2032
4,4,2,757,2284
4,4,2,758,2158
4,4,2,759,2166
4,4,2,760,2478
4,4,2,761,2399
4,4,2,762,2016
4,4,2,763,2083
4,4,2,764,2451
4,4,2,765,2597
4,4,2,766,2132
4,4,2,767,2381
4,4,2,768,2164
4,4,2,769,1998
4,4,2,770,2140
4,4,2,771,2020
4,4,2,772,2262
4,4,2,773,2112
4,4,2,774,2096
4,4,2,775,2503
4,4,2,776,2299
4,4,2,777,2183
4,4,2,778,2133
4,4,2,779,2054
4,4,2,780,2101
4,4,2,781,1940
4,4,2,782,2111
4,4,2,783,2128
4,4,2,784,2165
4,4,2,785,2128
4,4,2,786,2199
4,4,2,787,2198
4,4,2,788,2543
4,4,2,789,2376
4,4,2,790,2199
4,4,2,791,2201
4,4,2,792,2196
4,4,2,793,2167
4,4,2,794,2146
4,4,2,795,2088
4,4,2,796,2040
4,4,2,797,1225
4,4,2,798,2746
4,4,2,799,2130
4,4,2,800,2264
4,4,2,801,2258
4,4,2,802,2320
4,4,2,803,951
4,4,2,804,2168
4,4,2,805,2430
4,4,2,806,2089
4,4,2,807,2163
4,4,2,808,2088
4,4,2,809,2173
4,4,2,810,2074
4,4,2,811,2440
4,4,2,812,2124
4,4,2,813,2333
4,4,2,814,1169
4,4,2,815,1186
4,4,2,816,972
4,4,2,817,2520
4,4,2,818,2473
4,4,2,819,2176
4,4,2,820,2258
4,4,2,821,2272
4,4,2,822,1433
4,4,2,823,2974
4,4,2,824,2360
4,4,2,825,2327
4,4,2,826,2176
4,4,2,827,2329
4,4,2,828,2373
4,4,2,829,2168
4,4,2,830,2152
4,4,2,831,2187
4,4,2,832,2110
4,4,2,833,2243
4,4,2,834,2070
4,4,2,835,2127
4,4,2,836,2225
4,4,2,837,2424
4,4,2,838,2233
4,4,2,839,2093
4,4,2,840,2186
4,4,2,841,2262
4,4,2,842,2518
4,4,2,843,2217
4,4,2,844,2341
4,4,2,845,2152
4,4,2,846,2473
4,4,2,847,2443
4,4,2,848,1075
4,4,2,849,2414
4,4,2,850,1798
4,4,2,851,2152
4,4,2,852,2093
4,4,2,853,2028
4,4,2,854,1982
4,4,2,855,2043
4,4,2,856,1891
4,4,2,857,2131
4,4,2,858,2112
4,4,2,859,2058
4,4,2,860,2290
4,4,2,861,927
4,4,2,862,2280
4,4,2,863,2016
4,4,2,864,2099
4,4,2,865,2092
4,4,2,866,2093
4,4,2,867,923
4,4,2,868,957
4,4,2,869,2521
4,4,2,870,2216
4,4,2,871,2265
4,4,2,872,2089
4,4,2,873,2172
4,4,2,874,1994
4,4,2,875,2400
4,4,2,876,3557
4,4,2,877,2182
4,4,2,878,1991
4,4,2,879,2003
4,4,2,880,998
4,4,2,881,2382
4,4,2,882,1939
4,4,2,883,2083
4,4,2,884,2056
4,4,2,885,1923
4,4,2,886,2311
4,4,2,887,2338
4,4,2,888,2195
4,4,2,889,2048
4,4,2,890,2179
4,4,2,891,2030
4,4,2,892,1978
4,4,2,893,2157
4,4,2,894,1240
4,4,2,895,1256
4,4,2,896,2789
4,4,2,897,2205
4,4,2,898,2312
4,4,2,899,2090
4,4,2,900,2218
4,4,2,901,2224
4,4,2,902,2260
4,4,2,903,1948
4,4,2,904,2020
4,4,2,905,2059
4,4,2,906,2688
4,4,2,907,2295
4,4,2,908,2104
4,4,2,909,1999
4,4,2,910,2083
4,4,2,911,2032
4,4,2,912,1998
4,4,2,913,2496
4,4,2,914,1904
4,4,2,915,2038
4,4,2,916,2097
4,4,2,917,2164
4,4,2,918,2038
4,4,2,919,2127
4,4,2,920,1959
4,4,2,921,2056
4,4,2,922,2017
4,4,2,923,2331
4,4,2,924,2146
4,4,2,925,2273
4,4,2,926,2019
4,4,2,927,1168
4,4,2,928,917
4,4,2,929,936
4,4,2,930,2127
4,4,2,931,2146
4,4,2,932,2289
4,4,2,933,2154
4,4,2,934,2710
4,4,2,935,2246
4,4,2,936,2304
4,4,2,937,2726
4,4,2,938,2193
4,4,2,939,2417
4,4,2,940,2012
4,4,2,941,2114
4,4,2,942,2060
4,4,2,943,2139
4,4,2,944,1971
4,4,2,945,2466
4,4,2,946,1076
4,4,2,947,995
4,4,2,948,995
4,4,2,949,944
4,4,2,950,926
4,4,2,951,2935
4,4,2,952,1491
4,4,2,953,1215
4,4,2,954,2800
4,4,2,955,2167
4,4,2,956,2264
4,4,2,957,2247
4,4,2,958,1836
4,4,2,959,1191
4,4,2,960,944
4,4,2,961,1620
4,4,2,962,1095
4,4,2,963,1202
4,4,2,964,996
4,4,2,965,1131
4,4,2,966,990
4,4,2,967,3466
4,4,2,968,1086
4,4,2,969,987
4,4,2,970,1064
4,4,2,971,935
4,4,2,972,1313
4,4,2,973,956
4,4,2,974,1915
4,4,2,975,1473
4,4,2,976,1367
4,4,2,977,1527
4,4,2,978,1151
4,4,2,979,947
4,4,2,980,858
4,4,2,981,927
4,4,2,982,966
4,4,2,983,2065
4,4,2,984,1260
4,4,2,985,1065
4,4,2,986,922
4,4,2,987,1676
4,4,2,988,1166
4,4,2,989,1035
4,4,2,990,1348
4,4,2,991,1222
4,4,2,992,1008
4,4,2,993,927
4,4,2,994,939
4,4,2,995,913
4,4,2,996,941
4,4,2,997,984
4,4,2,998,4162
4,4,2,999,1693
